PeakID (cmd=annotatePeaks.pl /media/serlia/Storage 2/results-chipseq/rora-enrichment-found-regions-lazar-may-03-2020.bed mm10)	Chr	Start	End	Strand	Peak Score	Focus Ratio/Region Size	Annotation	Detailed Annotation	Distance to TSS	Nearest PromoterID	Entrez ID	Nearest Unigene	Nearest Refseq	Nearest Ensembl	Gene Name	Gene Alias	Gene Description	Gene Type
11.681963503360748	chr7	90132001	90132200	+	0	NA	intron (NM_001360867, intron 1 of 19)	intron (NM_001360867, intron 1 of 19)	1887	NM_001252522	233489	Mm.235175	NM_146194	ENSMUSG00000039361	Picalm	CALM|CLTH|PAP180|fit-1|fit1|mKIAA4114	phosphatidylinositol binding clathrin assembly protein	protein-coding
8.078726679086685	chr4	132035601	132036000	+	0	NA	intron (NM_183428, intron 1 of 20)	MTB_Mm|LTR|ERVL-MaLR	13278	NM_001128606	269587	Mm.30038	NM_183428	ENSMUSG00000028906	Epb41	4.1R|AI415518|D4Ertd442e|Elp-1|Elp1|Epb4.1|mKIAA4056	erythrocyte membrane protein band 4.1	protein-coding
3.2227376102326373	chr6	57581001	57583000	+	0	NA	intron (NM_025992, intron 1 of 22)	intron (NM_025992, intron 1 of 22)	1008	NM_025992	67138	Mm.297393	NM_025992	ENSMUSG00000029798	Herc6	1700121D12Rik|2510038N07Rik|4930427L17Rik|AI451296|CEB1|Herc5	hect domain and RLD 6	protein-coding
0.0-12	chr10	7726801	7727000	+	0	NA	intron (NM_011835, intron 1 of 10)	C-rich|Low_complexity|Low_complexity	900	NM_011835	23924	Mm.28127	NM_011835	ENSMUSG00000019794	Katna1	-	katanin p60 (ATPase-containing) subunit A1	protein-coding
1.346454416712125	chr10	78752401	78753000	+	0	NA	exon (NM_027630, exon 1 of 7)	exon (NM_027630, exon 1 of 7)	367	NM_027630	70976	Mm.188505	NM_027630	ENSMUSG00000078442	Ccdc105	4931413A09Rik	coiled-coil domain containing 105	protein-coding
9.632860581080118	chr7	104287801	104288400	+	0	NA	promoter-TSS (NM_001310602)	promoter-TSS (NM_001310602)	6	NM_001310602	667823	Mm.482375	NM_001310602	ENSMUSG00000060441	Trim5	EG667823|Gm8833	tripartite motif-containing 5	protein-coding
3.5374715899427733	chr11	98026401	98027600	+	0	NA	promoter-TSS (NM_009078)	promoter-TSS (NM_009078)	76	NM_009078	19921	Mm.10247	NM_009078	ENSMUSG00000017404	Rpl19	-	ribosomal protein L19	protein-coding
1.1260610588596534	chr4	133751601	133754800	+	0	NA	exon (NM_001080819, exon 1 of 20)	exon (NM_001080819, exon 1 of 20)	785	NM_001080819	93760	Mm.22478	NM_001080819	ENSMUSG00000007880	Arid1a	1110030E03Rik|BAF250a|Osa1|Smarcf1	AT rich interactive domain 1A (SWI-like)	protein-coding
1.63028284907341	chr12	99964001	99964200	+	0	NA	promoter-TSS (NM_146037)	promoter-TSS (NM_146037)	-399	NM_001164426	217826	Mm.312335	NM_146037	ENSMUSG00000045404	Kcnk13	BB085247|F730021E22Rik|Gm1570|Gm1685	potassium channel, subfamily K, member 13	protein-coding
2.6738716289401054	chr9	98985401	98985800	+	0	NA	promoter-TSS (NM_011810)	promoter-TSS (NM_011810)	-773	NM_001122851	23873	Mm.74605	NM_011810	ENSMUSG00000032463	Faim	-	Fas apoptotic inhibitory molecule	protein-coding
0.4049747223034501	chr8	46163201	46164000	+	0	NA	promoter-TSS (NM_025747)	promoter-TSS (NM_025747)	-51	NM_025747	66756	Mm.133623	NM_025747	ENSMUSG00000031631	Cfap97	1110068E21Rik|4933411K20Rik|AW049273|Kiaa1430	cilia and flagella associated protein 97	protein-coding
10.259359976010662	chr2	180701201	180702600	+	0	NA	intron (NM_177852, intron 1 of 14)	CpG	202	NM_001291433	23856	Mm.253836	NM_011805	ENSMUSG00000038914	Dido1	6720461J16Rik|D130048F08Rik|DATF-1|DIO-1|Datf1|dido	death inducer-obliterator 1	protein-coding
0.3945907652378082	chr8	25842001	25842200	+	0	NA	intron (NM_001080793, intron 1 of 15)	ORR1D2|LTR|ERVL-MaLR	-1313	NM_001359012	23808	Mm.27706	NM_011791	ENSMUSG00000031575	Ash2l	-	ASH2 like histone lysine methyltransferase complex subunit	protein-coding
0.0-49	chr13	44389201	44389600	+	0	NA	Intergenic	Intergenic	-50327	NR_045489	69491	Mm.392410	NR_045489	ENSMUSG00000098144	1700029N11Rik	-	RIKEN cDNA 1700029N11 gene	ncRNA
7.564720319584012	chr2	155929601	155930400	+	0	NA	exon (NM_001355443, exon 1 of 10)	exon (NM_001355443, exon 1 of 10)	310	NM_001355443	56046	Mm.158827	NM_018888	ENSMUSG00000005882	Uqcc1	2310079L17Rik|2410003P15Rik|3110038N19Rik|Bfzb|Bfzp|Cbp3|Uqcc	ubiquinol-cytochrome c reductase complex assembly factor 1	protein-coding
2.8117098668135663	chr11	72606801	72608600	+	0	NA	intron (NM_025985, intron 1 of 5)	CpG	439	NM_025985	67128	Mm.458052	NM_025985	ENSMUSG00000020794	Ube2g1	2700059C12Rik|AI256795|AU014992|AW552068|D130023C12Rik	ubiquitin-conjugating enzyme E2G 1	protein-coding
2.1204061210155487	chr14	26118201	26119200	+	0	NA	Intergenic	Intergenic	-4097	NM_001177538	100039227	Mm.428840	NM_001177538	ENSMUSG00000072675	Duxbl2	Gm10394	double homeobox B-like 2	protein-coding
0.0-44	chr2	60757001	60757200	+	0	NA	intron (NM_020296, intron 10 of 13)	intron (NM_020296, intron 10 of 13)	-34497	NM_001159564	16420	Mm.98193	NM_021359	ENSMUSG00000026971	Itgb6	2210409C20Rik|4831415H04Rik	integrin beta 6	protein-coding
0.7528376206755638-2	chr10	81460401	81461200	+	0	NA	3' UTR (NM_001311127, exon 11 of 11)	3' UTR (NM_001311127, exon 11 of 11)	12331	NM_001311127	319586	Mm.152689	NM_176954	ENSMUSG00000034818	Celf5	4930565A21Rik|Brunol5	CUGBP, Elav-like family member 5	protein-coding
1.4932145193219184	chr8	12671601	12672600	+	0	NA	promoter-TSS (NM_198031)	promoter-TSS (NM_198031)	0	NM_198031	259279	Mm.142095	NM_198031	ENSMUSG00000000759	Tubgcp3	GCP3|Spc98p	tubulin, gamma complex associated protein 3	protein-coding
6.978026196360588	chr14	54685801	54687400	+	0	NA	exon (NM_023190, exon 1 of 19)	exon (NM_023190, exon 1 of 19)	331	NM_023190	56215	Mm.297078	NM_019567	ENSMUSG00000022185	Acin1	2610036I19Rik|2610510L13Rik|Acinus|Acn|C79325|acinusL|acinusS|mKIAA0670	apoptotic chromatin condensation inducer 1	protein-coding
2.554260645274174	chrX	163957201	163959400	+	0	NA	exon (NM_009453, exon 1 of 11)	exon (NM_009453, exon 1 of 11)	366	NM_178794	22184	Mm.426178	NM_009453	ENSMUSG00000031370	Zrsr2	35kDa|5031411E02Rik|A230052C13Rik|C77286|U2af1-rs2|URP	zinc finger (CCCH type), RNA binding motif and serine/arginine rich 2	protein-coding
3.7161623323336244	chr2	92459001	92460600	+	0	NA	promoter-TSS (NM_211358)	promoter-TSS (NM_211358)	-6	NM_211358	228368	Mm.273990	NM_145832	ENSMUSG00000049922	Slc35c1	E430007K15Rik|fuct1	solute carrier family 35, member C1	protein-coding
2.6170518923236674	chr11	79992001	79994200	+	0	NA	promoter-TSS (NM_001163018)	promoter-TSS (NM_001163018)	-6	NM_199196	52615	Mm.283410	NM_199196	ENSMUSG00000017548	Suz12	2610028O16Rik|AI195385|AU016842|AW536442|D11Ertd530e|mKIAA0160	SUZ12 polycomb repressive complex 2 subunit	protein-coding
2.618490448842446	chr15	66560001	66561200	+	0	NA	intron (NM_172514, intron 1 of 9)	intron (NM_172514, intron 1 of 9)	446	NM_172514	213068	Mm.132299	NM_172514	ENSMUSG00000036944	Tmem71	AI661017|E430024D12	transmembrane protein 71	protein-coding
3.837617681494781	chr11	50209601	50211000	+	0	NA	intron (NM_001290769, intron 1 of 7)	CpG	520	NM_011018	18412	Mm.40828	NM_011018	ENSMUSG00000015837	Sqstm1	A170|OSF-6|Osi|STAP|STONE14|p62	sequestosome 1	protein-coding
1.0176287852227688	chr5	122516401	122516800	+	0	NA	Intergenic	Intergenic	-14375	NM_009722	11938	Mm.227583	NM_009722	ENSMUSG00000029467	Atp2a2	9530097L16Rik|D5Wsu150e|SERCA2|SERCA2B|Serca2a|mKIAA4195	ATPase, Ca++ transporting, cardiac muscle, slow twitch 2	protein-coding
0.38420678675174713-2	chr1	51472201	51472600	+	0	NA	intron (NM_028696, intron 4 of 5)	intron (NM_028696, intron 4 of 5)	5999	NM_001310549	109019	Mm.196290	NM_028696	ENSMUSG00000026107	Nabp1	4930434H03Rik|4930442A21Rik|4930488J04Rik|4933440J18Rik|5830411E10Rik|AI852561|Nbp1|Obfc2a|Ssb2	nucleic acid binding protein 1	protein-coding
4.458183353145917	chr3	66985601	66986200	+	0	NA	promoter-TSS (NM_001356273)	promoter-TSS (NM_001356273)	-67	NM_001356273	66880	Mm.316418	NM_025822	ENSMUSG00000034544	Rsrc1	1200013F24Rik|SRrp53	arginine/serine-rich coiled-coil 1	protein-coding
0.9380183772494396	chr9	62810801	62812000	+	0	NA	5' UTR (NM_010193, exon 1 of 2)	5' UTR (NM_010193, exon 1 of 2)	248	NM_010193	14155	Mm.24069	NM_010193	ENSMUSG00000032244	Fem1b	mKIAA0396	feminization 1 homolog b (C. elegans)	protein-coding
1.1630043238401413	chr8	34690201	34690400	+	0	NA	Intergenic	Intergenic	-49984	NR_040706	330734	Mm.149998	NR_040706	ENSMUSG00000109819	B930018H19Rik	B930018H19	RIKEN cDNA B930018H19 gene	ncRNA
1.0037834992011387-2	chr4	132329001	132329600	+	0	NA	intron (NM_027925, intron 1 of 8)	intron (NM_027925, intron 1 of 8)	238	NM_027925	71787	Mm.239183	NM_027925	ENSMUSG00000028898	Trnau1ap	1110007F05Rik|AA387999|Secp43|Trspap1|WI1-2643G14.2	tRNA selenocysteine 1 associated protein 1	protein-coding
0.0-4	chr7	45217201	45217400	+	0	NA	exon (NM_001285498, exon 2 of 12)	exon (NM_001285498, exon 2 of 12)	1547	NM_001285498	21677	Mm.3019	NM_011565	ENSMUSG00000030796	Tead2	ETEF-1|ETF|Etdf|TEAD-2|TEF-4|TEF4	TEA domain family member 2	protein-coding
2.9594307236373423	chr18	90509801	90510800	+	0	NA	5' UTR (NM_198295, exon 1 of 16)	5' UTR (NM_198295, exon 1 of 16)	146	NM_198295	67988	Mm.268041	NM_198295	ENSMUSG00000024614	Tmx3	6430411B10Rik|A730024F05Rik|AV259382|Txndc10|mKIAA1830	thioredoxin-related transmembrane protein 3	protein-coding
3.437093184143305	chr7	141096001	141097000	+	0	NA	intron (NM_023059, intron 1 of 9)	RLTR20A4|LTR|ERVK	4046	NM_023059	24058	Mm.38017	NM_023059	ENSMUSG00000025494	Sigirr	AI256711|TIR8	single immunoglobulin and toll-interleukin 1 receptor (TIR) domain	protein-coding
20.27971449162845-2	chr1	88286201	88292200	+	0	NA	Intergenic	Tigger7|DNA|TcMar-Tigger	-11621	NM_198652	381280	Mm.384762	NM_198652	ENSMUSG00000044783	Hjurp	6430706D22Rik|A730008H23Rik|C330011F01Rik|Gm975|Mfleg1	Holliday junction recognition protein	protein-coding
5.352935269474983	chr17	25727001	25727800	+	0	NA	promoter-TSS (NM_145409)	promoter-TSS (NM_145409)	15	NM_145409	214901	Mm.102540	NM_145409	ENSMUSG00000019214	Chtf18	6030457M03Rik|CTF18|Chl12	CTF18, chromosome transmission fidelity factor 18	protein-coding
36.12063062377274	chr6	47744201	47744600	+	0	NA	promoter-TSS (NR_002841).2	promoter-TSS (NR_002841).2	-169	NR_002841	19799		NR_002841		Rn4.5s	-	4.5S RNA	rRNA
4.916808570424716	chr5	143909201	143910400	+	0	NA	promoter-TSS (NM_001172146)	promoter-TSS (NM_001172146)	39	NM_146165	231872	Mm.200499	NM_146165	ENSMUSG00000029610	Aimp2	AA407136|AA407225|Aimp2(p38)|Jtv1	aminoacyl tRNA synthetase complex-interacting multifunctional protein 2	protein-coding
1.683684975639808	chr6	119478801	119482600	+	0	NA	exon (NM_133940, exon 1 of 1)	exon (NM_133940, exon 1 of 1)	1032	NM_133940	101358	Mm.125477	NM_133940	ENSMUSG00000030019	Fbxl14	AW322056|Fbx14l	F-box and leucine-rich repeat protein 14	protein-coding
5.046036785026682	chr8	117672401	117674200	+	0	NA	intron (NM_001357272, intron 1 of 3)	intron (NM_001357272, intron 1 of 3)	389	NM_001357273	74032	Mm.296302	NM_028725	ENSMUSG00000034308	Sdr42e1	4632417N05Rik|AI117603	short chain dehydrogenase/reductase family 42E, member 1	protein-coding
2.123521327972412	chr7	141164001	141164400	+	0	NA	intron (NM_001172101, intron 3 of 9)	intron (NM_001172101, intron 3 of 9)	4486	NM_001172101	107702	Mm.197493	NM_145135	ENSMUSG00000038650	Rnh1	AW546468|C80305|RNH	ribonuclease/angiogenin inhibitor 1	protein-coding
4.283386553327243	chr6	120674001	120675200	+	0	NA	intron (NM_001128151, intron 1 of 18)	intron (NM_001128151, intron 1 of 18)	8286	NM_001368706	330409	Mm.333357	NM_001128151	ENSMUSG00000071226	Cecr2	2610101O16Rik|2810409N01Rik|Gtl4	CECR2, histone acetyl-lysine reader	protein-coding
2.104484045257171	chr19	61200001	61200600	+	0	NA	Intergenic	MURVY-LTR|LTR|ERV1	-23991	NM_001177513	633057	Mm.426097	NM_001177513	ENSMUSG00000094649	Gm7102	EG633057	predicted gene 7102	protein-coding
10.648758665658534	chr17	32946801	32947600	+	0	NA	intron (NM_130882, intron 1 of 12)	intron (NM_130882, intron 1 of 12)	161	NM_130882	170716	Mm.254838	NM_130882	ENSMUSG00000024055	Cyp4f13	0610030I10Rik|Cypf13	cytochrome P450, family 4, subfamily f, polypeptide 13	protein-coding
1.4807537607848644	chr12	87199401	87200400	+	0	NA	promoter-TSS (NM_001290288)	promoter-TSS (NM_001290288)	329	NM_001033475	382620	Mm.374912	NM_001033475	ENSMUSG00000034111	Tmed8	6430595O10Rik|AI447224|Gm1184|Mem1	transmembrane p24 trafficking protein 8	protein-coding
4.681092546880246	chr14	76505201	76506200	+	0	NA	intron (NM_001177751, intron 2 of 2)	intron (NM_001177751, intron 2 of 2)	1190	NM_009366	21807	Mm.153272	NM_009366	ENSMUSG00000022010	Tsc22d1	AA589566|AW105905|Egr5|TSC-22|Tgfb1i4|Tsc|Tsc22	TSC22 domain family, member 1	protein-coding
3.2813336551189423	chr3	69043001	69043200	+	0	NA	intron (NM_025863, intron 2 of 2)	intron (NM_025863, intron 2 of 2)	1642	NM_025863	66949	Mm.176695	NM_025863	ENSMUSG00000034317	Trim59	2310035M22Rik|2700022F13Rik|Mrf1|TSBF1	tripartite motif-containing 59	protein-coding
1.8743061448136966	chr1	60566201	60567400	+	0	NA	promoter-TSS (NM_001045513)	promoter-TSS (NM_001045513)	-35	NM_001045513	77300	Mm.440325	NM_001045513	ENSMUSG00000026014	Raph1	9430025M21Rik|C730009O10Rik|Lpd	Ras association (RalGDS/AF-6) and pleckstrin homology domains 1	protein-coding
3.746016222052276	chr6	85587001	85588600	+	0	NA	exon (NM_145223, exon 1 of 23)	exon (NM_145223, exon 1 of 23)	269	NM_145223	236266	Mm.246967	NM_145223	ENSMUSG00000063810	Alms1	bbb	ALMS1, centrosome and basal body associated	protein-coding
0.7528376281261444-4	chr7	106643601	106644000	+	0	NA	intron (NM_001277182, intron 1 of 3)	intron (NM_001277182, intron 1 of 3)	845	NM_001277180	434223	Mm.276443	NM_001277179		Gm1966	-	predicted gene 1966	protein-coding
2.5651140640307073	chr16	94568601	94571400	+	0	NA	promoter-TSS (NM_007890)	promoter-TSS (NM_007890)	-206	NM_007890	13548	Mm.310973	NM_007890	ENSMUSG00000022897	Dyrk1a	2310043O08Rik|D16Ertd272e|D16Ertd493e|Dyrk|Gm10783|Mnbh|Mp86|mmb	dual-specificity tyrosine-(Y)-phosphorylation regulated kinase 1a	protein-coding
4.870080754160881	chr7	140137601	140138000	+	0	NA	intron (NM_199301, intron 1 of 10)	CpG	236	NM_199301	212508	Mm.296088	NM_199301	ENSMUSG00000039018	Mtg1	Gm169|Gtpbp7	mitochondrial ribosome-associated GTPase 1	protein-coding
0.8431781396269799	chr1	128358801	128359800	+	0	NA	intron (NM_001313695, intron 1 of 15)	PB1D10|SINE|Alu	405	NM_001313695	17219	Mm.4933	NM_008567	ENSMUSG00000026355	Mcm6	ASP-l1|D1Wsu22e|Mcmd6	minichromosome maintenance complex component 6	protein-coding
6.178297907464184	chr8	20129401	20132200	+	0	NA	Intergenic	Intergenic	166632	NR_030708	547150	Mm.359054	NR_030708	ENSMUSG00000071796	6820431F20Rik	-	cadherin 11 pseudogene	pseudo
9.750545469423136	chr4	99929201	99930400	+	0	NA	exon (NM_028132, exon 1 of 11)	exon (NM_028132, exon 1 of 11)	349	NM_028132	72157	Mm.217764	NM_028132	ENSMUSG00000025791	Pgm2	2610020G18Rik|AA407108|AI098105|Pgm-2|Pgm1	phosphoglucomutase 2	protein-coding
3.4163252860307693	chr11	20558001	20558400	+	0	NA	intron (NM_021372, intron 1 of 1)	intron (NM_021372, intron 1 of 1)	15034	NM_021372	58172	Mm.339676	NM_021372	ENSMUSG00000049800	Sertad2	AB041541|AU021878|Kiaa0127|MNCb-1504|SEI-2|Sei2|TRIP-Br2|mKIAA0127	SERTA domain containing 2	protein-coding
4.696149313822389	chr9	15306001	15306800	+	0	NA	promoter-TSS (NM_001199484)	promoter-TSS (NM_001199484)	48	NM_001199484	70984	Mm.261842	NM_133732	ENSMUSG00000031938	4931406C07Rik	-	RIKEN cDNA 4931406C07 gene	protein-coding
0.1661434769630432	chr1	69648001	69648200	+	0	NA	intron (NM_011770, intron 3 of 7)	intron (NM_011770, intron 3 of 7)	37860	NM_011770	22779	Mm.106343	NM_011770	ENSMUSG00000025997	Ikzf2	A730095J18Rik|Helios|Zfpn1a2|Znfn1a2	IKAROS family zinc finger 2	protein-coding
4.382034327834845-2	chr7	126199401	126200800	+	0	NA	5' UTR (NM_001311143, exon 1 of 24)	5' UTR (NM_001311143, exon 1 of 24)	401	NM_001311143	74204	Mm.235663	NM_028816	ENSMUSG00000000131	Xpo6	2610005L19Rik|AL022631|C230091E20Rik|R75304|Ranbp20|exp6|mKIAA0370	exportin 6	protein-coding
3.011350594460964	chr1	53352201	53352600	+	0	NA	intron (NM_001353501, intron 1 of 3)	intron (NM_001353501, intron 1 of 3)	352	NM_001290984	70396	Mm.285783	NM_133728	ENSMUSG00000026095	Asnsd1	2210409M21Rik	asparagine synthetase domain containing 1	protein-coding
5.3119818986975496	chr15	59647401	59650800	+	0	NA	5' UTR (NM_144549, exon 1 of 3)	5' UTR (NM_144549, exon 1 of 3)	446	NM_144549	211770	Mm.40298	NM_144549	ENSMUSG00000032501	Trib1	A530090O15Rik|TRB-1|Trb1	tribbles pseudokinase 1	protein-coding
8.46985616783301	chr9	63989801	63990400	+	0	NA	intron (NM_008542, intron 3 of 3)	intron (NM_008542, intron 3 of 3)	31959	NM_008542	17130	Mm.325757	NM_008542	ENSMUSG00000036867	Smad6	Madh6|b2b390Clo	SMAD family member 6	protein-coding
6.406907953321934	chr13	3610001	3611400	+	0	NA	intron (NM_001360838, intron 1 of 19)	CpG	408	NM_001360838	105203	Mm.221609	NM_134063	ENSMUSG00000033799	Tasor2	AI645998|Fam208b|Pap20|mKIAA2006	transcription activation suppressor family member 2	protein-coding
4.641633393242955	chr2	117490201	117490600	+	0	NA	Intergenic	Lx4A|LINE|L1	-147523	NM_011246	19419	Mm.42150	NM_011246	ENSMUSG00000027347	Rasgrp1	Rasgrp|calDAG-GEFII	RAS guanyl releasing protein 1	protein-coding
10.456655219197273	chr11	26387001	26387400	+	0	NA	non-coding (NR_102382, exon 1 of 12)	non-coding (NR_102382, exon 1 of 12)	116	NR_102382	67030	Mm.18875	NM_025923	ENSMUSG00000004018	Fancl	2010322C19Rik|AW554273|B230118H11Rik|Phf9|Pog|gcd	Fanconi anemia, complementation group L	protein-coding
5.471052890643477	chr7	105952601	105954200	+	0	NA	intron (NM_001243039, intron 1 of 3).2	intron (NM_001243039, intron 1 of 3).2	567	NM_001243040	100042856	Mm.425473	NM_001243039	ENSMUSG00000078606	Gm4070	VLIG-1	predicted gene 4070	protein-coding
9.333456180368861	chr2	61593001	61594200	+	0	NA	intron (NR_149324, intron 1 of 9)	intron (NR_149324, intron 1 of 9)	503	NM_001164072	21353	Mm.244393	NM_011529	ENSMUSG00000064289	Tank	C86182|E430026L09Rik|I-TRAF	TRAF family member-associated Nf-kappa B activator	protein-coding
1.0550110757350921	chr8	22593201	22594200	+	0	NA	5' UTR (NM_011696, exon 1 of 9)	5' UTR (NM_011696, exon 1 of 9)	113	NM_001198998	22335	Mm.227704	NM_011696	ENSMUSG00000008892	Vdac3	-	voltage-dependent anion channel 3	protein-coding
3.4474772134174905	chr1	59481601	59482800	+	0	NA	promoter-TSS (NM_008057)	promoter-TSS (NM_008057)	53	NM_008057	14369	Mm.297906	NM_008057	ENSMUSG00000041075	Fzd7	Fz7	frizzled class receptor 7	protein-coding
3.4695431608706713	chr3	157946801	157948400	+	0	NA	exon (NM_001013806, exon 1 of 13)	exon (NM_001013806, exon 1 of 13)	600	NM_001359909	433667	Mm.265806	NM_001013806	ENSMUSG00000039988	Ankrd13c	AI505652|AU022220	ankyrin repeat domain 13c	protein-coding
3.9605372706367867	chr17	35120601	35122400	+	0	NA	promoter-TSS (NM_001303445)	promoter-TSS (NM_001303445)	4	NM_001128597	81845	Mm.7405	NM_032460	ENSMUSG00000092417	Gpank1	Bat-4|Bat4|D17H6S54E|G5	G patch domain and ankyrin repeats 1	protein-coding
7.798359453678131	chr5	123898001	123898200	+	0	NA	Intergenic	B4|SINE|B4	-9175	NM_026603	68184	Mm.28549	NM_026603	ENSMUSG00000023106	Denr	1500003K04Rik	density-regulated protein	protein-coding
1.085573464847856	chr13	51791801	51794000	+	0	NA	intron (NM_001281880, intron 1 of 16)	CpG	847	NM_001281880	20354	Mm.33903	NM_013660	ENSMUSG00000021451	Sema4d	CD100|Semacl2|Semaj|Semcl2|coll-4	sema domain, immunoglobulin domain (Ig), transmembrane domain (TM) and short cytoplasmic domain, (semaphorin) 4D	protein-coding
3.322869546711445	chr11	48989201	48989400	+	0	NA	intron (NM_011579, intron 1 of 1)	Lx9|LINE|L1	2946	NM_011579	21822	Mm.15793	NM_011579	ENSMUSG00000078922	Tgtp1	Gtp2|Ifggb6|Irgb6|Mg21|Tgtp|Tgtp2	T cell specific GTPase 1	protein-coding
0.4922000467777252	chr7	45376201	45377200	+	0	NA	exon (NM_009224, exon 10 of 10)	exon (NM_009224, exon 10 of 10)	-6136	NM_011698	22342	Mm.20472	NM_011698	ENSMUSG00000003872	Lin7b	LIN-7B|MALS-2|Veli2	lin-7 homolog B (C. elegans)	protein-coding
3.178920679627421	chr11	93884801	93887000	+	0	NA	promoter-TSS (NM_001346525)	promoter-TSS (NM_001346525)	50	NM_001363336	103537	Mm.210334	NM_134012	ENSMUSG00000059474	Mbtd1	AA408199|AI194990|hemp	mbt domain containing 1	protein-coding
7.3648288724943995	chr12	73286401	73287200	+	0	NA	promoter-TSS (NM_029580)	promoter-TSS (NM_029580)	-48	NM_001037717	625098	Mm.32075	NM_001037717	ENSMUSG00000044712	Slc38a6	AW322671|EG625098	solute carrier family 38, member 6	protein-coding
3.0874996098379293	chr9	107872001	107873200	+	0	NA	intron (NM_029169, intron 1 of 20)	CpG	219	NM_029169	19654	Mm.139926	NM_011251	ENSMUSG00000032582	Rbm6	4930506F14Rik|Def-3|NY-LU-12|g16|mKIAA4015	RNA binding motif protein 6	protein-coding
5.256883542984724	chr12	8921601	8923200	+	0	NA	intron (NM_008640, intron 1 of 6)	CpG	1093	NM_008640	17775	Mm.30071	NM_008640	ENSMUSG00000020585	Laptm4a	AA286466|LAPTM4|MTP|Mtrp|mKIAA0108	lysosomal-associated protein transmembrane 4A	protein-coding
3.8732197880744934	chr13	19342001	19342200	+	0	NA	Intergenic	Intergenic	53713	NM_001347485	76205	Mm.41940	NM_024270	ENSMUSG00000003062	Stard3nl	0610035N01Rik|6530409L22Rik|AW124774|MENTHO	STARD3 N-terminal like	protein-coding
1.0037835041681926-2	chr4	140872801	140873400	+	0	NA	intron (NR_040654, intron 1 of 2)	intron (NR_040654, intron 1 of 2)	407	NR_040654	75128	Mm.67085	NR_040654	ENSMUSG00000087045	4930515B02Rik	-	RIKEN cDNA 4930515B02 gene	ncRNA
4.446068766216437	chr19	10605201	10606400	+	0	NA	intron (NM_015735, intron 1 of 26)	CpG	203	NM_015735	13194	Mm.289915	NM_015735	ENSMUSG00000024740	Ddb1	127kDa|AA408517|p127-Ddb1	damage specific DNA binding protein 1	protein-coding
1.5056752590462565	chr11	115366001	115366800	+	0	NA	intron (NM_175454, intron 1 of 18)	intron (NM_175454, intron 1 of 18)	1319	NM_175454	217310	Mm.205707	NM_175454	ENSMUSG00000034586	Hid1	C630004H02Rik	HID1 domain containing	protein-coding
8.097417835891246	chr7	104352601	104353600	+	0	NA	intron (NM_175677, intron 1 of 7)	intron (NM_175677, intron 1 of 7)	249	NM_175677	319236	Mm.425502	NM_175677	ENSMUSG00000057143	Trim12c	9230105E10Rik|Trim12-2	tripartite motif-containing 12C	protein-coding
1.505675245076418-2	chr4	124985401	124985600	+	0	NA	promoter-TSS (NM_138683)	promoter-TSS (NM_138683)	-930	NM_138683	192199	Mm.42202	NM_138683	ENSMUSG00000028871	Rspo1	R-spondin|Rspondin	R-spondin 1	protein-coding
11.8406898443188	chr13	23562001	23563400	+	0	NA	promoter-TSS (NM_178205)	promoter-TSS (NM_178205)	-335	NM_178205	319151	Mm.261658	NM_178205	ENSMUSG00000069273	Hist1h3e	H3-f|H3.1	histone cluster 1, H3e	protein-coding
3.3462334936484694	chr18	7626001	7627600	+	0	NA	promoter-TSS (NM_001161620)	promoter-TSS (NM_001161620)	63	NM_001081287	75739	Mm.133293	NM_001081287	ENSMUSG00000057440	Mpp7	1110068J02Rik|2810038M04Rik|5430426E14Rik|AI415104|Gm955	membrane protein, palmitoylated 7 (MAGUK p55 subfamily member 7)	protein-coding
1.2616520170122385	chr12	99633801	99634200	+	0	NA	Intergenic	Intergenic	-6026	NR_045288	73457	Mm.383439	NR_045288	ENSMUSG00000100211	1700064M15Rik	-	RIKEN cDNA 1700064M15 gene	ncRNA
0.8233002716941493	chr13	107021401	107022800	+	0	NA	promoter-TSS (NM_001145779)	promoter-TSS (NM_001145779)	14	NM_001145779	16563	Mm.355686	NM_008442	ENSMUSG00000021693	Kif2a	C530030B14Rik|Kif2|Kns2|M-kinesin	kinesin family member 2A	protein-coding
12.429609179496765	chr7	73542001	73542200	+	0	NA	promoter-TSS (NM_001081345)	promoter-TSS (NM_001081345)	-354	NM_001081345	244059	Mm.34539	NM_001081345	ENSMUSG00000078671	Chd2	2810013C04Rik|2810040A01Rik|5630401D06Rik|AI851092|BC029703|CHD-2	chromodomain helicase DNA binding protein 2	protein-coding
7.344926317532857	chr18	32147601	32148200	+	0	NA	Intergenic	Intergenic	-8330	NM_001042767	19123	Mm.2786	NM_008934	ENSMUSG00000024386	Proc	PC	protein C	protein-coding
0.10383967310190201	chr19	16205601	16205800	+	0	NA	intron (NM_008139, intron 1 of 6)	intron (NM_008139, intron 1 of 6)	41602	NR_033228	595139	Mm.405662	NR_033228		E030024N20Rik	9030417F11Rik|Ppia-ps8	peptidylprolyl isomerase A pseudogene 8	pseudo
10.80971015493075	chr14	55094601	55095200	+	0	NA	5' UTR (NM_153083, exon 1 of 2)	5' UTR (NM_153083, exon 1 of 2)	116	NM_153083	105663	Mm.319204	NM_153083	ENSMUSG00000045691	Thtpa	AW122966	thiamine triphosphatase	protein-coding
1.5056752562522888-2	chr4	116995201	116995600	+	0	NA	promoter-TSS (NM_009478)	promoter-TSS (NM_009478)	66	NM_175244	76608	Mm.251420	NM_175244	ENSMUSG00000046861	Hectd3	1700064K09Rik|AI467540|AW743312	HECT domain E3 ubiquitin protein ligase 3	protein-coding
4.079168560604255	chr10	42501801	42503000	+	0	NA	exon (NM_017472, exon 1 of 4)	exon (NM_017472, exon 1 of 4)	346	NM_017472	54198	Mm.277870	NM_017472	ENSMUSG00000019804	Snx3	SDP3	sorting nexin 3	protein-coding
1.427795497700572	chr7	101559601	101560000	+	0	NA	intron (NR_033804, intron 1 of 3)	intron (NR_033804, intron 1 of 3)	1065	NR_033804	11871	Mm.439746	NM_007490	ENSMUSG00000092517	Art2a	ARTC2|Art2a-ps|Ly92a|Rt-6|Rt6|Rt6-1	ADP-ribosyltransferase 2a	protein-coding
3.690758723233427	chr19	11911801	11913200	+	0	NA	5' UTR (NM_172635, exon 1 of 19)	5' UTR (NM_172635, exon 1 of 19)	101	NM_172635	225929	Mm.42711	NM_172635	ENSMUSG00000046139	Patl1	AV312086|Pat1b	protein associated with topoisomerase II homolog 1 (yeast)	protein-coding
3.1986245135809956	chr4	146443201	146466400	+	0	NA	intron (NM_001085522, intron 1 of 3)	intron (NM_001085522, intron 1 of 3)	5770	NM_001085522	433791	Mm.276881	NM_001085522	ENSMUSG00000070605	Zfp992	Gm13251	zinc finger protein 992	protein-coding
5.111403141399485	chr3	92277801	92282400	+	0	NA	Intergenic	Intergenic	-5204	NM_001309382	100042514	Mm.6853	NM_001309382	ENSMUSG00000074445	Sprr2a3	Sprr2a|Sprr2a1	small proline-rich protein 2A3	protein-coding
0.8982131779193878	chr16	94371001	94371800	+	0	NA	promoter-TSS (NM_001159617)	promoter-TSS (NM_001159617)	-385	NM_019543	56176	Mm.474449	NM_019543	ENSMUSG00000022940	Pigp	Dcrc|Dscr5	phosphatidylinositol glycan anchor biosynthesis, class P	protein-coding
2.42426365988807	chr2	151493001	151495000	+	0	NA	promoter-TSS (NM_001291074)	promoter-TSS (NM_001291074)	-182	NM_001291074	386649	Mm.419479	NM_198326	ENSMUSG00000027455	Nsfl1c	Munc-18c|Stxbp3a|p47	NSFL1 (p97) cofactor (p47)	protein-coding
5.168619765900075	chr4	143161601	143162400	+	0	NA	intron (NM_001081355, intron 6 of 9)	CpG	-25838	NR_105988	102465618		NR_105988	ENSMUSG00000106597	Mir7021	mmu-mir-7021	microRNA 7021	ncRNA
2.305240720510483-2	chr1	38408401	38408600	+	0	NA	intron (NM_001290814, intron 4 of 21)	intron (NM_001290814, intron 4 of 21)	218744	NM_001290814	16764	Mm.336679	NM_010678	ENSMUSG00000037138	Aff3	3222402O04Rik|A730046J16|LAF-4|Laf4	AF4/FMR2 family, member 3	protein-coding
4.094497195693112	chr7	30590201	30592000	+	0	NA	exon (NM_021397, exon 2 of 6)	exon (NM_021397, exon 2 of 6)	1720	NR_106134	102465774		NR_106134	ENSMUSG00000098553	Mir3569	Gm27279|mmu-mir-3569	microRNA 3569	ncRNA
1.0085605502179154	chr10	120197001	120198800	+	0	NA	intron (NM_001359184, intron 1 of 11)	intron (NM_001359184, intron 1 of 11)	3697	NR_152856	73914	Mm.146194	NM_028679	ENSMUSG00000020227	Irak3	4833428C18Rik|AI563835|IRAK-M	interleukin-1 receptor-associated kinase 3	protein-coding
0.7391110163522405	chrX	159708401	159713400	+	0	NA	intron (NR_110969, intron 1 of 16)	intron (NR_110969, intron 1 of 16)	2299	NR_110970	58194	Mm.286495	NM_021389	ENSMUSG00000040990	Sh3kbp1	1200007H22Rik|1700125L08Rik|5830464D22Rik|AI447724|Cin85|IN85|Ruk|Seta	SH3-domain kinase binding protein 1	protein-coding
5.092545297811493	chr3	135437801	135441200	+	0	NA	promoter-TSS (NR_030689)	promoter-TSS (NR_030689)	374	NM_001356597	66105	Mm.49884	NM_025356	ENSMUSG00000078578	Ube2d3	1100001F19Rik|9430029A22Rik|AA414951	ubiquitin-conjugating enzyme E2D 3	protein-coding
1.867034359161702	chr7	35176401	35178200	+	0	NA	Intergenic	Intergenic	-9085	NM_017394	53896	Mm.35567	NM_017394	ENSMUSG00000030495	Slc7a10	AL024237|Asc-1|D7Bwg0847e	solute carrier family 7 (cationic amino acid transporter, y+ system), member 10	protein-coding
9.968608847260475	chr11	86544401	86545400	+	0	NA	promoter-TSS (NM_028259)	promoter-TSS (NM_028259)	-91	NM_001199045	56427	Mm.383207	NM_019756	ENSMUSG00000020513	Tubd1	4930550G19Rik|Tubd	tubulin, delta 1	protein-coding
2.725791424512863	chr13	55017801	55018200	+	0	NA	intron (NM_001206392, intron 1 of 17)	intron (NM_001206392, intron 1 of 17)	2819	NM_001206391	212032	Mm.267479	NM_001033245	ENSMUSG00000025877	Hk3	HK III|HK-III	hexokinase 3	protein-coding
2.4635962806642056	chr2	32539601	32540400	+	0	NA	intron (NM_153560, intron 1 of 10)	intron (NM_153560, intron 1 of 10)	4641	NM_153560	98952	Mm.4065	NM_153560	ENSMUSG00000039157	Fam102a	AI426465|C230093N12Rik|Eeig1	family with sequence similarity 102, member A	protein-coding
3.4892052177618895	chr3	60500801	60502800	+	0	NA	intron (NM_001253709, intron 1 of 8)	intron (NM_001253709, intron 1 of 8)	621	NM_001310514	56758	Mm.255723	NM_020007	ENSMUSG00000027763	Mbnl1	Mbnl|mKIAA0428	muscleblind like splicing factor 1	protein-coding
4.060131341218948	chr16	4674201	4674400	+	0	NA	intron (NM_030205, intron 3 of 27)	intron (NM_030205, intron 3 of 27)	5420	NM_030205	78885	Mm.325512	NM_030205	ENSMUSG00000039637	Coro7	0610011B16Rik|AW048373|AW556392	coronin 7	protein-coding
1.3758756667375565	chr9	75414201	75414600	+	0	NA	intron (NR_040719, intron 3 of 3)	intron (NR_040719, intron 3 of 3)	4216	NR_040719	71274	Mm.399152	NR_040719	ENSMUSG00000097021	4933433G15Rik	4921522K19Rik	RIKEN cDNA 4933433G15 gene	ncRNA
5.485330851748586	chr12	70452801	70453600	+	0	NA	promoter-TSS (NM_028339)	promoter-TSS (NM_028339)	46	NM_028339	72736	Mm.204670	NM_028339	ENSMUSG00000021072	Tmx1	2810425A04Rik|Txndc1	thioredoxin-related transmembrane protein 1	protein-coding
4.260888025164604	chr8	126945001	126946200	+	0	NA	intron (NM_024214, intron 1 of 4)	CpG	321	NM_024214	67952	Mm.6932	NM_024214	ENSMUSG00000093904	Tomm20	1810060K07Rik|BB284719|Gm19268|MAS20|MOM19|TOM20|mKIAA0016	translocase of outer mitochondrial membrane 20	protein-coding
10.896243320157131-2	chr15	76243001	76243600	+	0	NA	5' UTR (NM_001163576, exon 1 of 10)	5' UTR (NM_001163576, exon 1 of 10)	140	NM_001163575	671535	Mm.373750	NM_001163575	ENSMUSG00000063268	Parp10	ARTD10|PARP-10	poly (ADP-ribose) polymerase family, member 10	protein-coding
7.113017809577286	chr12	85279801	85280600	+	0	NA	intron (NM_001364360, intron 1 of 2)	intron (NM_001364360, intron 1 of 2)	235	NM_025421	66204	Mm.311985	NM_025421	ENSMUSG00000008822	Acyp1	1110039O14Rik|AI325944	acylphosphatase 1, erythrocyte (common) type	protein-coding
5.70420845521554	chr18	46522801	46526600	+	0	NA	5' UTR (NM_173423, exon 2 of 3)	5' UTR (NM_173423, exon 2 of 3)	1271	NM_173423	240263	Mm.38249	NM_173423	ENSMUSG00000033319	Fem1c	2610312A07Rik|3632443A22Rik|AI646567	fem-1 homolog c (C.elegans)	protein-coding
5.119296044111252	chr8	90877201	90877400	+	0	NA	intron (NM_177224, intron 2 of 39)	intron (NM_177224, intron 2 of 39)	48465	NM_177224	109151	Mm.100615	NM_177224	ENSMUSG00000056608	Chd9	1810014J18Rik|9030205D12Rik|A330063D19Rik|AD013|PRIC320|mKIAA0308	chromodomain helicase DNA binding protein 9	protein-coding
3.023465154071649	chr1	66700401	66701600	+	0	NA	exon (NM_001310642, exon 1 of 7)	exon (NM_001310642, exon 1 of 7)	169	NM_001310644	66646	Mm.240912	NM_025683	ENSMUSG00000026005	Rpe	2810429B02Rik|5730518J08Rik	ribulose-5-phosphate-3-epimerase	protein-coding
0.0-50	chr10	100542801	100543200	+	0	NA	intron (NM_146009, intron 36 of 53)	intron (NM_146009, intron 36 of 53)	46259	NM_175128	68281	Mm.268474	NM_175128	ENSMUSG00000046567	4930430F08Rik	4930571E09Rik|A730088G13Rik|AW551239|C430008C19Rik	RIKEN cDNA 4930430F08 gene	protein-coding
0.1765274554491043-2	chr13	5697601	5697800	+	0	NA	Intergenic	L1_Mus3|LINE|L1	160392	NR_045891	71867	Mm.179181	NR_045891	ENSMUSG00000100625	1700016G22Rik	-	RIKEN cDNA 1700016G22 gene	ncRNA
1.028012752532959	chr18	38627601	38627800	+	0	NA	Intergenic	B3|SINE|B2	-26353	NM_011898	24066	Mm.42038	NM_011898	ENSMUSG00000024427	Spry4	A030006O18Rik|sprouty4	sprouty RTK signaling antagonist 4	protein-coding
0.643805980682373	chr10	78402601	78402800	+	0	NA	exon (NM_010925, exon 10 of 13)	exon (NM_010925, exon 10 of 13)	5845	NR_105872	102465547		NR_105872	ENSMUSG00000098376	Mir6907	Gm27351|mmu-mir-6907	microRNA 6907	ncRNA
0.5918861329555511-2	chr17	36163801	36164000	+	0	NA	TTS (NM_001081032)	TTS (NM_001081032)	4637	NM_001081032	667977	Mm.441651	NM_001081032	ENSMUSG00000073402	Gm8909	EG667977|H2-Tw5l|H2-gs17	predicted gene 8909	protein-coding
5.742334045469761	chrY	90764601	90765000	+	0	NA	Intergenic	Intergenic	-9750	NR_137283	654820	Mm.34441	NM_001039559	ENSMUSG00000072844	G530011O06Rik	-	RIKEN cDNA G530011O06 gene	ncRNA
6.952066231518984	chr8	71922601	71923400	+	0	NA	intron (NM_133358, intron 1 of 3)	CpG	175	NM_133358	170938	Mm.480419	NM_133358	ENSMUSG00000066880	Zfp617	Zfps11-6	zinc finger protein 617	protein-coding
2.1305573867844094	chr3	106128201	106130200	+	0	NA	intron (NM_023186, intron 8 of 10)	L1_Mus4|LINE|L1	15818	NM_023186	81600	Mm.46418	NM_023186	ENSMUSG00000062778	Chia1	2200003E03Rik|AMCase|Chia|YNL	chitinase, acidic 1	protein-coding
3.4267092645168304	chr13	113013401	113013600	+	0	NA	Intergenic	Intergenic	19632	NM_001037914	622408	Mm.360976	NM_001037914	ENSMUSG00000074651	Mcidas	EG622408|Gm6320|Idas|Mci|Mcin	multiciliate differentiation and DNA synthesis associated cell cycle protein	protein-coding
2.7343587586929465	chr7	126501601	126504000	+	0	NA	promoter-TSS (NM_001347658)	promoter-TSS (NM_001347658)	-375	NM_001347658	233871	Mm.231450	NM_183020	ENSMUSG00000032637	Atxn2l	A2D|A2LG|A2RP|A2lp|Atxnl2	ataxin 2-like	protein-coding
1.1007005292922258	chr12	73656601	73657000	+	0	NA	intron (NM_008856, intron 2 of 13)	intron (NM_008856, intron 2 of 13)	72004	NM_001313977	18755	Mm.341677	NM_008856	ENSMUSG00000021108	Prkch	Pkch	protein kinase C, eta	protein-coding
4.024529123412711	chr7	75701801	75703200	+	0	NA	intron (NM_029332, intron 16 of 36)	intron (NM_029332, intron 16 of 36)	-145838	NM_029652	207952	Mm.206223	NM_029652	ENSMUSG00000055652	Klhl25	2810402K13Rik|BC027373|Enc-1	kelch-like 25	protein-coding
2.489556223154068	chr4	106621801	106622600	+	0	NA	promoter-TSS (NM_177667)	promoter-TSS (NM_177667)	-249	NM_177667	230576	Mm.41945	NM_177667	ENSMUSG00000034919	Ttc22	4732467L16Rik	tetratricopeptide repeat domain 22	protein-coding
11.709673175896143	chr7	25267401	25269200	+	0	NA	intron (NM_001302811, intron 1 of 20)	CpG	601	NM_001302811	71722	Mm.28833	NM_027882	ENSMUSG00000005442	Cic	1200010B10Rik|mKIAA0306	capicua transcriptional repressor	protein-coding
0.0-27	chr7	139086001	139086400	+	0	NA	intron (NM_011993, intron 1 of 13)	CpG	199	NM_011993	26757	Mm.250414	NM_011993	ENSMUSG00000025478	Dpysl4	AI173505|CRMP-3|Crmp3|DPY4|Drp-4|Ulip4	dihydropyrimidinase-like 4	protein-coding
6.257319285679928	chr9	66591801	66594000	+	0	NA	5' UTR (NM_001302122, exon 1 of 13)	5' UTR (NM_001302122, exon 1 of 13)	215	NM_144937	235441	Mm.32465	NM_144937	ENSMUSG00000032376	Usp3	AA409661|BC017156	ubiquitin specific peptidase 3	protein-coding
0.0-9	chr8	72361001	72361200	+	0	NA	intron (NM_007944, intron 21 of 23)	B1_Mus1|SINE|Alu	42038	NM_008452	16598	Mm.26938	NM_008452	ENSMUSG00000055148	Klf2	Lklf	Kruppel-like factor 2 (lung)	protein-coding
4.053900873661041	chr7	80294201	80295200	+	0	NA	intron (NM_145150, intron 1 of 13)	CpG	249	NM_001285998	233406	Mm.227274	NM_145150	ENSMUSG00000038943	Prc1	D7Ertd348e	protein regulator of cytokinesis 1	protein-coding
5.487926837056875	chr3	152475601	152476000	+	0	NA	intron (NM_001081277, intron 12 of 13)	intron (NM_001081277, intron 12 of 13)	79116	NM_001287139	108946	Mm.379292	NM_198416	ENSMUSG00000039068	Zzz3	3110065C23Rik|6430567E01Rik|AA408566|AI481057|AW556059|R75514	zinc finger, ZZ domain containing 3	protein-coding
2.862513691186905	chr14	20640201	20641400	+	0	NA	Intergenic	CpG	15740	NM_021508	59011	Mm.439911	NM_021508	ENSMUSG00000068697	Myoz1	2310001N11Rik|AV090278|FATZ|Myoz	myozenin 1	protein-coding
8.042382851243019	chr10	39171201	39172000	+	0	NA	Intergenic	Intergenic	-7806	NM_001127376	327743	Mm.208111	NM_001127376	ENSMUSG00000062074	Ccn6	Gm735|WISP-3|Wisp3	cellular communication network factor 6	protein-coding
4.5523313388228415	chr1	20819601	20820600	+	0	NA	intron (NM_008563, intron 1 of 16)	CpG	212	NM_008563	17215	Mm.4502	NM_008563	ENSMUSG00000041859	Mcm3	AL033361|C80350|Mcmd|P1|P1-MCM3|p1.m	minichromosome maintenance complex component 3	protein-coding
2.3078367551788688	chr18	12955401	12956200	+	0	NA	Intergenic	Intergenic	-13959	NM_207530	64291	Mm.259470	NM_020573	ENSMUSG00000044252	Osbpl1a	G430090F17Rik|Gm753|ORP-1|Osbpl1b	oxysterol binding protein-like 1A	protein-coding
1.682202722877264	chr11	71252001	71252600	+	0	NA	non-coding (NR_027858, exon 8 of 13)	non-coding (NR_027858, exon 8 of 13)	-21567	NM_001040696	637515	Mm.390402	NM_001039680	ENSMUSG00000070390	Nlrp1b	Nalp1b	NLR family, pyrin domain containing 1B	protein-coding
1.7704664207994938	chr15	42674801	42676400	+	0	NA	intron (NM_001286062, intron 1 of 8)	intron (NM_001286062, intron 1 of 8)	1377	NM_009640	11600	Mm.309336	NM_009640	ENSMUSG00000022309	Angpt1	1110046O21Rik|Ang-1|Ang1	angiopoietin 1	protein-coding
6.723618894815445	chr19	4989001	4989400	+	0	NA	intron (NM_153553, intron 1 of 7)	intron (NM_153553, intron 1 of 7)	771	NM_153553	225872	Mm.287867	NM_153553	ENSMUSG00000045903	Npas4	LE-PAS|Nxf	neuronal PAS domain protein 4	protein-coding
1.3249942407011985	chr8	61223801	61224800	+	0	NA	5' UTR (NM_021506, exon 1 of 12)	5' UTR (NM_021506, exon 1 of 12)	129	NM_021506	59009	Mm.27949	NM_021506	ENSMUSG00000031642	Sh3rf1	2200003J05Rik|Posh|R75531|Sh3md2	SH3 domain containing ring finger 1	protein-coding
7.628291521657312	chr13	104286001	104288600	+	0	NA	promoter-TSS (NR_136938)	promoter-TSS (NR_136938)	-535	NM_001081020	108154	Mm.208125	NM_175496	ENSMUSG00000046169	Adamts6	A930019D11Rik|ADAM-TS6|b2b1879.1Clo|b2b2029Clo|b2b2182Clo|b2b2187.1Clo|b2b2228Clo	a disintegrin-like and metallopeptidase (reprolysin type) with thrombospondin type 1 motif, 6	protein-coding
7.955251838334504	chr8	20416001	20420200	+	0	NA	intron (NR_028428, intron 1 of 5)	intron (NR_028428, intron 1 of 5)	6714	NR_028428	381598	Mm.359054	NM_001024708	ENSMUSG00000071793	2610005L07Rik	2810038F24Rik|6720476A01Rik	cadherin 11 pseudogene	pseudo
0.7528376234695315	chr10	117530401	117531200	+	0	NA	Intergenic	BC1_Mm|scRNA|scRNA	-83365	NR_152734	102634600	Mm.399106	NR_152734	ENSMUSG00000112344	Gm32141	-	predicted gene, 32141	ncRNA
4.784042173730476	chr9	96719001	96720400	+	0	NA	promoter-TSS (NM_001359960)	promoter-TSS (NM_001359960)	150	NM_001359959	245007	Mm.485954	NM_175537	ENSMUSG00000040433	Zbtb38	A930014K01Rik|CIBZ	zinc finger and BTB domain containing 38	protein-coding
0.0-41	chr15	89458601	89458800	+	0	NA	intron (NM_021921, intron 5 of 11)	intron (NM_021921, intron 5 of 11)	4789	NM_021921	60597	Mm.173337	NM_021921	ENSMUSG00000022619	Mapk8ip2	3230402N03Rik|AI847694|AW049958|IB2|Jip2|R75148	mitogen-activated protein kinase 8 interacting protein 2	protein-coding
3.8749505151063204	chr2	52741601	52742800	+	0	NA	promoter-TSS (NM_019667)	promoter-TSS (NM_019667)	-51	NM_019667	56324	Mm.263639	NM_019667	ENSMUSG00000055371	Stam2	1200004O12Rik|5730456G07Rik|BB145015|Hbp	signal transducing adaptor molecule (SH3 domain and ITAM motif) 2	protein-coding
2.889338922686875	chr18	67799801	67800600	+	0	NA	promoter-TSS (NM_027556)	promoter-TSS (NM_027556)	93	NM_027556	70799	Mm.30857	NM_027556	ENSMUSG00000024542	Cep192	4631422C13Rik|D430014P18Rik	centrosomal protein 192	protein-coding
1.0754823248301233	chr4	133967001	133968400	+	0	NA	intron (NM_016957, intron 1 of 5)	CpG	291	NM_016957	15331	Mm.319660	NM_016957	ENSMUSG00000003038	Hmgn2	HMG-17|Hmg17	high mobility group nucleosomal binding domain 2	protein-coding
3.787552156485617	chr19	44107001	44107800	+	0	NA	promoter-TSS (NM_007700)	promoter-TSS (NM_007700)	77	NM_001162410	12675	Mm.3996	NM_007700	ENSMUSG00000025199	Chuk	AI256658|Chuk1|Fbx24|Fbxo24|IKBKA|IKK alpha|IKK1|Ikka|NFKBIKA	conserved helix-loop-helix ubiquitous kinase	protein-coding
5.378895193338394	chr17	36110801	36111800	+	0	NA	exon (NM_001271005, exon 2 of 7)	exon (NM_001271005, exon 2 of 7)	376	NM_001271005	667803	Mm.477808	NM_001271005		H2-T-ps	C920025E04Rik|H2-T11	histocompatibility 2, T region locus, pseudogene	protein-coding
4.465106010437012	chr11	5713201	5713400	+	0	NA	TTS (NM_001361591)	TTS (NM_001361591)	-5599	NM_001362871	64660	Mm.7328	NM_026080	ENSMUSG00000020477	Mrps24	3110030K20Rik|AI414579|MRP-S24|Rpms24|S24mt	mitochondrial ribosomal protein S24	protein-coding
11.105653196573257	chr4	107314001	107314800	+	0	NA	promoter-TSS (NM_001205156)	promoter-TSS (NM_001205156)	37	NM_145550	230584	Mm.29118	NM_145550	ENSMUSG00000057375	Yipf1	C030002N13Rik	Yip1 domain family, member 1	protein-coding
1.4087582242985566	chr16	38160401	38161000	+	0	NA	intron (NM_001347232, intron 2 of 11)	intron (NM_001347232, intron 2 of 11)	-71440	NR_033221	414072	Mm.483602	NR_033221		BC031361	-	cDNA sequence BC031361	ncRNA
7.8243194706737995	chr6	47669201	47670000	+	0	NA	Intergenic	RMER12B|LTR|ERVK	-1509	NR_002841	19799		NR_002841		Rn4.5s	-	4.5S RNA	rRNA
3.6066980312267938	chr4	123016401	123017000	+	0	NA	exon (NM_025873, exon 1 of 11)	exon (NM_025873, exon 1 of 11)	107	NR_151450	66966	Mm.235030	NM_025873	ENSMUSG00000028653	Trit1	2310075G14Rik|AI314189|AI314635|AV099619|IPPT|IPT|MOD5	tRNA isopentenyltransferase 1	protein-coding
3.4284399275978408	chr3	87929601	87930800	+	0	NA	promoter-TSS (NM_153562)	promoter-TSS (NM_153562)	-5	NM_153562	229503	Mm.296008	NM_153562	ENSMUSG00000004896	Rrnad1	-	ribosomal RNA adenine dimethylase domain containing 1	protein-coding
0.7528376281261444	chr9	120095801	120096200	+	0	NA	Intergenic	L1M5|LINE|L1	3867	NM_007720	12776	Mm.442098	NM_007720	ENSMUSG00000042262	Ccr8	C-C|C-C CKR-8|CC-CKR-8|CCR-8|CKR-8|Cmkbr8|mCCR8	chemokine (C-C motif) receptor 8	protein-coding
2.211785040795803	chr17	31511801	31512600	+	0	NA	exon (NM_021322, exon 1 of 11)	exon (NM_021322, exon 1 of 11)	287	NM_021322	57773	Mm.143771	NM_021322	ENSMUSG00000024037	Wdr4	AI415180|AI448349|D530049K22Rik|Wh	WD repeat domain 4	protein-coding
1.1976175606250763	chr9	55512801	55513400	+	0	NA	promoter-TSS (NM_145615)	promoter-TSS (NM_145615)	-857	NM_145615	110842	Mm.290853	NM_145615	ENSMUSG00000032314	Etfa	2010200I21Rik|D9Ertd394e	electron transferring flavoprotein, alpha polypeptide	protein-coding
0.0-47	chr17	52157201	52157400	+	0	NA	intron (NR_155494, intron 1 of 3)	intron (NR_155494, intron 1 of 3)	8011	NR_155494	100503190	Mm.170588	NR_155494		Gm19585	-	predicted gene, 19585	ncRNA
2.103495128452778	chr19	41829601	41831000	+	0	NA	exon (NM_008043, exon 1 of 1)	exon (NM_008043, exon 1 of 1)	330	NM_008043	14296	Mm.4573	NM_008043	ENSMUSG00000067199	Frat1	AW060382	frequently rearranged in advanced T cell lymphomas	protein-coding
0.4301929266325065	chr8	122475201	122476600	+	0	NA	promoter-TSS (NM_153775)	promoter-TSS (NM_153775)	174	NM_001033142	68718	Mm.34356	NM_001033142	ENSMUSG00000014470	Rnf166	1110031E24Rik|AW555115|Zfp313l	ring finger protein 166	protein-coding
6.859648855030537	chr6	72389601	72390600	+	0	NA	intron (NM_016794, intron 1 of 2)	intron (NM_016794, intron 1 of 2)	567	NM_016794	22320	Mm.1838	NM_016794	ENSMUSG00000050732	Vamp8	AU041171|Edb|endobrevin	vesicle-associated membrane protein 8	protein-coding
2.8763589640813216	chr4	119108601	119110000	+	0	NA	intron (NM_011400, intron 1 of 9)	intron (NM_011400, intron 1 of 9)	555	NM_011400	20525	Mm.21002	NM_011400	ENSMUSG00000028645	Slc2a1	Glut-1|Glut1	solute carrier family 2 (facilitated glucose transporter), member 1	protein-coding
3.3436375004904613	chr5	9160801	9162200	+	0	NA	intron (NR_152861, intron 1 of 16)	CpG	276	NR_152858	23857	Mm.22480	NM_011806	ENSMUSG00000042508	Dmtf1	Dimp|Dmp1	cyclin D binding myb-like transcription factor 1	protein-coding
3.0944223031401634	chr1	127242601	127242800	+	0	NA	intron (NM_145128, intron 1 of 17)	MTE2a|LTR|ERVL-MaLR	37714	NM_145128	107895	Mm.214682	NM_145128	ENSMUSG00000036155	Mgat5	4930471A21Rik|5330407H02Rik|AI480971|GlcNAc-TV	mannoside acetylglucosaminyltransferase 5	protein-coding
0.752837622538209	chr6	42217401	42218600	+	0	NA	Intergenic	L1_Mus1|LINE|L1	2672	NM_001001453	387515	Mm.377922	NM_001001453	ENSMUSG00000051917	Tas2r144	Tas2r40|Tas2r44|mt2r33	taste receptor, type 2, member 144	protein-coding
0.8134107651809851	chr4	44011601	44012200	+	0	NA	promoter-TSS (NM_001369159)	promoter-TSS (NM_001369159)	-770	NM_016760	12757	Mm.298875	NM_016760	ENSMUSG00000028478	Clta	AV026556|Lca	clathrin, light polypeptide (Lca)	protein-coding
3.562229474850512	chr13	29983601	29986600	+	0	NA	promoter-TSS (NM_001289920)	promoter-TSS (NM_001289920)	-709	NM_001289920	13557	Mm.268356	NM_010093	ENSMUSG00000016477	E2f3	E2F3b|E2f3a	E2F transcription factor 3	protein-coding
3.758996218442917	chr10	62327601	62327800	+	0	NA	intron (NM_010438, intron 4 of 21)	intron (NM_010438, intron 4 of 21)	12721	NM_001146100	15275	Mm.196605	NM_010438	ENSMUSG00000037012	Hk1	BB404130|Hk-1|Hk1-s|dea|mHk1-s	hexokinase 1	protein-coding
0.0-5	chr7	58711801	58712000	+	0	NA	intron (NM_009728, intron 1 of 20)	intron (NM_009728, intron 1 of 20)	53698	NM_009728	11982	Mm.135129	NM_009728	ENSMUSG00000025324	Atp10a	Atp10c|pfatp	ATPase, class V, type 10A	protein-coding
3.333728529918995	chr4	131873001	131874800	+	0	NA	promoter-TSS (NM_001369308)	promoter-TSS (NM_001369308)	-160	NM_001369308	57317	Mm.2478	NM_020587	ENSMUSG00000028911	Srsf4	5730499P16Rik|AW550192|MNCb-2616|SRp75|Sfrs4	serine/arginine-rich splicing factor 4	protein-coding
5.763101853430271	chr1	88095601	88095800	+	0	NA	exon (NM_201642, exon 1 of 5)	exon (NM_201642, exon 1 of 5)	699	NM_201642	394432	Mm.300095	NM_201642	ENSMUSG00000090124	Ugt1a7c	A10'|A13|Ugt1a10	UDP glucuronosyltransferase 1 family, polypeptide A7C	protein-coding
0.7528376253321767	chr1	105406801	105407600	+	0	NA	Intergenic	Intergenic	-50490	NM_001160368	320311	Mm.389162	NM_178779	ENSMUSG00000047496	Rnf152	A930029B02Rik	ring finger protein 152	protein-coding
4.480682033114135	chr2	157367401	157368200	+	0	NA	intron (NM_026968, intron 1 of 2)	CpG	206	NM_026968	69161	Mm.228619	NM_026968	ENSMUSG00000063019	Manbal	1810024K12Rik|AI836500	mannosidase, beta A, lysosomal-like	protein-coding
3.7114077181634766	chr19	8712001	8714200	+	0	NA	intron (NM_001161413, intron 2 of 9)	intron (NM_001161413, intron 2 of 9)	797	NM_008577	17254	Mm.4114	NM_008577	ENSMUSG00000010095	Slc3a2	4F2|4F2HC|AI314110|Cd98|Ly-10|Ly-m10|Ly10|Mdu1|Mgp-2hc|NACAE	solute carrier family 3 (activators of dibasic and neutral amino acid transport), member 2	protein-coding
10.420311376452446	chr8	19686601	19687000	+	0	NA	Intergenic	Intergenic	-42776	NM_001039553	626415	Mm.425517	NM_001039553	ENSMUSG00000096265	4930467E23Rik	TSAP	RIKEN cDNA 4930467E23 gene	protein-coding
2.3675445318222046	chr1	173441401	173441600	+	0	NA	intron (NM_001013779, intron 2 of 8)	intron (NM_001013779, intron 2 of 8)	20896	NM_001013779	383619	Mm.131453	NM_001013779	ENSMUSG00000037860	Aim2	Gm1313|Ifi210	absent in melanoma 2	protein-coding
0.9449410289525986	chr4	101294201	101294400	+	0	NA	Intergenic	Intergenic	-29018	NM_146145	16451	Mm.289657	NM_013567	ENSMUSG00000028530	Jak1	AA960307|BAP004|C130039L05Rik	Janus kinase 1	protein-coding
1.3692541763818002	chrX	18161601	18165200	+	0	NA	exon (NM_001310444, exon 2 of 29)	exon (NM_001310444, exon 2 of 29)	825	NM_001310444	22289	Mm.257498	NM_009483	ENSMUSG00000037369	Kdm6a	Utx	lysine (K)-specific demethylase 6A	protein-coding
4.96353642269969	chr15	68362001	68362800	+	0	NA	Intergenic	Intergenic	-21111	NR_029718	387228		NR_029718	ENSMUSG00000065437	Mir30d	Mirn30d|mir-30d|mmu-mir-30d	microRNA 30d	ncRNA
1.720771758151906	chr12	25395001	25396400	+	0	NA	Intergenic	Lx2|LINE|L1	266526	NR_045844	432641	Mm.112955	NR_045844		Gm17746	-	predicted gene, 17746	ncRNA
6.614587284624577	chr4	59581001	59582200	+	0	NA	promoter-TSS (NM_001301367)	promoter-TSS (NM_001301367)	37	NM_024255	72479	Mm.272905	NM_024255	ENSMUSG00000028383	Hsdl2	2610207I16Rik	hydroxysteroid dehydrogenase like 2	protein-coding
3.717460375279188	chr6	143114401	143114800	+	0	NA	intron (NR_153819, intron 7 of 8)	intron (NR_153819, intron 7 of 8)	-14448	NM_001362114	74741	Mm.130260	NM_029081	ENSMUSG00000030279	C2cd5	5730419I09Rik|C030008B15Rik|CDP138	C2 calcium-dependent domain containing 5	protein-coding
8.480240116516748	chr5	130023801	130024400	+	0	NA	intron (NM_133768, intron 1 of 16)	intron (NM_133768, intron 1 of 16)	281	NM_133768	109900	Mm.23869	NM_133768	ENSMUSG00000025533	Asl	2510006M18Rik|ASAL	argininosuccinate lyase	protein-coding
2.0075670505563417	chr17	53656401	53657000	+	0	NA	intron (NR_151733, intron 11 of 16)	MLTR11A|LTR|ERVK	32615	NM_028232	72415	Mm.153202	NM_028232	ENSMUSG00000023940	Sgo1	3300001M08Rik|C81037|Sgol1	shugoshin 1	protein-coding
6.476872294622882	chr4	147422201	147430000	+	0	NA	Intergenic	Intergenic	-17014	NM_001371348								
5.842020174860954-2	chr3	86141801	86142800	+	0	NA	intron (NM_016959, intron 1 of 5)	CpG	368	NM_016959	20091	Mm.391785	NM_016959	ENSMUSG00000028081	Rps3a1	Rps3a	ribosomal protein S3A1	protein-coding
3.477145635123764	chr4	145828201	145829600	+	0	NA	non-coding (NR_040355, exon 5 of 5)	non-coding (NR_040355, exon 5 of 5)	-8319	NR_033612	236069	Mm.276881	NR_033612	ENSMUSG00000096233	Gm13238	-	carnitine deficiency-associated gene expressed in ventricle 3 pseudogene	pseudo
5.396201739708583	chr7	27731401	27732000	+	0	NA	intron (NM_009560, intron 1 of 4)	intron (NM_009560, intron 1 of 4)	291	NM_009560	22718	Mm.66913	NM_009560	ENSMUSG00000037640	Zfp60	6330516O17Rik|AI426106|AI449354|Mfg-3|Mfg3	zinc finger protein 60	protein-coding
2.34677662824591	chr8	84236401	84237600	+	0	NA	promoter-TSS (NM_172503)	promoter-TSS (NM_172503)	42	NM_172503	212168	Mm.117094	NM_172503	ENSMUSG00000035671	Zswim4	D330002I24|E130119J17Rik	zinc finger SWIM-type containing 4	protein-coding
4.73172989255893	chr11	32642001	32643800	+	0	NA	exon (NM_001271349, exon 1 of 12)	exon (NM_001271349, exon 1 of 12)	345	NM_001363354	103583	Mm.28017	NM_134015	ENSMUSG00000020271	Fbxw11	2310065A07Rik|AA536858|BTRC2|BTRCP2|Fbxw1b|HOS	F-box and WD-40 domain protein 11	protein-coding
4.732122298862253	chr17	36120801	36122200	+	0	NA	promoter-TSS (NM_010395)	promoter-TSS (NM_010395)	-56	NR_046286	15024	Mm.426031	NM_010395	ENSMUSG00000079491	H2-T10	H-2T10	histocompatibility 2, T region locus 10	protein-coding
6.072890313963096	chr2	157131001	157132200	+	0	NA	intron (NM_001370610, intron 1 of 6)	intron (NM_001370610, intron 1 of 6)	3496	NM_018851	56045	Mm.248478	NM_018851	ENSMUSG00000027639	Samhd1	E330031J07Rik|Mg11|mSAMHD1	SAM domain and HD domain, 1	protein-coding
1.4070275649428368	chr5	142370601	142371000	+	0	NA	Intergenic	ZP3AR|Satellite|Satellite	-30697	NM_199068	17425	Mm.24214	NM_010812	ENSMUSG00000056493	Foxk1	A630048H08Rik|AI463295|Gm10868|Mnf	forkhead box K1	protein-coding
0.36343885213136673	chr13	21884401	21884800	+	0	NA	Intergenic	Lx9|LINE|L1	12449	NR_035500	100316716		NR_035500	ENSMUSG00000088148	Mir1983	mmu-mir-1983	microRNA 1983	ncRNA
2.8140551447868347	chr11	117174801	117175000	+	0	NA	Intergenic	Intergenic	-24761	NM_001113486	53860	Mm.38450	NM_017380	ENSMUSG00000059248	Sept9	MSF1|Msf|PNUTL4|Sint1	septin 9	protein-coding
1.5407211515121162	chr16	37990601	37992200	+	0	NA	intron (NM_153394, intron 7 of 9)	intron (NM_153394, intron 7 of 9)	-25923	NR_040565	75175	Mm.399335	NR_040565		4930542C21Rik	-	RIKEN cDNA 4930542C21 gene	ncRNA
4.255349856615067	chr14	69707201	69708200	+	0	NA	promoter-TSS (NM_001301652)	promoter-TSS (NM_001301652)	-116	NM_001146012	71843	Mm.27738	NM_001146012	ENSMUSG00000034194	R3hcc1	1700020M16Rik|AA407796	R3H domain and coiled-coil containing 1	protein-coding
1.048780683428049-2	chr14	122013801	122014000	+	0	NA	intron (NM_026861, intron 8 of 8)	intron (NM_026861, intron 8 of 8)	-20774	NM_001037744	223262	Mm.297637	NM_001037744	ENSMUSG00000071229	Timm8a2	-	translocase of inner mitochondrial membrane 8A2	protein-coding
6.017509188503027	chr10	22353801	22354200	+	0	NA	intron (NM_009018, intron 6 of 6)	intron (NM_009018, intron 6 of 6)	-7894	NM_020030	56554	Mm.458004	NM_020030	ENSMUSG00000078452	Raet1d	RAE-1delta	retinoic acid early transcript delta	protein-coding
0.5132646667105811	chrX	106602001	106603400	+	0	NA	intron (NM_001033541, intron 1 of 3)	intron (NM_001033541, intron 1 of 3)	979	NM_021476	58861	Mm.287166	NM_021476	ENSMUSG00000052821	Cysltr1	BB147369|CysLT1R|Cyslt1	cysteinyl leukotriene receptor 1	protein-coding
8.037190891802311	chr13	21168601	21169400	+	0	NA	Intergenic	Intergenic	-10931	NM_009054	19720	Mm.314056	NM_009054	ENSMUSG00000021326	Trim27	AW538890|Gm19403|Rfp	tripartite motif-containing 27	protein-coding
3.4578611254692078	chr15	89459401	89459600	+	0	NA	intron (NM_021921, intron 8 of 11)	B1_Mus1|SINE|Alu	5589	NM_021921	60597	Mm.173337	NM_021921	ENSMUSG00000022619	Mapk8ip2	3230402N03Rik|AI847694|AW049958|IB2|Jip2|R75148	mitogen-activated protein kinase 8 interacting protein 2	protein-coding
0.0-20	chr16	22533201	22533600	+	0	NA	intron (NM_001346673, intron 19 of 23)	L3|LINE|CR1	-1216	NR_106170	102465887		NR_106170	ENSMUSG00000099071	Mir8095	Gm27566|mmu-mir-8095	microRNA 8095	ncRNA
5.770024607578914	chr15	82188201	82188800	+	0	NA	intron (NM_033218, intron 11 of 18)	MER119|DNA|hAT-Charlie	-9622	NR_029804	723897		NR_029804	ENSMUSG00000065465	Mir33	Mirn33|mir-33|mmu-mir-33	microRNA 33	ncRNA
6.8820659766035925	chr11	115475401	115477200	+	0	NA	intron (NM_177778, intron 2 of 2)	intron (NM_177778, intron 2 of 2)	633	NM_001361594	276905	Mm.38019	NM_177778	ENSMUSG00000057219	Armc7	A630084C13|BC023126	armadillo repeat containing 7	protein-coding
30.84246031045914	chr10	78297401	78298400	+	0	NA	intron (NM_053014, intron 2 of 9)	intron (NM_053014, intron 2 of 9)	42307	NR_106119	102465765		NR_106119	ENSMUSG00000098885	Mir7659	Gm27433|mmu-mir-7659	microRNA 7659	ncRNA
0.42574265599250793	chr15	30838201	30838400	+	0	NA	intron (NM_008729, intron 11 of 22)	intron (NM_008729, intron 11 of 22)	-200826	NR_045186	73784	Mm.66947	NR_045186	ENSMUSG00000115474	4930430F21Rik	-	RIKEN cDNA 4930430F21 gene	ncRNA
0.5499739688679869	chrX	36988401	36990200	+	0	NA	intron (NM_001177323, intron 1 of 9)	intron (NM_001177323, intron 1 of 9)	395	NM_001359140	56526	Mm.260036	NM_019942	ENSMUSG00000050379	Sept6	2810035H17Rik|C920001C06Rik|Sep6|mKIAA0128	septin 6	protein-coding
2.3758517026901247	chr18	60500801	60501800	+	0	NA	intron (NM_134133, intron 1 of 1)	intron (NM_134133, intron 1 of 1)	683	NM_134133	106878	Mm.273197	NM_134133	ENSMUSG00000038059	Smim3	2010002N04Rik|AI195350|AW561905|Nid67|cI-41	small integral membrane protein 3	protein-coding
1.5635287931987218	chr2	150786401	150787800	+	0	NA	exon (NM_153781, exon 1 of 20)	exon (NM_153781, exon 1 of 20)	304	NM_153781	110078	Mm.222584	NM_153781	ENSMUSG00000033059	Pygb	-	brain glycogen phosphorylase	protein-coding
4.934301327707719	chr3	152209601	152211600	+	0	NA	promoter-TSS (NM_027287)	promoter-TSS (NM_027287)	178	NM_001355367	51886	Mm.278922	NM_057172	ENSMUSG00000028034	Fubp1	9530027K12Rik|D3Ertd330e|FBP|Fubp|Fubp4	far upstream element (FUSE) binding protein 1	protein-coding
13.405701962610086	chr17	35424601	35425800	+	0	NA	exon (NM_023124, exon 2 of 5)	exon (NM_023124, exon 2 of 5)	350	NM_001368742	110557	Mm.439827	NM_207648	ENSMUSG00000073409	H2-Q6	0610037M15Rik|H-2Q6|Qa-6|Qa6	histocompatibility 2, Q region locus 6	protein-coding
3.7797641716897488	chr7	132852001	132852800	+	0	NA	intron (NM_001347629, intron 1 of 3)	CpG	247	NM_001347629	72096	Mm.28631	NM_028095	ENSMUSG00000030960	Eef1akmt2	2010208K18Rik|Mettl10	EEF1A lysine methyltransferase 2	protein-coding
2.255916927009821	chr7	25297201	25298000	+	0	NA	5' UTR (NM_001357350, exon 1 of 5)	5' UTR (NM_001357350, exon 1 of 5)	355	NM_008776	18476	Mm.597	NM_008776	ENSMUSG00000005447	Pafah1b3	Pafahg|mus[g]	platelet-activating factor acetylhydrolase, isoform 1b, subunit 3	protein-coding
1.8665181221440434	chr19	25671801	25672600	+	0	NA	promoter-TSS (NR_045347)	promoter-TSS (NR_045347)	39	NR_045347	100503074	Mm.140012	NR_045347	ENSMUSG00000101089	2610016A17Rik	2610317C19Rik	RIKEN cDNA 2610016A17 gene	ncRNA
3.984847509302199	chr11	80141801	80142600	+	0	NA	promoter-TSS (NM_183275)	promoter-TSS (NM_183275)	-47	NM_183275	68550	Mm.18466	NM_183275	ENSMUSG00000046909	Tefm	1110002N22Rik	transcription elongation factor, mitochondrial	protein-coding
1.9002660177648067	chr3	79181601	79181800	+	0	NA	Intergenic	Intergenic	-31219	NR_045502	70924	Mm.444622	NR_045502	ENSMUSG00000104585	4921511C10Rik	-	RIKEN cDNA 4921511C10 gene	ncRNA
0.0-39	chr4	145340001	145340400	+	0	NA	Intergenic	MTEb|LTR|ERVL-MaLR	-25036	NM_009401	21941	Mm.12810	NM_009401	ENSMUSG00000028602	Tnfrsf8	Cd30|D1S166E|Ki|Ki-1	tumor necrosis factor receptor superfamily, member 8	protein-coding
3.6803747032369887	chr13	58157401	58158800	+	0	NA	intron (NM_198004, intron 1 of 4)	intron (NM_198004, intron 1 of 4)	451	NM_001048060	75731	Mm.293919	NM_198004	ENSMUSG00000050002	Idnk	5133401N09Rik	idnK gluconokinase homolog (E. coli)	protein-coding
7.244547918438911	chr7	27481401	27482000	+	0	NA	Intergenic	Intergenic	-5253	NM_018820	55942	Mm.153684	NM_018820	ENSMUSG00000008384	Sertad1	1110032C13Rik|AV000455|AW456625|Sei-1|Sei1|TRIP-Br1	SERTA domain containing 1	protein-coding
7.154553636908531	chr16	87726201	87726400	+	0	NA	intron (NM_007520, intron 4 of 4)	intron (NM_007520, intron 4 of 4)	27346	NM_007520	12013	Mm.26147	NM_007520	ENSMUSG00000025612	Bach1	6230421P05Rik|AI323795	BTB and CNC homology 1, basic leucine zipper transcription factor 1	protein-coding
6.318644128739834	chr10	83360001	83360800	+	0	NA	intron (NM_026579, intron 1 of 3)	CpG	179	NM_026579	28109	Mm.196210	NM_026579	ENSMUSG00000020255	D10Wsu102e	AI747614|C430041I18Rik	DNA segment, Chr 10, Wayne State University 102, expressed	protein-coding
1.7756583988666534	chr13	113135201	113135400	+	0	NA	promoter-TSS (NR_131045)	promoter-TSS (NR_131045)	-776	NR_131045	76720	Mm.54263	NR_131045	ENSMUSG00000114333	1700084D21Rik	-	RIKEN cDNA 1700084D21 gene	ncRNA
1.2979958951473236	chr12	31633601	31633800	+	0	NA	intron (NM_007530, intron 1 of 6)	G-rich|Low_complexity|Low_complexity	897	NM_007530	12033	Mm.242379	NM_007530	ENSMUSG00000020650	Bcap29	AW208404|Bap29	B cell receptor associated protein 29	protein-coding
2.933470791205764	chr17	23775201	23775600	+	0	NA	Intergenic	Lx|LINE|L1	-3798	NM_001357993	224613	Mm.328835	NM_153791	ENSMUSG00000040097	Flywch1	E030034P13Rik|mKIAA1552	FLYWCH-type zinc finger 1	protein-coding
0.598116509616375	chr18	61011201	61012200	+	0	NA	intron (NM_201353, intron 1 of 13)	C-rich|Low_complexity|Low_complexity	2499	NM_201353	240332	Mm.39846	NM_201353	ENSMUSG00000052026	Slc6a7	AW455934|PROT	solute carrier family 6 (neurotransmitter transporter, L-proline), member 7	protein-coding
0.507516410201788	chr14	45656801	45658400	+	0	NA	TTS (NR_039593)	TTS (NR_039593)	453	NR_039593	100628600		NR_039593	ENSMUSG00000093167	Mir5131	mmu-mir-5131|mu-mir-5131	microRNA 5131	ncRNA
4.327518452424556	chr2	30237001	30238600	+	0	NA	promoter-TSS (NR_028299)	promoter-TSS (NR_028299)	31	NM_177725	241296	Mm.389232	NM_177725	ENSMUSG00000007476	Lrrc8a	Lrrc8|SWELL1|ebo|mKIAA1437	leucine rich repeat containing 8A VRAC subunit A	protein-coding
0.0-48	chr17	57077201	57077600	+	0	NA	intron (NM_153551, intron 1 of 23)	IMPB_01|Satellite|Satellite	1110	NM_153551	70785	Mm.284447	NM_153551	ENSMUSG00000002668	Dennd1c	4432409M07Rik	DENN/MADD domain containing 1C	protein-coding
7.678944036364555	chr2	65170801	65171200	+	0	NA	intron (NM_177025, intron 1 of 13)	intron (NM_177025, intron 1 of 13)	67791	NM_177025	319876	Mm.34159	NM_027225	ENSMUSG00000034903	Cobll1	1810047P18Rik|Coblr1|D430044D16Rik	Cobl-like 1	protein-coding
6.692467108368874	chr6	47670401	47671200	+	0	NA	Intergenic	RMER12B|LTR|ERVK	1599	NR_002841	19799		NR_002841		Rn4.5s	-	4.5S RNA	rRNA
3.309889605268836	chr10	111164401	111166000	+	0	NA	intron (NM_001003717, intron 1 of 22)	CpG	398	NM_175489	237542	Mm.220204	NM_175489	ENSMUSG00000020189	Osbpl8	AA536976|AA536995|C730029P18Rik|D330025H14Rik|ORP-8	oxysterol binding protein-like 8	protein-coding
4.101667173206806	chr11	5555401	5556000	+	0	NA	Intergenic	MMVL30-int|LTR|ERV1	-13483	NM_134033	104479	Mm.210403	NM_134033	ENSMUSG00000020482	Ccdc117	1110004K02Rik|1700026O03Rik|AU018638|AU042822|AV173073|BC018601	coiled-coil domain containing 117	protein-coding
2.8971268832683563	chr3	89820001	89820200	+	0	NA	Intergenic	Intergenic	-11270	NM_172530	214547	Mm.225	NM_172530	ENSMUSG00000046280	She	9430022A14	src homology 2 domain-containing transforming protein E	protein-coding
0.41016670502722263	chr8	122180601	122181000	+	0	NA	Intergenic	Intergenic	-49474	NM_001362883	195209	Mm.102191	NM_001362883		Zfp469	Gm22	zinc finger protein 469	protein-coding
0.7787975370883942	chr9	85369801	85370000	+	0	NA	Intergenic	Intergenic	-42750	NM_001160379	212943	Mm.74610	NM_001160378	ENSMUSG00000032265	Tent5a	BAP014|D930050G01Rik|Fam46a	terminal nucleotidyltransferase 5A	protein-coding
2.4942289598286154	chr11	51648601	51649600	+	0	NA	intron (NM_145974, intron 1 of 4)	intron (NM_145974, intron 1 of 4)	-1854	NR_027958	97775	Mm.220299	NM_175289	ENSMUSG00000052563	D930048N14Rik	AI315703|R75254	RIKEN cDNA D930048N14 gene	ncRNA
3.4059413224458694	chr5	142370401	142370600	+	0	NA	Intergenic	Intergenic	-30997	NM_199068	17425	Mm.24214	NM_010812	ENSMUSG00000056493	Foxk1	A630048H08Rik|AI463295|Gm10868|Mnf	forkhead box K1	protein-coding
2.2792809158563614	chr3	75498801	75499200	+	0	NA	Intergenic	(GA)n|Simple_repeat|Simple_repeat	57852	NM_019745	56426	Mm.316473	NM_019745	ENSMUSG00000027835	Pdcd10	2410003B13Rik|Ccm3|Tfa15|Tfar15	programmed cell death 10	protein-coding
2.8120532586012907	chr12	3308201	3310400	+	0	NA	exon (NM_016676, exon 1 of 6)	exon (NM_016676, exon 1 of 6)	669	NM_016676	19325	Mm.378993	NM_016676	ENSMUSG00000020671	Rab10	AW107754	RAB10, member RAS oncogene family	protein-coding
3.702626144247396	chr8	35494601	35496000	+	0	NA	exon (NM_026067, exon 1 of 7)	exon (NM_026067, exon 1 of 7)	233	NM_026067	67276	Mm.207534	NM_026067	ENSMUSG00000031527	Eri1	3'hexo|3110010F15Rik|Thex1|eri-1	exoribonuclease 1	protein-coding
6.7288108840584755	chr10	81182801	81183600	+	0	NA	promoter-TSS (NM_001190473)	promoter-TSS (NM_001190473)	-63	NM_001190473	13144	Mm.10294	NM_007828	ENSMUSG00000034974	Dapk3	ZIPK|dlk	death-associated protein kinase 3	protein-coding
4.662401411150183	chr9	95511201	95512600	+	0	NA	promoter-TSS (NM_001114977)	promoter-TSS (NM_001114977)	96	NM_001114977	67958	Mm.292742	NM_026476	ENSMUSG00000032407	U2surp	2610101N10Rik|AU023006|Sr140	U2 snRNP-associated SURP domain containing	protein-coding
2.258512919768691	chr2	174472401	174473200	+	0	NA	intron (NM_025531, intron 1 of 5)	CpG	141	NM_025531	66390	Mm.182294	NM_025531	ENSMUSG00000016257	Prelid3b	2310042G06Rik|AA407013|Slmo2	PRELI domain containing 3B	protein-coding
2.040449559688568	chr6	134672201	134672600	+	0	NA	intron (NM_001170479, intron 2 of 3)	intron (NM_001170479, intron 2 of 3)	31460	NM_026371	67774	Mm.41892	NM_026371	ENSMUSG00000042992	Borcs5	5830457J20Rik|AW124643|Loh12cr1	BLOC-1 related complex subunit 5	protein-coding
4.22627479583025	chr10	57747401	57747600	+	0	NA	Intergenic	Intergenic	-37423	NM_021272	12140	Mm.3644	NM_021272	ENSMUSG00000019874	Fabp7	B-FABP|BFABP|Blbp|MRG	fatty acid binding protein 7, brain	protein-coding
0.0-23	chr3	100685401	100686200	+	0	NA	promoter-TSS (NM_010763)	promoter-TSS (NM_010763)	-327	NM_010763	17156	Mm.271617	NM_010763	ENSMUSG00000008763	Man1a2	AI428775|AI528764|AI854422|Man1b|PCR2	mannosidase, alpha, class 1A, member 2	protein-coding
9.124540554625648	chr13	14612601	14614000	+	0	NA	promoter-TSS (NM_008944)	promoter-TSS (NM_008944)	58	NM_008944	19166	Mm.252255	NM_008944	ENSMUSG00000015671	Psma2	Lmpc3	proteasome (prosome, macropain) subunit, alpha type 2	protein-coding
1.966031163930893	chr13	104448201	104448800	+	0	NA	intron (NR_136938, intron 22 of 26)	intron (NR_136938, intron 22 of 26)	160665	NR_136938	108154	Mm.208125	NM_175496	ENSMUSG00000046169	Adamts6	A930019D11Rik|ADAM-TS6|b2b1879.1Clo|b2b2029Clo|b2b2182Clo|b2b2187.1Clo|b2b2228Clo	a disintegrin-like and metallopeptidase (reprolysin type) with thrombospondin type 1 motif, 6	protein-coding
1.2743618963387844	chr12	76368801	76372000	+	0	NA	promoter-TSS (NM_028356)	promoter-TSS (NM_028356)	-120	NM_001364323	268564	Mm.77065	NM_178744	ENSMUSG00000033454	Zbtb1	9430077A12|AI256369|Bsg2|C430003J21Rik	zinc finger and BTB domain containing 1	protein-coding
7.229318168759346	chr15	12824201	12825200	+	0	NA	promoter-TSS (NM_001166360)	promoter-TSS (NM_001166360)	-43	NM_001357761	77877	Mm.207311	NM_029998	ENSMUSG00000022195	6030458C11Rik	-	RIKEN cDNA 6030458C11 gene	protein-coding
3.084038344025612	chr7	66060201	66061200	+	0	NA	intron (NR_152094, intron 1 of 7)	CpG	364	NM_021336	68981	Mm.22362	NM_021336	ENSMUSG00000030512	Snrpa1	1500015N06Rik	small nuclear ribonucleoprotein polypeptide A'	protein-coding
11.806571245193481	chr13	112660601	112661000	+	0	NA	promoter-TSS (NM_178746)	promoter-TSS (NM_178746)	34	NM_178746	268706	Mm.40834	NM_175376	ENSMUSG00000047789	Slc38a9	4833412L08Rik|6720411P22Rik|9130023D20Rik|9430067K09Rik|A730092C09	solute carrier family 38, member 9	protein-coding
3.011350490152836-2	chr12	74556201	74556400	+	0	NA	Intergenic	Intergenic	258826	NM_198866	386753	Mm.341686	NM_198866		Dbpht2	Spot2	DNA binding protein with his-thr domain	protein-coding
6.263430138099415	chr17	36042001	36044200	+	0	NA	promoter-TSS (NM_010397)	promoter-TSS (NM_010397)	139	NM_001034909	547347	Mm.484641	NM_001034909	ENSMUSG00000073407	Gm6034	EG547347|H2-gs14-2	predicted gene 6034	protein-coding
3.669001872340838	chr1	6214201	6215400	+	0	NA	5' UTR (NM_009826, exon 1 of 24)	5' UTR (NM_009826, exon 1 of 24)	138	NM_009826	12421	Mm.293811	NM_009826	ENSMUSG00000025907	Rb1cc1	2900055E04Rik|5930404L04Rik|Cc1|FIP200|LaXp180	RB1-inducible coiled-coil 1	protein-coding
1.8864207516113918	chr11	103412201	103412800	+	0	NA	intron (NM_183034, intron 1 of 11)	CpG	205	NM_183034	353047	Mm.383308	NM_183034	ENSMUSG00000034247	Plekhm1	AP162|B2|BC038943|D330036J23Rik	pleckstrin homology domain containing, family M (with RUN domain) member 1	protein-coding
1.1110844910144806-2	chr1	180541401	180541800	+	0	NA	Intergenic	Intergenic	-27291	NM_007415	11545	Mm.277779	NM_007415	ENSMUSG00000026496	Parp1	5830444G22Rik|AI893648|ARTD1|Adprp|Adprt1|C80510|PARP|PPOL|msPARP|parp-1|sPARP-1	poly (ADP-ribose) polymerase family, member 1	protein-coding
6.325072455744434	chr2	48948401	48950400	+	0	NA	promoter-TSS (NM_011958)	promoter-TSS (NM_011958)	-108	NM_029924	109241	Mm.440436	NM_029924	ENSMUSG00000036792	Mbd5	9430004D19Rik|AA536666|AI426407|C030040A15Rik|Gm1630	methyl-CpG binding domain protein 5	protein-coding
2.0456415563821793	chr8	84184601	84184800	+	0	NA	Intergenic	(CA)n|Simple_repeat|Simple_repeat	-5739	NR_029821	723819		NR_029821	ENSMUSG00000065483	Mir181c	Mirn181c|mir-181c	microRNA 181c	ncRNA
2.5805679088902753	chr17	31564001	31566200	+	0	NA	intron (NM_016670, intron 1 of 10)	CpG	327	NM_016670	18771	Mm.259295	NM_016670	ENSMUSG00000006705	Pknox1	D17Wsu76e|PREP1	Pbx/knotted 1 homeobox	protein-coding
1.2633827129999797	chr1	184657001	184657600	+	0	NA	Intergenic	ERVL-E-int|LTR|ERVL	-55197	NR_040627	74971	Mm.410816	NR_040627	ENSMUSG00000092578	4930488B22Rik	-	RIKEN cDNA 4930488B22 gene	ncRNA
0.5607342280447483	chr9	92542001	92543000	+	0	NA	non-coding (NR_029474, exon 1 of 1)	non-coding (NR_029474, exon 1 of 1)	277	NM_011961	26432	Mm.79983	NM_011961	ENSMUSG00000032374	Plod2	D530025C14Rik|LH2|Plod-2	procollagen lysine, 2-oxoglutarate 5-dioxygenase 2	protein-coding
9.163851246237755	chr11	49064001	49064400	+	0	NA	promoter-TSS (NM_001145164)	promoter-TSS (NM_001145164)	12	NM_001145164	100039796	Mm.482363	NM_001145164	ENSMUSG00000078921	Tgtp2	TGTP	T cell specific GTPase 2	protein-coding
13.454160630702972	chr8	84664801	84665400	+	0	NA	Intergenic	Intergenic	-2248	NM_010499	15936	Mm.399	NM_010499	ENSMUSG00000053560	Ier2	AI317238|Ch1|Pip92	immediate early response 2	protein-coding
3.2531486728361676	chr17	35325001	35326400	+	0	NA	TTS (NM_010390)	TTS (NM_010390)	5153	NM_010390	15006	Mm.466882	NM_010390	ENSMUSG00000079507	H2-Q1	H-2Q1|H2-D1|Q1|Q1b|Q1d|Q1k|Qa-1|Qa1|Qed-1	histocompatibility 2, Q region locus 1	protein-coding
0.7528376244008541-2	chr15	9529001	9529800	+	0	NA	intron (NM_001355680, intron 1 of 7)	intron (NM_001355680, intron 1 of 7)	476	NM_008372	16197	Mm.389	NM_008372	ENSMUSG00000003882	Il7r	CD127|IL-7Ralpha	interleukin 7 receptor	protein-coding
2.8369024035903827	chr12	108792001	108795400	+	0	NA	exon (NM_009537, exon 1 of 5)	exon (NM_009537, exon 1 of 5)	403	NM_009537	22632	Mm.3868	NM_009537	ENSMUSG00000021264	Yy1	NF-E1|YY-1	YY1 transcription factor	protein-coding
1.0851245820522308	chr2	65188801	65189200	+	0	NA	intron (NM_001363076, intron 1 of 14)	intron (NM_001363076, intron 1 of 14)	49791	NM_177025	319876	Mm.34159	NM_027225	ENSMUSG00000034903	Cobll1	1810047P18Rik|Coblr1|D430044D16Rik	Cobl-like 1	protein-coding
1.3773789662408809	chr13	64151801	64153800	+	0	NA	promoter-TSS (NM_001361047)	promoter-TSS (NM_001361047)	399	NM_175494	238673	Mm.300065	NM_175494	ENSMUSG00000044934	Zfp367	8030486J21Rik|ZFF29a|ZFF29b|Znf367	zinc finger protein 367	protein-coding
2.2273609867940345	chr1	118310601	118311800	+	0	NA	promoter-TSS (NR_153836)	promoter-TSS (NR_153836)	146	NM_011650	22099	Mm.426637	NM_011650	ENSMUSG00000026374	Tsn	2610034C24Rik|AU040286|C3PO|TB-RBP	translin	protein-coding
0.525780353444155	chr12	107999601	108004400	+	0	NA	intron (NM_001079883, intron 1 of 3)	intron (NM_001079883, intron 1 of 3)	1414	NM_001079883	58208	Mm.392694	NM_021399	ENSMUSG00000048251	Bcl11b	9130430L19Rik|AI604821|B630002E05Rik|BCL-11B|Ctip2|Rit1	B cell leukemia/lymphoma 11B	protein-coding
4.427031437555949	chr13	114885001	114885600	+	0	NA	intron (NM_008396, intron 3 of 29)	intron (NM_008396, intron 3 of 29)	46800	NM_008396	16398	Mm.5007	NM_008396	ENSMUSG00000015533	Itga2	CD49B|DX5|GPIa	integrin alpha 2	protein-coding
12.292540650814772	chr13	23445601	23446600	+	0	NA	Intergenic	Intergenic	-15083	NR_015492	320842	Mm.487476	NR_015492	ENSMUSG00000085024	C230035I16Rik	-	RIKEN cDNA C230035I16 gene	ncRNA
0.0-7	chr8	10472001	10472200	+	0	NA	intron (NM_001319151, intron 21 of 34)	(TC)n|Simple_repeat|Simple_repeat	318189	NM_001319151	244281	Mm.422761	NM_001081397	ENSMUSG00000039057	Myo16	BM140241|C230040D10Rik|Gm1105|NYAP3|mKIAA0865	myosin XVI	protein-coding
1.3187638446688652	chr1	64301201	64301400	+	0	NA	Intergenic	Intergenic	-179911	NM_033563	93691	Mm.29466	NM_033563	ENSMUSG00000025959	Klf7	9830124P08Rik	Kruppel-like factor 7 (ubiquitous)	protein-coding
10.049084602855146	chr9	38717601	38718400	+	0	NA	promoter-TSS (NM_001145957)	promoter-TSS (NM_001145957)	-268	NM_001145957	67776	Mm.290950	NM_172767	ENSMUSG00000023186	Vwa5a	5830475I06Rik|AW552491|BCSC-1|E130119J22|Loh11cr2a	von Willebrand factor A domain containing 5A	protein-coding
4.226274797692895	chrX	48513201	48514000	+	0	NA	promoter-TSS (NM_001290364)	promoter-TSS (NM_001290364)	-37	NM_012019	26926	Mm.240434	NM_012019	ENSMUSG00000036932	Aifm1	AIF|AIFsh2|Hq|Pdcd8	apoptosis-inducing factor, mitochondrion-associated 1	protein-coding
0.5018917496005694-2	chr16	20629801	20630400	+	0	NA	intron (NM_177942, intron 1 of 17)	intron (NM_177942, intron 1 of 17)	249	NM_177942	107522	Mm.263319	NM_139293	ENSMUSG00000022842	Ece2	1810009K13Rik|6330509A19Rik|9630025D12Rik|BB127715|Ece-2|Eef1akmt4-Ece2	endothelin converting enzyme 2	protein-coding
7.886623317996661	chr3	79842001	79843200	+	0	NA	promoter-TSS (NM_027495)	promoter-TSS (NM_027495)	62	NM_027495	70652	Mm.46635	NM_027495	ENSMUSG00000027956	Tmem144	1110057I03Rik|5730537D05Rik	transmembrane protein 144	protein-coding
1.1941562294960022	chr1	36764401	36764600	+	0	NA	promoter-TSS (NM_001289766)	promoter-TSS (NM_001289766)	-15	NM_001289766	22637	Mm.8038	NM_009539	ENSMUSG00000026117	Zap70	Srk|ZAP-70|mrtle|mur	zeta-chain (TCR) associated protein kinase	protein-coding
5.524270673841238	chr6	121245401	121246400	+	0	NA	promoter-TSS (NM_011909)	promoter-TSS (NM_011909)	-6	NM_011909	24110	Mm.326911	NM_011909	ENSMUSG00000030107	Usp18	1110058H21Rik|AW047653|UBP43|Ubp15	ubiquitin specific peptidase 18	protein-coding
1.3153025259574254	chr1	69768801	69769400	+	0	NA	Intergenic	Intergenic	-57870	NM_029160	66722	Mm.440554	NM_025728	ENSMUSG00000053153	Spag16	4921511D23Rik|4930524F24Rik|4930585K05Rik|AV261009|Pf20|Wdr29	sperm associated antigen 16	protein-coding
3.561700855381787	chr13	4191601	4192400	+	0	NA	intron (NM_013778, intron 1 of 8)	intron (NM_013778, intron 1 of 8)	813	NM_013778	27384	Mm.27447	NM_013778	ENSMUSG00000021213	Akr1c13	mKIAA4014	aldo-keto reductase family 1, member C13	protein-coding
1.3196743154357224	chr4	11190201	11192400	+	0	NA	promoter-TSS (NM_001282943)	promoter-TSS (NM_001282943)	-51	NM_001037134	12448	Mm.35867	NM_009830	ENSMUSG00000028212	Ccne2	-	cyclin E2	protein-coding
5.448121576259534	chr3	142496401	142497600	+	0	NA	promoter-TSS (NM_153564)	promoter-TSS (NM_153564)	66	NM_153564	229898	Mm.459245	NM_153564	ENSMUSG00000105504	Gbp5	5330409J06Rik|Gbp5a	guanylate binding protein 5	protein-coding
0.051919836550951004	chr1	52362401	52362800	+	0	NA	Intergenic	RMER17B|LTR|ERVK	-129368	NM_001081081	14660	Mm.398608	NM_001081081	ENSMUSG00000026103	Gls	6330442B14|AI314027|B230365M23Rik	glutaminase	protein-coding
0.0-25	chr7	100674001	100674400	+	0	NA	Intergenic	Intergenic	-11806	NM_001163182	27276	Mm.491216	NM_013746	ENSMUSG00000030701	Plekhb1	AI315628|PHR1|Phret1|evt-1	pleckstrin homology domain containing, family B (evectins) member 1	protein-coding
9.631129870191216	chr3	87884601	87886200	+	0	NA	5' UTR (NM_033573, exon 1 of 7)	5' UTR (NM_033573, exon 1 of 7)	162	NM_033573	94315	Mm.35089	NM_033573	ENSMUSG00000004895	Prcc	-	papillary renal cell carcinoma (translocation-associated)	protein-coding
4.015999395400286	chr12	99407001	99407800	+	0	NA	intron (NM_183186, intron 1 of 5)	intron (NM_183186, intron 1 of 5)	42674	NM_183186	71375	Mm.341972	NM_183186	ENSMUSG00000033713	Foxn3	5430426H20Rik|AA589593|AW556347|Ches1|Ches1l|HTLFL1	forkhead box N3	protein-coding
1.505675245076418	chr5	124036601	124036800	+	0	NA	Intergenic	(TCCC)n|Simple_repeat|Simple_repeat	-4440	NM_177876	330192	Mm.4079	NM_177876	ENSMUSG00000066278	Vps37b	2300007F24Rik|AI415429|BC026744	vacuolar protein sorting 37B	protein-coding
8.34870982170105	chr7	106280201	106280400	+	0	NA	Intergenic	MYSERV6-int|LTR|ERVK	44228	NR_030720	668128	Mm.484022	NR_030720		Gm8989	EG668128|Gm21911	very large inducible GTPase 1 pseudogene	pseudo
4.60153814991991	chr3	133543201	133545000	+	0	NA	intron (NM_001040400, intron 1 of 10)	intron (NM_001040400, intron 1 of 10)	290	NM_001040400	214133	Mm.347816	NM_145989	ENSMUSG00000040943	Tet2	Ayu17-449|E130014J05Rik|mKIAA1546	tet methylcytosine dioxygenase 2	protein-coding
0.8084660204393523	chr14	44988601	44990000	+	0	NA	exon (NM_008964, exon 1 of 2)	exon (NM_008964, exon 1 of 2)	1189	NM_008964	19217	Mm.4630	NM_008964	ENSMUSG00000037759	Ptger2	EP2|Ptgerep2	prostaglandin E receptor 2 (subtype EP2)	protein-coding
2.9940439524749913	chr7	105744001	105744600	+	0	NA	promoter-TSS (NM_020024)	promoter-TSS (NM_020024)	38	NM_020024	24075	Mm.274846	NM_020024	ENSMUSG00000043866	Taf10	30kDa|AU041226|TAFII30|Taf2h	TATA-box binding protein associated factor 10	protein-coding
0.7528376299887896-2	chr6	40435201	40436400	+	0	NA	intron (NM_001356375, intron 1 of 8)	CpG	335	NM_001356375	243780	Mm.333006	NM_175528	ENSMUSG00000037172	E330009J07Rik	AI841796|Lchn|mKIAA1147	RIKEN cDNA E330009J07 gene	protein-coding
6.36537215411663	chr18	44380201	44381200	+	0	NA	intron (NM_027490, intron 1 of 10)	CpG	200	NM_027490	70640	Mm.87629	NM_027490	ENSMUSG00000024472	Dcp2	2410015D23Rik|5730537H01Rik|AL118268	decapping mRNA 2	protein-coding
3.7629349300801187	chr8	46617001	46618800	+	0	NA	promoter-TSS (NR_151680)	promoter-TSS (NR_151680)	609	NM_001284409	12367	Mm.34405	NM_009810	ENSMUSG00000031628	Casp3	A830040C14Rik|AC-3|CASP-3|CC3|CPP-32|CPP32|Caspase-3|Lice|SCA-1|Yama|mldy	caspase 3	protein-coding
2.471384212374687	chr3	105825601	105825800	+	0	NA	Intergenic	Intergenic	10133	NR_045845	433637	Mm.331285	NR_045845	ENSMUSG00000104835	Gm5547	EG433637	predicted gene 5547	ncRNA
8.45848321063178	chr5	91962001	91963400	+	0	NA	promoter-TSS (NR_073442)	promoter-TSS (NR_073442)	-144	NR_073442	68098	Mm.159453	NM_026557	ENSMUSG00000029397	Rchy1	ARNIP|CHIMP|Pirh2|Zfp363|Znf363	ring finger and CHY zinc finger domain containing 1	protein-coding
8.281214079509178	chr4	147868001	147869200	+	0	NA	promoter-TSS (NM_010244)	promoter-TSS (NM_010244)	119	NM_001025365	28010	Mm.250504	NM_133873	ENSMUSG00000029022	Miip	AA553001|AI853621|D4Wsu114e|IIP45	migration and invasion inhibitory protein	protein-coding
3.764188177883625	chr17	28133201	28133600	+	0	NA	intron (NR_039557, intron 3 of 3).2	intron (NR_039557, intron 3 of 3).2	-8909	NM_001368734	268935	Mm.258491	NM_001004366	ENSMUSG00000038677	Scube3	CEGF3|D030038I21Rik	signal peptide, CUB domain, EGF-like 3	protein-coding
0.3764188140630722-2	chr8	120228001	120229600	+	0	NA	promoter-TSS (NR_110496)	promoter-TSS (NR_110496)	-570	NR_110496	434353	Mm.411793	NR_110496	ENSMUSG00000097960	A330074K22Rik	-	RIKEN cDNA A330074K22 gene	ncRNA
4.289492030696024	chr11	69367201	69370200	+	0	NA	intron (NM_146019, intron 1 of 39)	CpG	726	NM_146019	216848	Mm.178246	NM_146019	ENSMUSG00000018474	Chd3	2600010P09Rik|AF020312|Chd7|Prp7|Prp9-1	chromodomain helicase DNA binding protein 3	protein-coding
1.3174658408388495	chr11	107546801	107548400	+	0	NA	promoter-TSS (NM_198298)	promoter-TSS (NM_198298)	-333	NM_198298	78455	Mm.272047	NM_198298	ENSMUSG00000020721	Helz	3110078M01Rik|9430093I07Rik|9630002H22Rik|AI851979|DRHC	helicase with zinc finger domain	protein-coding
4.143202990293503	chr1	181840001	181840200	+	0	NA	intron (NM_133815, intron 1 of 13)	intron (NM_133815, intron 1 of 13)	2301	NM_133815	98386	Mm.4538	NM_133815	ENSMUSG00000004880	Lbr	AI505894|C14SR|ic	lamin B receptor	protein-coding
2.2481289207935333	chr15	97247601	97248000	+	0	NA	promoter-TSS (NM_001164602)	promoter-TSS (NM_001164602)	-513	NM_178114	105827	Mm.24005	NM_178114	ENSMUSG00000048218	Amigo2	AI415330|AMIGO-2|AW208913|Ali1	adhesion molecule with Ig like domain 2	protein-coding
0.0-15	chr14	56297001	56297200	+	0	NA	Intergenic	Intergenic	-34766	NM_013542	14939	Mm.14874	NM_013542	ENSMUSG00000015437	Gzmb	AI553453|CCP-1/C11|CCP1|Ctla-1|Ctla1|GZB	granzyme B	protein-coding
1.505675245076418-4	chr3	40510601	40510800	+	0	NA	intron (NR_040445, intron 3 of 5)	Lx8b|LINE|L1	12212	NR_040445	100040882	Mm.272869	NR_040445	ENSMUSG00000037884	1700017G19Rik	-	RIKEN cDNA 1700017G19 gene	ncRNA
3.8670249470739226	chr7	92668401	92670400	+	0	NA	intron (NM_029078, intron 1 of 15)	intron (NM_029078, intron 1 of 15)	512	NM_029078	74737	Mm.288645	NM_029078	ENSMUSG00000041328	Pcf11	2500001H09Rik|5730417B17Rik|C77803	PCF11 cleavage and polyadenylation factor subunit	protein-coding
2.4056191196044288	chr1	34432601	34433800	+	0	NA	promoter-TSS (NR_039562)	promoter-TSS (NR_039562)	-1	NR_039562	100628580		NR_039562	ENSMUSG00000092852	Mir5103	mir-5103|mmu-mir-5103|mu-mir-5103	microRNA 5103	ncRNA
0.11076231797536214	chr13	105293601	105294800	+	0	NA	intron (NM_001360891, intron 1 of 7)	CpG	285	NM_001360891	71816	Mm.317015	NM_027934	ENSMUSG00000021720	Rnf180	3110001E11Rik|Rines	ring finger protein 180	protein-coding
0.3478629067540169	chr3	19618401	19618800	+	0	NA	Intergenic	L1VL4|LINE|L1	-25860	NM_001081281	381485	Mm.35419	NM_001081281	ENSMUSG00000060913	Trim55	D830041C10Rik|Murf2|Rnf29	tripartite motif-containing 55	protein-coding
1.1292564403265715	chr10	79916401	79917200	+	0	NA	promoter-TSS (NM_053244)	promoter-TSS (NM_053244)	130	NM_177994	109284	Mm.300416	NM_177994	ENSMUSG00000035781	R3hdm4	AI503502|C030046I01Rik	R3H domain containing 4	protein-coding
0.5763101819902658	chr13	73268201	73269000	+	0	NA	exon (NM_018885, exon 6 of 6)	exon (NM_018885, exon 6 of 6)	8103	NM_018885	50916	Mm.103784	NM_018885	ENSMUSG00000021604	Irx4	-	Iroquois homeobox 4	protein-coding
7.554336279630661	chr4	145254401	145254800	+	0	NA	Intergenic	L1M5|LINE|L1	-7730	NM_011610	21938	Mm.235328	NM_011610	ENSMUSG00000028599	Tnfrsf1b	CD120b|TNF-R-II|TNF-R2|TNF-R75|TNF-alphaR2|TNFBR|TNFR80|TNFRII|TNFalpha-R2|Tnfr-1|Tnfr2|p75	tumor necrosis factor receptor superfamily, member 1b	protein-coding
0.7528376281261444-3	chr6	15645001	15645400	+	0	NA	Intergenic	RLTR12B|LTR|ERVK	-75461	NM_175088	16543	Mm.1314	NM_175088	ENSMUSG00000041390	Mdfic	Kdt1|Mdfid	MyoD family inhibitor domain containing	protein-coding
2.870128568261862	chr9	47529601	47530600	+	0	NA	promoter-TSS (NM_207676)	promoter-TSS (NM_207676)	-70	NM_001310841	54725	Mm.234832	NM_018770	ENSMUSG00000032076	Cadm1	2900073G06Rik|3100001I08Rik|AI987920|Bl2|Igsf4|Igsf4a|Necl2|RA175|RA175A|RA175B|RA175C|RA175N|ST17|SgIGSF|SynCam|Tslc1	cell adhesion molecule 1	protein-coding
0.9602202366107895	chr17	27240001	27242000	+	0	NA	intron (NR_131118, intron 1 of 2)	L2c|LINE|L2	7066	NR_131118	319720	Mm.394996	NR_131118	ENSMUSG00000117916	9630028I04Rik	-	RIKEN cDNA 9630028I04 gene	ncRNA
0.0-16	chr14	74950001	74950200	+	0	NA	Intergenic	Intergenic	-2223	NM_001033439	380916	Mm.288868	NM_001033439	ENSMUSG00000068015	Lrch1	4832412D13Rik|AI552548|AW215503|Chdc1|mKIAA1016	leucine-rich repeats and calponin homology (CH) domain containing 1	protein-coding
0.6452893966010639	chr4	126620001	126621400	+	0	NA	Intergenic	Intergenic	10846	NM_001145950	230757	Mm.296838	NM_001013755	ENSMUSG00000073755	5730409E04Rik	7530403E16Rik|AI849033	RIKEN cDNA 5730409E04Rik gene	protein-coding
19.480322778224945	chr15	78244801	78245000	+	0	NA	promoter-TSS (NM_008677)	promoter-TSS (NM_008677)	89	NM_008677	17972	Mm.2068	NM_008677	ENSMUSG00000071715	Ncf4	AI451400|p40phox	neutrophil cytosolic factor 4	protein-coding
1.1630043275654316	chr11	103262401	103262800	+	0	NA	intron (NM_016896, intron 1 of 15)	intron (NM_016896, intron 1 of 15)	4801	NM_016896	53859	Mm.158981	NM_016896	ENSMUSG00000020941	Map3k14	Nik|aly	mitogen-activated protein kinase kinase kinase 14	protein-coding
2.486960183829069-2	chr13	30973001	30974200	+	0	NA	intron (NM_025588, intron 1 of 27)	intron (NM_025588, intron 1 of 27)	447	NM_025588	66482	Mm.293510	NM_025588	ENSMUSG00000021357	Exoc2	2410030I24Rik|AI648199|Sec5|Sec5l1	exocyst complex component 2	protein-coding
4.039363332092762	chr17	23777001	23777400	+	0	NA	intron (NM_029798, intron 2 of 2)	intron (NM_029798, intron 2 of 2)	-5598	NM_001357993	224613	Mm.328835	NM_153791	ENSMUSG00000040097	Flywch1	E030034P13Rik|mKIAA1552	FLYWCH-type zinc finger 1	protein-coding
0.45949055068194866	chr7	79052801	79053600	+	0	NA	promoter-TSS (NM_007424)	promoter-TSS (NM_007424)	-26	NM_001361500	11595	Mm.358571	NM_007424	ENSMUSG00000030607	Acan	Agc|Agc1|CSPCP|Cspg1|b2b183Clo|cmd	aggrecan	protein-coding
5.371972531080246	chr10	59220801	59221400	+	0	NA	promoter-TSS (NM_172939)	promoter-TSS (NM_172939)	747	NM_001024911	103080	Mm.346842	NM_001024910	ENSMUSG00000019917	Sept10	4921515A04Rik|9430099J10Rik|AA408298|AI874685	septin 10	protein-coding
1.2391534447669983	chr6	128023601	128024200	+	0	NA	intron (NM_175414, intron 3 of 8)	intron (NM_175414, intron 3 of 8)	119678	NM_175414	109246	Mm.21814	NM_175414	ENSMUSG00000030352	Tspan9	6720474K14Rik|9430079M16Rik|AU018597|Tspan-9	tetraspanin 9	protein-coding
2.4834988974034786	chr9	108648601	108649800	+	0	NA	intron (NM_001357285, intron 1 of 15)	CpG	208	NM_001357286	23807	Mm.290447	NM_011790	ENSMUSG00000064145	Arih2	AI843547|ARI2|TRIAD1|UIP48	ariadne RBR E3 ubiquitin protein ligase 2	protein-coding
11.951946675777435	chr2	144168201	144168400	+	0	NA	Intergenic	Intergenic	20990	NR_136884	433481	Mm.330630	NR_136884	ENSMUSG00000074758	Gm5535	EG433481	predicted gene 5535	ncRNA
4.382034327834845	chr7	126199401	126200800	+	0	NA	5' UTR (NM_001311143, exon 1 of 24)	5' UTR (NM_001311143, exon 1 of 24)	401	NM_001311143	74204	Mm.235663	NM_028816	ENSMUSG00000000131	Xpo6	2610005L19Rik|AL022631|C230091E20Rik|R75304|Ranbp20|exp6|mKIAA0370	exportin 6	protein-coding
3.104806214570999	chr4	135492601	135492800	+	0	NA	intron (NM_001361484, intron 1 of 11)	intron (NM_001361484, intron 1 of 11)	1878	NM_028995	74552	Mm.26548	NM_028995	ENSMUSG00000028803	Nipal3	9130020G22Rik|AI480660|Npal3	NIPA-like domain containing 3	protein-coding
2.7848377089228986-2	chr14	61647001	61649400	+	0	NA	intron (NR_028264, intron 1 of 6)	CpG	-16090	NR_029733	387174		NR_029733	ENSMUSG00000093007	Mir15a	Mirn15a|mir-15a|mmu-mir-15a	microRNA 15a	ncRNA
0.9189811106771231	chr10	59221401	59222200	+	0	NA	promoter-TSS (NM_001024911)	promoter-TSS (NM_001024911)	47	NM_001024911	103080	Mm.346842	NM_001024910	ENSMUSG00000019917	Sept10	4921515A04Rik|9430099J10Rik|AA408298|AI874685	septin 10	protein-coding
5.272978675365448	chr4	148448001	148449000	+	0	NA	promoter-TSS (NM_020009)	promoter-TSS (NM_020009)	-82	NM_020009	56717	Mm.21158	NM_020009	ENSMUSG00000028991	Mtor	2610315D21Rik|AI327068|FRAP|FRAP2|Frap1|RAFT1|RAPT1|flat	mechanistic target of rapamycin kinase	protein-coding
0.7528376262634993	chr17	33491401	33491800	+	0	NA	Intergenic	Intergenic	-32485	NM_001329143	224697	Mm.29304	NM_172619	ENSMUSG00000024299	Adamts10	9430006O18|AW045948|Adam-ts10|Adamts-10|Znmp	a disintegrin-like and metallopeptidase (reprolysin type) with thrombospondin type 1 motif, 10	protein-coding
1.2616520375013351	chr12	113988201	113988600	+	0	NA	Intergenic	L1_Mus3|LINE|L1	444492	NM_174885	238406	Mm.188683	NM_174885	ENSMUSG00000043945	Adam6a	Adam6|tMDCIV	a disintegrin and metallopeptidase domain 6A	protein-coding
2.2014010958373547	chr5	105670001	105670200	+	0	NA	Intergenic	Intergenic	-29869	NM_001122768	231549	Mm.23837	NM_178701	ENSMUSG00000046079	Lrrc8d	2810473G09Rik|4930525N13Rik|A930019F03|Lrrc5	leucine rich repeat containing 8D	protein-coding
0.11162765324115753	chr11	75588001	75588800	+	0	NA	intron (NM_008850, intron 1 of 11)	CpG	321	NM_008850	18738	Mm.3128	NM_008850	ENSMUSG00000017781	Pitpna	Pitpn|vb|vibrator	phosphatidylinositol transfer protein, alpha	protein-coding
1.194156225770712	chr2	168588401	168589000	+	0	NA	intron (NM_001291168, intron 1 of 9)	intron (NM_001291168, intron 1 of 9)	1665	NM_001291175	18019	Mm.116802	NM_010899	ENSMUSG00000027544	Nfatc2	AI607462|NF-ATc2|NF-ATp|NFAT1|NFAT1-D|Nfatp	nuclear factor of activated T cells, cytoplasmic, calcineurin dependent 2	protein-coding
3.9397141237955706	chr17	64600601	64602400	+	0	NA	promoter-TSS (NM_008549)	promoter-TSS (NM_008549)	-149	NM_008549	17158	Mm.2433	NM_008549	ENSMUSG00000024085	Man2a1	Mana-2|Mana2|Map-2	mannosidase 2, alpha 1	protein-coding
2.2844728231430054	chr7	98694201	98694400	+	0	NA	non-coding (NR_144495, exon 1 of 1)	non-coding (NR_144495, exon 1 of 1)	8628	NR_144495	100040769	Mm.126401	NR_144495		Gm15506	-	predicted gene 15506	ncRNA
0.0-19	chrX	50933801	50934200	+	0	NA	intron (NM_001190332, intron 1 of 11)	intron (NM_001190332, intron 1 of 11)	8710	NM_001190332	385354	Mm.393050	NM_001190332	ENSMUSG00000036131	Frmd7	EG665849|Gm1533	FERM domain containing 7	protein-coding
5.805777461845839	chr4	129188801	129190800	+	0	NA	promoter-TSS (NM_001347203)	promoter-TSS (NM_001347203)	-73	NM_001361317	74648	Mm.172064	NM_029036	ENSMUSG00000040928	S100pbp	4930429A08Rik|AI851343|S100pbpr	S100P binding protein	protein-coding
0.7476456463336945	chr7	101584201	101584400	+	0	NA	Intergenic	Intergenic	-3139	NM_019915	11872	Mm.57008	NM_019915	ENSMUSG00000030651	Art2b	ART2.2|ARTC2|Art|Ly92b|Rt-6|Rt6|Rt6-2	ADP-ribosyltransferase 2b	protein-coding
0.7632215917110443	chr7	127708001	127708800	+	0	NA	promoter-TSS (NR_030428)	promoter-TSS (NR_030428)	-87	NR_030428	791073		NR_030428	ENSMUSG00000076454	Mir762	Mirn762|mir-762|mmu-mir-762	microRNA 762	ncRNA
1.5596718840301036	chr13	98588801	98589800	+	0	NA	Intergenic	CpG	48110	NM_026685	68344	Mm.28766	NM_026685	ENSMUSG00000046082	Tmem174	0610009B10Rik|AA986094	transmembrane protein 174	protein-coding
3.0113505258091857	chr2	155626401	155627800	+	0	NA	intron (NM_001085378, intron 24 of 41)	intron (NM_001085378, intron 24 of 41)	4220	NR_030757	735275		NR_030757	ENSMUSG00000076312	Mir499	Mirn499|mir-499|mmu-mir-499	microRNA 499	ncRNA
6.952807917126587	chr4	86856601	86858000	+	0	NA	promoter-TSS (NM_009096)	promoter-TSS (NM_009096)	67	NM_009096	20104	Mm.379007	NM_009096	ENSMUSG00000028495	Rps6	S6R	ribosomal protein S6	protein-coding
2.5799359849311525	chr4	147221201	147232200	+	0	NA	Intergenic	MuLV-int|LTR|ERV1	-158264	NR_045446	71270	Mm.460830	NR_045446	ENSMUSG00000093617	4933438K21Rik	-	RIKEN cDNA 4933438K21 gene	ncRNA
4.2288707587867975	chr15	102279201	102280000	+	0	NA	5' UTR (NM_134100, exon 1 of 2)	5' UTR (NM_134100, exon 1 of 2)	144	NM_134100	106073	Mm.287740	NM_134100	ENSMUSG00000045665	Mfsd5	AA409375|AW556797|D15Mgi27	major facilitator superfamily domain containing 5	protein-coding
1.6354748411104083	chr2	168909001	168909800	+	0	NA	intron (NM_001369059, intron 5 of 8)	RLTR17B_Mm|LTR|ERVK	3203	NM_001370946	22722	Mm.2095	NM_009564	ENSMUSG00000027551	Zfp64	Gm38422	zinc finger protein 64	protein-coding
6.103631574213098	chr3	103914001	103916200	+	0	NA	exon (NM_001356558, exon 1 of 6)	exon (NM_001356558, exon 1 of 6)	980	NM_001356556	229675	Mm.29366	NM_172684	ENSMUSG00000044098	Rsbn1	C230004D03Rik|E330004N01|KDM9|Rosbin|Rsbn|Rsbp|mKIAA3002	rosbin, round spermatid basic protein 1	protein-coding
1.0087282466036933	chr4	32982801	32984200	+	0	NA	exon (NM_001369055, exon 1 of 8)	exon (NM_001369055, exon 1 of 8)	209	NM_001369055	52187	Mm.300814	NM_027491	ENSMUSG00000028278	Rragd	5730543C08Rik|AI467523|C030003H22Rik|D4Ertd174e	Ras-related GTP binding D	protein-coding
5.217943681403995	chr1	7088201	7089800	+	0	NA	promoter-TSS (NM_183028)	promoter-TSS (NM_183028)	80	NM_183028	319263	Mm.21539	NM_183028	ENSMUSG00000051285	Pcmtd1	8430411F12Rik|A030012M09Rik	protein-L-isoaspartate (D-aspartate) O-methyltransferase domain containing 1	protein-coding
3.1740327179431915	chr17	29268801	29269400	+	0	NA	intron (NM_030561, intron 1 of 8)	CpG	312	NM_030561	80748	Mm.290116	NM_030561	ENSMUSG00000052712	BC004004	2400006G15Rik	cDNA sequence BC004004	protein-coding
0.12979958951473236	chr17	26138601	26139400	+	0	NA	5' UTR (NM_009733, exon 1 of 11)	5' UTR (NM_009733, exon 1 of 11)	314	NM_009733	12005	Mm.23684	NM_009733	ENSMUSG00000024182	Axin1	AI316800|Axin|Fu|Kb|Ki|fused|kinky|knobbly	axin 1	protein-coding
1.5117277954689026	chrX	169879201	169882200	+	0	NA	intron (NM_001290505, intron 1 of 9)	intron (NM_001290505, intron 1 of 9)	1081	NM_001290506	17318	Mm.34441	NM_010797	ENSMUSG00000035299	Mid1	61B3-R|DXHXS1141|Fxy|Trim18	midline 1	protein-coding
5.959953710553502	chr12	91587801	91590800	+	0	NA	intron (NM_175335, intron 1 of 8)	GC_rich|Low_complexity|Low_complexity	349	NM_031391	83602	Mm.275728	NM_031391	ENSMUSG00000020962	Gtf2a1	6330549H03Rik|AA536742|AA959775|AW060250|TfIIAa/b|Tfiia1	general transcription factor II A, 1	protein-coding
2.950344756245613	chr8	71272001	71273600	+	0	NA	promoter-TSS (NM_001142323)	promoter-TSS (NM_001142323)	86	NM_001142322	17925	Mm.33779	NM_015742	ENSMUSG00000004677	Myo9b	-	myosin IXb	protein-coding
1.357703739311546	chr13	48260601	48262200	+	0	NA	5' UTR (NM_031166, exon 1 of 3)	5' UTR (NM_031166, exon 1 of 3)	284	NM_031166	15904	Mm.458006	NM_031166	ENSMUSG00000021379	Id4	Idb4|bHLHb27	inhibitor of DNA binding 4	protein-coding
2.788216946102463	chr8	20521001	20529200	+	0	NA	Intergenic	Intergenic	-89827	NM_001270553	100861668	Mm.491087	NM_001270553	ENSMUSG00000095294	Gm21119	-	predicted gene, 21119	protein-coding
3.063270330429077	chr3	138275201	138275400	+	0	NA	Intergenic	Intergenic	-2285	NM_007409	11522	Mm.2409	NM_007409	ENSMUSG00000074207	Adh1	ADH-A2|ADH-AA|AI194826|Adh-1|Adh-1-t|Adh-1e|Adh-1t|Adh-3e|Adh1-e|Adh1-t|Adh1tl|Adh3-e	alcohol dehydrogenase 1 (class I)	protein-coding
1.7756584025919437	chr3	96010201	96010600	+	0	NA	intron (NM_013841, intron 14 of 14)	intron (NM_013841, intron 14 of 14)	-14561	NM_023320	67220	Mm.458147	NM_023320	ENSMUSG00000015745	Plekho1	2810052M02Rik|CKIP-1|Ckip1|JZA-20|Jza2	pleckstrin homology domain containing, family O member 1	protein-coding
1.9358682036399841	chr16	3303001	3304400	+	0	NA	Intergenic	Intergenic	-288698	NM_146860	258859	Mm.377723	NM_146860	ENSMUSG00000051003	Olfr161	MOR131-1|OR912-47M6	olfactory receptor 161	protein-coding
3.2622964220742383	chr2	101678401	101679600	+	0	NA	intron (NM_001303273, intron 1 of 6)	intron (NM_001303273, intron 1 of 6)	580	NM_009424	22034	Mm.292729	NM_009424	ENSMUSG00000027164	Traf6	2310003F17Rik|AI851288|C630032O20Rik	TNF receptor-associated factor 6	protein-coding
3.63190065608362	chr1	160211601	160213600	+	0	NA	intron (NM_009786, intron 1 of 5)	CpG	292	NM_009786	12301	Mm.10702	NM_009786	ENSMUSG00000014226	Cacybp	SIP	calcyclin binding protein	protein-coding
2.6409890142579875	chr8	125049001	125049600	+	0	NA	Intergenic	ID_B1|SINE|B4	-4895	NM_174854	244667	Mm.233504	NM_170596	ENSMUSG00000043051	Disc1	-	disrupted in schizophrenia 1	protein-coding
1.6718187183141708	chr2	26494401	26494600	+	0	NA	intron (NM_008714, intron 2 of 33)	(CA)n|Simple_repeat|Simple_repeat	9322	NM_008714	18128	Mm.290610	NM_008714	ENSMUSG00000026923	Notch1	9930111A19Rik|Mis6|N1|Tan1|lin-12	notch 1	protein-coding
3.9588289143152147	chr6	136938601	136942000	+	0	NA	promoter-TSS (NM_001301303)	promoter-TSS (NM_001301303)	-773	NM_001301303	11857	Mm.2241	NM_007486	ENSMUSG00000030220	Arhgdib	D4|Gdid4|Ly-GDI	Rho, GDP dissociation inhibitor (GDI) beta	protein-coding
0.6922644873460134	chr10	4632201	4632800	+	0	NA	intron (NM_007956, intron 1 of 8)	intron (NM_007956, intron 1 of 8)	20511	NR_126357	13982	Mm.9213	NM_007956	ENSMUSG00000019768	Esr1	ER|ER-alpha|ERa|ERalpha|ESR|Estr|Estra|Nr3a1	estrogen receptor 1 (alpha)	protein-coding
4.2730026207864285	chr4	43010001	43010800	+	0	NA	promoter-TSS (NM_053081)	promoter-TSS (NM_053081)	-99	NM_053081	60534	Mm.23122	NM_053081	ENSMUSG00000028453	Fancg	AU041407|Xrcc9	Fanconi anemia, complementation group G	protein-coding
12.035018146038055	chr2	29869001	29869200	+	0	NA	promoter-TSS (NM_207298)	promoter-TSS (NM_207298)	-394	NM_207298	99151	Mm.296336	NM_207298	ENSMUSG00000039787	Cercam	2600006K01Rik|AL024097|Ceecam1	cerebral endothelial cell adhesion molecule	protein-coding
4.973920417328675	chr13	76018001	76019200	+	0	NA	promoter-TSS (NM_178916)	promoter-TSS (NM_178916)	6	NM_001131068	218341	Mm.266515	NM_178916	ENSMUSG00000043190	Rfesd	AI256775|D030068K09	Rieske (Fe-S) domain containing	protein-coding
2.2065930478274822	chr6	29420601	29421000	+	0	NA	intron (NM_001347071, intron 17 of 17)	intron (NM_001347071, intron 17 of 17)	-12353	NM_001081185	68794	Mm.39046	NM_026839	ENSMUSG00000068699	Flnc	1110055E19Rik|ABP-280|ABPL|Fln2	filamin C, gamma	protein-coding
1.9625698328018188	chr15	66577401	66578200	+	0	NA	5' UTR (NM_001081409, exon 1 of 21)	5' UTR (NM_001081409, exon 1 of 21)	228	NM_001081409	239510	Mm.267473	NM_178718	ENSMUSG00000072501	Phf20l1	CGI-72|E130113K22Rik	PHD finger protein 20-like 1	protein-coding
6.996717251092195	chr11	16507601	16508600	+	0	NA	5' UTR (NM_001109972, exon 1 of 4)	5' UTR (NM_001109972, exon 1 of 4)	384	NM_001109972	20335	Mm.325350	NM_011343	ENSMUSG00000078974	Sec61g	-	SEC61, gamma subunit	protein-coding
1.1110844910144806	chr7	16200601	16200800	+	0	NA	intron (NM_001285932, intron 13 of 16)	intron (NM_001285932, intron 13 of 16)	21293	NM_001285931	71723	Mm.75259	NM_027883	ENSMUSG00000006019	Dhx34	1200013B07Rik|1810012L18Rik|Ddx34|mKIAA0134	DEAH (Asp-Glu-Ala-His) box polypeptide 34	protein-coding
1.642658218452513	chr9	44879201	44882400	+	0	NA	intron (NM_001357549, intron 1 of 35)	intron (NM_001357549, intron 1 of 35)	489	NM_001357549	214162	Mm.2389	NM_001081049	ENSMUSG00000002028	Kmt2a	6430520K01|ALL-1|All1|Cxxc7|HRX|HTRX1|Mll|Mll1|mKIAA4050	lysine (K)-specific methyltransferase 2A	protein-coding
7.638446531444788	chr14	55726001	55727000	+	0	NA	Intergenic	B1_Mus1|SINE|Alu	-4237	NM_001360387	56187	Mm.87216	NM_019519	ENSMUSG00000040472	Rabggta	gm	Rab geranylgeranyl transferase, a subunit	protein-coding
1.4737111903782252	chr5	122501001	122502800	+	0	NA	non-coding (NR_027838, exon 1 of 21)	non-coding (NR_027838, exon 1 of 21)	325	NR_027838	11938	Mm.227583	NM_009722	ENSMUSG00000029467	Atp2a2	9530097L16Rik|D5Wsu150e|SERCA2|SERCA2B|Serca2a|mKIAA4195	ATPase, Ca++ transporting, cardiac muscle, slow twitch 2	protein-coding
4.558561712503433	chr19	56758601	56758800	+	0	NA	Intergenic	(CA)n|Simple_repeat|Simple_repeat	36583	NM_007419	11554	Mm.46797	NM_007419	ENSMUSG00000035283	Adrb1	Adrb-1|beta-AR	adrenergic receptor, beta 1	protein-coding
0.0-32	chr11	16257401	16258000	+	0	NA	promoter-TSS (NM_145967)	promoter-TSS (NM_145967)	-42	NM_001290539	211739	Mm.284015	NM_145967	ENSMUSG00000048834	Vstm2a	Vstm2	V-set and transmembrane domain containing 2A	protein-coding
1.1555872117834431	chr16	3975401	3976800	+	0	NA	intron (NM_001081280, intron 1 of 17)	intron (NM_001081280, intron 1 of 17)	532	NM_175547	268857	Mm.215994	NM_175547	ENSMUSG00000049871	Nlrc3	CLR16.2|D230007K08Rik|mFLJ00348	NLR family, CARD domain containing 3	protein-coding
0.0-45	chrX	106620601	106620800	+	0	NA	intron (NM_001033541, intron 1 of 3)	intron (NM_001033541, intron 1 of 3)	-17021	NM_001281862	58861	Mm.287166	NM_021476	ENSMUSG00000052821	Cysltr1	BB147369|CysLT1R|Cyslt1	cysteinyl leukotriene receptor 1	protein-coding
3.8926583149278717	chr2	31140601	31142400	+	0	NA	intron (NM_001038700, intron 1 of 14)	CpG	508	NM_001355106	14269	Mm.52297	NM_019406	ENSMUSG00000075415	Fnbp1	1110057E06Rik|2210010H06Rik|FBP1|Fbp17	formin binding protein 1	protein-coding
23.47295865789056	chr7	98059801	98060200	+	0	NA	intron (NM_008663, intron 39 of 48)	intron (NM_008663, intron 39 of 48)	49248	NM_001256082	17921	Mm.1403	NM_008663	ENSMUSG00000030761	Myo7a	Hdb|Myo7|USH1B|nmf371|polka|sh-1|sh1	myosin VIIA	protein-coding
5.273572049502816	chr11	59227201	59228600	+	0	NA	5' UTR (NM_001130408, exon 1 of 5)	5' UTR (NM_001130408, exon 1 of 5)	262	NM_001130408	11840	Mm.371546	NM_007476	ENSMUSG00000048076	Arf1	-	ADP-ribosylation factor 1	protein-coding
2.9178948433448872	chr9	50616601	50617800	+	0	NA	promoter-TSS (NM_028300)	promoter-TSS (NM_028300)	-121	NM_028300	72614	Mm.147232	NM_028300	ENSMUSG00000000167	Pih1d2	2700059L22Rik	PIH1 domain containing 2	protein-coding
3.9286010209470987	chr7	80534401	80535600	+	0	NA	promoter-TSS (NM_007550)	promoter-TSS (NM_007550)	-2	NM_007550	12144	Mm.12932	NM_007550	ENSMUSG00000030528	Blm	-	Bloom syndrome, RecQ like helicase	protein-coding
2.7272967159627903	chr11	115707201	115709400	+	0	NA	intron (NM_008163, intron 1 of 5)	GC_rich|Low_complexity|Low_complexity	297	NM_008163	14784	Mm.439649	NM_008163	ENSMUSG00000059923	Grb2	AA408164|Ash	growth factor receptor bound protein 2	protein-coding
2.425398117729596	chr9	66239201	66240600	+	0	NA	intron (NM_010019, intron 4 of 11)	intron (NM_010019, intron 4 of 11)	81674	NM_010019	13143	Mm.304472	NM_010019	ENSMUSG00000032380	Dapk2	-	death-associated protein kinase 2	protein-coding
3.1969639835879207	chr6	72185601	72187200	+	0	NA	Intergenic	Intergenic	49177	NM_153778	71093	Mm.87449	NM_153778	ENSMUSG00000037621	Atoh8	4933425C05Rik|Hath6|Math6|bHLHa21|okadin	atonal bHLH transcription factor 8	protein-coding
9.916688978672028	chr15	66997401	66997600	+	0	NA	Intergenic	L2c|LINE|L2	-27859	NM_008681	17988	Mm.30837	NM_008681	ENSMUSG00000005125	Ndrg1	CAP43|CMT4D|DRG1|HMSNL|NMSL|Ndr1|Ndrl|PROXY1|RTP|TDD5	N-myc downstream regulated gene 1	protein-coding
12.483591191268784	chr1	88262401	88269800	+	0	NA	exon (NM_172505, exon 5 of 5)	exon (NM_172505, exon 5 of 5)	3308	NR_040291	78605	Mm.384762	NR_040291		6430706D22Rik	-	RIKEN cDNA 6430706D22 gene	ncRNA
9.989376654227575	chr8	20297001	20297600	+	0	NA	intron (NR_030708, intron 1 of 4)	CpG	132	NR_030708	547150	Mm.359054	NR_030708	ENSMUSG00000071796	6820431F20Rik	-	cadherin 11 pseudogene	pseudo
2.0960779951087067	chr4	31963401	31964800	+	0	NA	promoter-TSS (NM_172688)	promoter-TSS (NM_172688)	-7	NM_172688	26409	Mm.258589	NM_009316	ENSMUSG00000028284	Map3k7	B430101B05|C87327|Tak1	mitogen-activated protein kinase kinase kinase 7	protein-coding
1.9781458266079426	chr4	41722801	41723200	+	0	NA	TTS (NM_001252622)	TTS (NM_001252622)	163	NM_016890	53598	Mm.29025	NM_016890	ENSMUSG00000028447	Dctn3	p24	dynactin 3	protein-coding
2.2429369688034058	chr18	64536201	64536600	+	0	NA	intron (NM_001001488, intron 26 of 27)	Lx8|LINE|L1	-19843	NM_001142950	70223	Mm.29192	NM_027350	ENSMUSG00000024587	Nars	3010001M15Rik|AA960128|ASNRS|C78150	asparaginyl-tRNA synthetase	protein-coding
4.675752241164446	chr17	24719401	24720800	+	0	NA	promoter-TSS (NM_008503)	promoter-TSS (NM_008503)	37	NM_008503	16898	Mm.157452	NM_008503	ENSMUSG00000044533	Rps2	Llrep3|S4	ribosomal protein S2	protein-coding
3.1730437454368388	chr11	80079801	80081200	+	0	NA	intron (NM_001277106, intron 1 of 6)	intron (NM_001277106, intron 1 of 6)	491	NM_001277106	54394	Mm.272093	NM_018776	ENSMUSG00000017561	Crlf3	BB164954|Creme9|Cytor4	cytokine receptor-like factor 3	protein-coding
0.0-36	chr1	69684401	69684800	+	0	NA	intron (NM_011770, intron 1 of 7)	intron (NM_011770, intron 1 of 7)	1360	NM_011770	22779	Mm.106343	NM_011770	ENSMUSG00000025997	Ikzf2	A730095J18Rik|Helios|Zfpn1a2|Znfn1a2	IKAROS family zinc finger 2	protein-coding
5.142659840174019	chr2	85037001	85037800	+	0	NA	promoter-TSS (NM_001136081)	promoter-TSS (NM_001136081)	-51	NM_001136081	20833	Mm.219793	NM_182990	ENSMUSG00000027067	Ssrp1	C81323|Hmg1-rs1|Hmgi-rs3|Hmgox|T160	structure specific recognition protein 1	protein-coding
4.016521367742296	chr1	30948601	30950400	+	0	NA	intron (NM_011200, intron 1 of 5)	CpG	210	NR_002688	433406	Mm.389003	NR_002688		Gm13363	-	predicted gene 13363	pseudo
4.4220949090089965	chr4	141545201	141547400	+	0	NA	non-coding (NR_030695, exon 1 of 1)	non-coding (NR_030695, exon 1 of 1)	138	NR_030695	320456	Mm.32859	NM_177163		B330016D10Rik	-	RIKEN cDNA B330016D10 gene	ncRNA
20.27971449162845	chr1	88286201	88292200	+	0	NA	Intergenic	Tigger7|DNA|TcMar-Tigger	-11621	NM_198652	381280	Mm.384762	NM_198652	ENSMUSG00000044783	Hjurp	6430706D22Rik|A730008H23Rik|C330011F01Rik|Gm975|Mfleg1	Holliday junction recognition protein	protein-coding
4.36126634478569	chr14	75835201	75835400	+	0	NA	Intergenic	Intergenic	9664	NR_045294	100043189	Mm.426329	NR_045294		Gm4285	-	predicted gene 4285	ncRNA
2.6280045275551775	chr11	54437801	54439600	+	0	NA	intron (NM_173753, intron 1 of 17)	intron (NM_173753, intron 1 of 17)	521	NM_173753	216742	Mm.34087	NM_173753	ENSMUSG00000035992	Fnip1	A730024A03Rik|AI838773|AW557298	folliculin interacting protein 1	protein-coding
0.626499354839325	chr17	14960601	14961200	+	0	NA	intron (NM_001360983, intron 1 of 8)	CpG	360	NM_024250	72057	Mm.440085	NM_024250	ENSMUSG00000023883	Phf10	1810055P05Rik|AV024533	PHD finger protein 10	protein-coding
2.2533209398388863	chr16	55819401	55819600	+	0	NA	intron (NM_001159394, intron 2 of 11)	intron (NM_001159394, intron 2 of 11)	2638	NM_001159394	80859	Mm.247272	NM_030612	ENSMUSG00000035356	Nfkbiz	AA408868|INAP|Mail	nuclear factor of kappa light polypeptide gene enhancer in B cells inhibitor, zeta	protein-coding
6.543382959706443	chr8	107056001	107057400	+	0	NA	promoter-TSS (NM_001164472)	promoter-TSS (NM_001164472)	37	NM_139229	97484	Mm.288641	NM_139229	ENSMUSG00000031916	Cog8	BB235941|C87832	component of oligomeric golgi complex 8	protein-coding
0.5918861329555511	chr17	36163801	36164000	+	0	NA	TTS (NM_001081032)	TTS (NM_001081032)	4637	NM_001081032	667977	Mm.441651	NM_001081032	ENSMUSG00000073402	Gm8909	EG667977|H2-Tw5l|H2-gs17	predicted gene 8909	protein-coding
5.661858299747109	chr3	102995601	102996400	+	0	NA	intron (NM_025679, intron 1 of 4)	CpG	260	NM_025679	66641	Mm.33937	NM_025679	ENSMUSG00000027854	Sike1	2810005O12Rik|5730470L24Rik|AI450236|AI839862|Sike|Sikeb	suppressor of IKBKE 1	protein-coding
0.0-3	chr7	16273001	16273200	+	0	NA	TTS (NM_001136471)	TTS (NM_001136471)	592	NM_001136270	66300	Mm.218698	NM_001136270	ENSMUSG00000091811	Inafm1	2610014I16Rik|Prr24	InaF motif containing 1	protein-coding
3.3488294556736946	chr18	61564401	61564800	+	0	NA	intron (NM_001357499, intron 2 of 10)	B3|SINE|B2	9327	NM_001357500	93687	Mm.26908	NM_146087	ENSMUSG00000024576	Csnk1a1	2610208K14Rik|4632404G05Rik|5430427P18Rik|CK1a|Csnk1a	casein kinase 1, alpha 1	protein-coding
1.5900450106710196	chr3	16182801	16184400	+	0	NA	intron (NM_001358042, intron 1 of 3)	CpG	435	NM_001358042	229096	Mm.23834	NM_172677	ENSMUSG00000047213	Ythdf3	9130022A11Rik	YTH N6-methyladenosine RNA binding protein 3	protein-coding
2.1390972658991814	chr4	150341601	150341800	+	0	NA	intron (NM_001085492, intron 1 of 22)	B1_Mus2|SINE|Alu	59784	NM_001085492	68703	Mm.291274	NM_001085492	ENSMUSG00000039852	Rere	1110033A15Rik|AI414665|ARG|ARP|ATN1L|AW742570|Atr2|DNB1|eye<m03Jus>|eyes3|mKIAA0458	arginine glutamic acid dipeptide (RE) repeats	protein-coding
3.8489906204243503	chr5	107984401	107985000	+	0	NA	intron (NM_026062, intron 1 of 4)	intron (NM_026062, intron 1 of 4)	2377	NM_026062	67266	Mm.277897	NM_026062	ENSMUSG00000029270	Dipk1a	2900024C23Rik|AI315274|Fam69a	divergent protein kinase domain 1A	protein-coding
3.0961597306009723	chrX	160135601	160138800	+	0	NA	intron (NM_008810, intron 1 of 10)	intron (NM_008810, intron 1 of 10)	1230	NM_008810	18597	Mm.34775	NM_008810	ENSMUSG00000031299	Pdha1	Pdha-1	pyruvate dehydrogenase E1 alpha 1	protein-coding
7.438382072995107-2	chr8	25596801	25598000	+	0	NA	promoter-TSS (NM_173012)	promoter-TSS (NM_173012)	87	NM_173012	270035	Mm.268349	NM_173012	ENSMUSG00000037363	Letm2	6030453H13|D030041N04Rik	leucine zipper-EF-hand containing transmembrane protein 2	protein-coding
2.689447522163391-2	chr1	13616401	13616600	+	0	NA	Intergenic	MER44A|DNA|TcMar-Tigger	-26590	NM_028173	72265	Mm.28765	NM_028173	ENSMUSG00000025935	Tram1	1810049E02Rik|TRAMP	translocating chain-associating membrane protein 1	protein-coding
4.517025843262672	chr17	70924801	70925200	+	0	NA	Intergenic	Intergenic	-64400	NR_035427	100316676		NR_035427	ENSMUSG00000080468	Mir1195	Mirn1195|mmu-mir-1195	microRNA 1195	ncRNA
3.1982619166374207	chr12	80937801	80938000	+	0	NA	Intergenic	RSINE1|SINE|B4	7499	NR_045057	100504661	Mm.442322	NR_045057	ENSMUSG00000112880	Gm20337	-	predicted gene, 20337	ncRNA
3.7901480746056353	chr4	121214001	121215400	+	0	NA	intron (NM_001346660, intron 1 of 7)	CpG	384	NM_001346660	109263	Mm.215745	NM_001081013	ENSMUSG00000049878	Rlf	9230110M18Rik|AI195322|MommeD8	rearranged L-myc fusion sequence	protein-coding
1.5978329610079527	chrX	77795201	77796800	+	0	NA	promoter-TSS (NM_016979)	promoter-TSS (NM_016979)	-61	NM_016979	19108	Mm.290338	NM_016979	ENSMUSG00000035725	Prkx	PKX1|Pkare	protein kinase, X-linked	protein-coding
5.183083178741591	chr6	124711401	124712800	+	0	NA	promoter-TSS (NM_007531)	promoter-TSS (NM_007531)	78	NM_013536	14791	Mm.6390	NM_013536	ENSMUSG00000004268	Emg1	C2f|Grcc2f	EMG1 N1-specific pseudouridine methyltransferase	protein-coding
1.0166572487567547	chr17	35013201	35016800	+	0	NA	exon (NM_011690, exon 27 of 30)	exon (NM_011690, exon 27 of 30)	-1579	NM_138582	27762	Mm.56895	NM_138582	ENSMUSG00000007030	Vwa7	C6orf27|D17H6S56E-3|G7c|NG37	von Willebrand factor A domain containing 7	protein-coding
1.6577954571357243	chr13	21179201	21181200	+	0	NA	5' UTR (NM_009054, exon 1 of 8)	5' UTR (NM_009054, exon 1 of 8)	269	NM_009054	19720	Mm.314056	NM_009054	ENSMUSG00000021326	Trim27	AW538890|Gm19403|Rfp	tripartite motif-containing 27	protein-coding
1.246076062321663	chr9	55513801	55514000	+	0	NA	Intergenic	Intergenic	-1657	NM_145615	110842	Mm.290853	NM_145615	ENSMUSG00000032314	Etfa	2010200I21Rik|D9Ertd394e	electron transferring flavoprotein, alpha polypeptide	protein-coding
3.343637516722083	chr5	34573201	34574800	+	0	NA	promoter-TSS (NR_106111)	promoter-TSS (NR_106111)	-151	NR_106111	102466999		NR_106111	ENSMUSG00000099082	Mir7036b	Gm27625|mmu-mir-7036b	microRNA 7036b	ncRNA
5.108911938965321	chr17	35394001	35394600	+	0	NA	intron (NR_051981, intron 1 of 2)	CpG	201	NR_051981	15016	Mm.439648	NR_051981	ENSMUSG00000055413	H2-Q5	H-2Q5|Qa-5|Qa5|Qat-5	histocompatibility 2, Q region locus 5	pseudo
0.34267091751098633	chr3	89389201	89389400	+	0	NA	intron (NM_009565, intron 1 of 2)	intron (NM_009565, intron 1 of 2)	-1629	NM_001355212	22724	Mm.262184	NM_009565	ENSMUSG00000028042	Zbtb7b	Thpok|Zfp67|c-Krox	zinc finger and BTB domain containing 7B	protein-coding
0.25094587355852127	chr13	54765601	54766800	+	0	NA	intron (NM_001362407, intron 1 of 6)	CpG-3887	395	NM_001362407	104069	Mm.200843	NM_033610	ENSMUSG00000034891	Sncb	AI838531|betaSYN	synuclein, beta	protein-coding
1.5333658307790756	chr7	3301201	3301800	+	0	NA	Intergenic	ID_B1|SINE|B4	-2032	NM_001291434	18752	Mm.7980	NM_011102	ENSMUSG00000078816	Prkcg	PKCgamma|Pkcc|Prkcc	protein kinase C, gamma	protein-coding
0.0934557095170021	chr7	143711201	143711600	+	0	NA	intron (NM_001199227, intron 3 of 21)	intron (NM_001199227, intron 3 of 21)	-25525	NM_001308111	79201	Mm.290780	NM_024290	ENSMUSG00000037613	Tnfrsf23	SOB|TNFRSFH23|Tnfrh1|Tnfrsf1al1|mDcTRAILR1|mSOB	tumor necrosis factor receptor superfamily, member 23	protein-coding
0.0-38	chr4	132586801	132587000	+	0	NA	Intergenic	B1_Mus2|SINE|Alu	22833	NM_001081211	19204	Mm.89389	NM_001081211	ENSMUSG00000056529	Ptafr	PAFR	platelet-activating factor receptor	protein-coding
9.890729101374745	chr5	96209001	96210600	+	0	NA	promoter-TSS (NM_053158)	promoter-TSS (NM_053158)	-315	NM_053158	94061	Mm.295499	NM_053158	ENSMUSG00000029486	Mrpl1	2410002L03Rik|5830418D04Rik|AI462572|L1mt	mitochondrial ribosomal protein L1	protein-coding
1.2514240801668006	chr9	96363201	96365000	+	0	NA	promoter-TSS (NM_001357213)	promoter-TSS (NM_001357213)	331	NM_001357212	11933	Mm.424	NM_007502	ENSMUSG00000032412	Atp1b3	AA409958|AI664000|AW212096	ATPase, Na+/K+ transporting, beta 3 polypeptide	protein-coding
2.068988149001752	chr18	7868201	7870600	+	0	NA	promoter-TSS (NM_001360956)	promoter-TSS (NM_001360956)	203	NM_153085	225131	Mm.204524	NM_153085	ENSMUSG00000024283	Wac	1110067P07Rik|A230035H12Rik|AI256735|AI256776|Wwp4	WW domain containing adaptor with coiled-coil	protein-coding
2.4402323216199875	chr5	123898201	123898400	+	0	NA	Intergenic	B2_Mm2|SINE|B2	-8975	NM_026603	68184	Mm.28549	NM_026603	ENSMUSG00000023106	Denr	1500003K04Rik	density-regulated protein	protein-coding
2.5094588125745454	chr2	35546401	35547000	+	0	NA	Intergenic	L2a|LINE|L2	-11758	NM_001114125	69601	Mm.29629	NM_001001602	ENSMUSG00000026883	Dab2ip	2310011D08Rik|AI480459|Aip1|mKIAA1743	disabled 2 interacting protein	protein-coding
3.6447725892066956	chr19	41913201	41913400	+	0	NA	intron (NM_023418, intron 1 of 3)	intron (NM_023418, intron 1 of 3)	1429	NM_023418	18648	Mm.16783	NM_023418	ENSMUSG00000011752	Pgam1	2310050F24Rik|Pgam-1	phosphoglycerate mutase 1	protein-coding
2.7603241626090513-2	chr8	78508201	78510400	+	0	NA	promoter-TSS (NM_001009981)	promoter-TSS (NM_001009981)	-28	NM_001282109	76775	Mm.334631	NM_029736	ENSMUSG00000031684	Slc10a7	2410193C02Rik|P7	solute carrier family 10 (sodium/bile acid cotransporter family), member 7	protein-coding
4.722109207883477	chr6	125131601	125132400	+	0	NA	5' UTR (NM_138747, exon 1 of 16)	5' UTR (NM_138747, exon 1 of 16)	117	NM_138747	110109	Mm.29203	NM_138747	ENSMUSG00000038279	Nop2	120kDa|A530002O17|Nol1	NOP2 nucleolar protein	protein-coding
1.7224405775777996	chr19	10524601	10526200	+	0	NA	promoter-TSS (NM_025333)	promoter-TSS (NM_025333)	156	NM_172302	269061	Mm.490260	NM_172302	ENSMUSG00000034820	Cpsf7	5730453I16Rik|AL022757|C330017N18Rik	cleavage and polyadenylation specific factor 7	protein-coding
5.350339267402887	chr11	16951001	16951800	+	0	NA	promoter-TSS (NM_176982)	promoter-TSS (NM_176982)	-10	NM_176982	319701	Mm.120672	NM_176982	ENSMUSG00000044966	Fbxo48	A630050E13Rik	F-box protein 48	protein-coding
3.304697625339031	chr3	52198001	52198800	+	0	NA	Intergenic	Intergenic	-69937	NM_019739	56458	Mm.29891	NM_019739	ENSMUSG00000044167	Foxo1	AI876417|Afxh|FKHR|Fkhr1|Foxo1a	forkhead box O1	protein-coding
3.5461248829960823	chr5	142895001	142895400	+	0	NA	promoter-TSS (NM_001033312)	promoter-TSS (NM_001033312)	38	NM_001033312	231863	Mm.89753	NM_001033312	ENSMUSG00000066640	Fbxl18	AI427077|B130019G13Rik|C330021B20Rik	F-box and leucine-rich repeat protein 18	protein-coding
1.2459699084399134	chr2	21951801	21954400	+	0	NA	Intergenic	L1Md_F2|LINE|L1	-274403	NM_148413	667663	Mm.330033	NM_148413	ENSMUSG00000025716	Myo3a	9030416P08Rik	myosin IIIA	protein-coding
8.680996787423888	chr4	44012201	44013400	+	0	NA	exon (NM_001369159, exon 1 of 6)	exon (NM_001369159, exon 1 of 6)	130	NM_001369158	12757	Mm.298875	NM_016760	ENSMUSG00000028478	Clta	AV026556|Lca	clathrin, light polypeptide (Lca)	protein-coding
12.37768930196762	chr2	165493201	165493600	+	0	NA	promoter-TSS (NM_001007581)	promoter-TSS (NM_001007581)	-86	NM_001007581	381406	Mm.330785	NM_001007581	ENSMUSG00000039725	Trp53rka	2810408M09Rik	transformation related protein 53 regulating kinase A	protein-coding
0.24921521544456482	chr2	172967001	172967600	+	0	NA	Intergenic	B1F|SINE|Alu	-12542	NM_001305434	26972	Mm.23495	NM_012046	ENSMUSG00000005883	Spo11	AI449549|Spo11a|Spo11b	SPO11 meiotic protein covalently bound to DSB	protein-coding
1.011695094938789	chr2	44556601	44558000	+	0	NA	Intergenic	Intergenic	304322	NM_172662	227835	Mm.314312	NM_172662	ENSMUSG00000036890	Gtdc1	E330008O22Rik	glycosyltransferase-like domain containing 1	protein-coding
7.102633625268936	chr2	26352201	26352400	+	0	NA	promoter-TSS (NM_001139503)	promoter-TSS (NM_001139503)	-190	NM_026828	52838	Mm.31239	NM_026828	ENSMUSG00000075467	Dnlz	1110034G11Rik|D2Bwg1335e|HEP1	DNL-type zinc finger	protein-coding
4.341174161775397	chr6	71270801	71272600	+	0	NA	promoter-TSS (NM_001354706)	promoter-TSS (NM_001354706)	23	NM_001354706	57896	Mm.250569	NM_145568	ENSMUSG00000053012	Krcc1	AA792894	lysine-rich coiled-coil 1	protein-coding
0.0-28	chr7	139197401	139197600	+	0	NA	intron (NM_001162540, intron 1 of 11)	MTE2a|LTR|ERVL-MaLR	-9006	NM_021302	57740	Mm.65336	NM_021302	ENSMUSG00000015981	Stk32c	PKE|Pkek|YANK3	serine/threonine kinase 32C	protein-coding
3.011350564658642	chr11	87721001	87721400	+	0	NA	intron (NM_172448, intron 3 of 9)	intron (NM_172448, intron 3 of 9)	-16351	NR_149757	20922	Mm.622	NM_009296	ENSMUSG00000020485	Supt4a	AL022777|Supt4h|Supt4h1|Supt4h1a	suppressor of Ty 4A	protein-coding
4.66932404289643	chr7	55961601	55962800	+	0	NA	promoter-TSS (NR_015495)	promoter-TSS (NR_015495)	293	NM_001256131	93790	Mm.37249	NM_023647	ENSMUSG00000030452	Nipa2	2600017P10Rik|3830408P04Rik|AB041581	non imprinted in Prader-Willi/Angelman syndrome 2 homolog (human)	protein-coding
5.936662642019136	chr15	83148401	83149800	+	0	NA	promoter-TSS (NR_004432)	promoter-TSS (NR_004432)	278	NM_001347082	73826	Mm.23758	NM_178627	ENSMUSG00000041815	Poldip3	1110008P04Rik|AA408269|AL022852|C77954|PDIP46|SKAR|mKIAA1649	polymerase (DNA-directed), delta interacting protein 3	protein-coding
1.7776304201427473	chr7	122949201	122951800	+	0	NA	Intergenic	B3|SINE|B2	19959	NR_045614	73951	Mm.389936	NR_045614		4930413G21Rik	-	RIKEN cDNA 4930413G21 gene	ncRNA
2.486960183829069	chr13	30973001	30974200	+	0	NA	intron (NM_025588, intron 1 of 27)	intron (NM_025588, intron 1 of 27)	447	NM_025588	66482	Mm.293510	NM_025588	ENSMUSG00000021357	Exoc2	2410030I24Rik|AI648199|Sec5|Sec5l1	exocyst complex component 2	protein-coding
7.267180879151673	chr7	140855601	140858000	+	0	NA	promoter-TSS (NM_053194)	promoter-TSS (NM_053194)	-417	NM_018742	54399	Mm.155696	NM_018742	ENSMUSG00000025484	Bet1l	2610021K23Rik|Gs15	Bet1 golgi vesicular membrane trafficking protein like	protein-coding
4.325648602461746	chr19	43673801	43676000	+	0	NA	promoter-TSS (NR_045645)	promoter-TSS (NR_045645)	-19	NM_145156	246696	Mm.23827	NM_145156	ENSMUSG00000040414	Slc25a28	Mfrn2|Mrs3/4	solute carrier family 25, member 28	protein-coding
1.1526203602552414-2	chr3	30965601	30966000	+	0	NA	exon (NM_153421, exon 2 of 15)	exon (NM_153421, exon 2 of 15)	3615	NM_001165956	241915	Mm.233173	NM_153421	ENSMUSG00000037652	Phc3	E030046K01Rik|Edr3|Hph3	polyhomeotic 3	protein-coding
5.240442246198654	chr7	75828201	75828800	+	0	NA	Intergenic	Intergenic	-19838	NM_029652	207952	Mm.206223	NM_029652	ENSMUSG00000055652	Klhl25	2810402K13Rik|BC027373|Enc-1	kelch-like 25	protein-coding
5.267638352300439	chr3	53462601	53464000	+	0	NA	promoter-TSS (NM_172501)	promoter-TSS (NM_172501)	-42	NM_172501	212114	Mm.85744	NM_172501	ENSMUSG00000042997	Nhlrc3	4833441N19|8030451K01Rik|mKIAA4083	NHL repeat containing 3	protein-coding
9.421707950298341	chr7	44848401	44850800	+	0	NA	promoter-TSS (NM_001290694)	promoter-TSS (NM_001290694)	-35	NM_001290694	67605	Mm.148007	NM_026270	ENSMUSG00000011096	Akt1s1	1110012J22Rik|AI227026|Lobe|Lobel|PRAS40	AKT1 substrate 1 (proline-rich)	protein-coding
3.476033104583621	chr6	48395401	48396200	+	0	NA	promoter-TSS (NR_152251)	promoter-TSS (NR_152251)	214	NM_001362145	77827	Mm.107646	NM_133922	ENSMUSG00000042810	Krba1	A930040G15Rik|AI448780	KRAB-A domain containing 1	protein-coding
3.1048062443733215	chr15	59950801	59951000	+	0	NA	Intergenic	MLTR73|LTR|ERV1	65718	NM_027668	71088	Mm.425950	NM_027668	ENSMUSG00000071749	4933412E24Rik	-	RIKEN cDNA 4933412E24 gene	protein-coding
3.29690965389212	chr10	82763201	82764400	+	0	NA	intron (NM_010914, intron 1 of 7)	CpG	341	NM_010914	18045	Mm.245998	NM_010914	ENSMUSG00000020248	Nfyb	AA985999|Cbf-A	nuclear transcription factor-Y beta	protein-coding
1.0037835041681926	chr3	108535801	108536400	+	0	NA	intron (NM_001358064, intron 1 of 21)	intron (NM_001358064, intron 1 of 21)	441	NM_001358064	229722	Mm.316890	NM_001033304	ENSMUSG00000040412	5330417C22Rik	BB183350	RIKEN cDNA 5330417C22 gene	protein-coding
3.5305489245802164	chr3	95856401	95856800	+	0	NA	promoter-TSS (NM_027541)	promoter-TSS (NM_027541)	-715	NM_001316751	70767	Mm.279872	NM_027541	ENSMUSG00000015748	Prpf3	3632413F13Rik	pre-mRNA processing factor 3	protein-coding
0.602270096540451	chr7	106617201	106617600	+	0	NA	intron (NM_001277179, intron 1 of 2)	intron (NM_001277179, intron 1 of 2)	27245	NM_001277180	434223	Mm.276443	NM_001277179		Gm1966	-	predicted gene 1966	protein-coding
2.268896874040365	chr8	34154401	34155600	+	0	NA	intron (NM_026432, intron 1 of 5)	intron (NM_026432, intron 1 of 5)	421	NM_026432	67887	Mm.290353	NM_026432	ENSMUSG00000031532	Saraf	1810045K07Rik|Tmem66	store-operated calcium entry-associated regulatory factor	protein-coding
0.0-29	chr16	92943601	92943800	+	0	NA	Intergenic	Intergenic	-117626	NM_001111021	12394	Mm.4081	NM_009821	ENSMUSG00000022952	Runx1	AML1|CBF-alpha-2|Cbfa2|Pebp2a2|Pebpa2b	runt related transcription factor 1	protein-coding
1.7895037059982617	chr10	28668601	28669800	+	0	NA	intron (NM_178666, intron 1 of 5)	intron (NM_178666, intron 1 of 5)	840	NM_178666	210757	Mm.123021	NM_178666	ENSMUSG00000049109	Themis	E430004N04Rik|Gasp|Spot|Tsepa|thylex	thymocyte selection associated	protein-coding
2.500459346920252	chr10	7725801	7726800	+	0	NA	intron (NM_011835, intron 1 of 10)	intron (NM_011835, intron 1 of 10)	300	NM_011835	23924	Mm.28127	NM_011835	ENSMUSG00000019794	Katna1	-	katanin p60 (ATPase-containing) subunit A1	protein-coding
4.602731506769234	chr9	14275001	14277400	+	0	NA	promoter-TSS (NM_030261)	promoter-TSS (NM_030261)	-101	NM_030261	75747	Mm.325126	NM_030261	ENSMUSG00000032009	Sesn3	5630400E15Rik|BC003348|SEST3	sestrin 3	protein-coding
2.7039851158857346	chr2	112492601	112493600	+	0	NA	exon (NM_028844, exon 1 of 6)	exon (NM_028844, exon 1 of 6)	136	NM_028844	74268	Mm.315125	NM_028844	ENSMUSG00000003604	Aven	1700013A01Rik|1700056A21Rik|mAven-L|mAven-S	apoptosis, caspase activation inhibitor	protein-coding
11.456977516412735	chr13	23437801	23438400	+	0	NA	Intergenic	Intergenic	-7083	NR_015492	320842	Mm.487476	NR_015492	ENSMUSG00000085024	C230035I16Rik	-	RIKEN cDNA C230035I16 gene	ncRNA
1.450294089814027	chr7	82361001	82361600	+	0	NA	intron (NM_001190374, intron 2 of 29)	MTEa|LTR|ERVL-MaLR	25606	NM_001190374	269959	Mm.65306	NM_001190374	ENSMUSG00000070469	Adamtsl3	9230119C12Rik|C130057K09|mKIAA1233	ADAMTS-like 3	protein-coding
2.68944751098752	chr14	19985201	19985400	+	0	NA	Intergenic	Intergenic	-8051	NM_001285908	14702	Mm.41737	NM_010315	ENSMUSG00000043004	Gng2	-	guanine nucleotide binding protein (G protein), gamma 2	protein-coding
5.111508013680577	chr6	13069601	13070400	+	0	NA	intron (NM_027992, intron 1 of 8)	CpG	241	NM_027992	71900	Mm.27742	NM_027992	ENSMUSG00000029571	Tmem106b	2310036D22Rik|5830455K21Rik|6430519M21Rik|AI428776|AI661344	transmembrane protein 106B	protein-coding
4.444338042289019	chr4	142017001	142017200	+	0	NA	promoter-TSS (NR_131014)	promoter-TSS (NR_131014)	-798	NR_131014	78917	Mm.139995	NR_131014	ENSMUSG00000085761	4930455G09Rik	-	RIKEN cDNA 4930455G09 gene	ncRNA
10.077640453974405	chr17	56717001	56718200	+	0	NA	promoter-TSS (NM_001166474)	promoter-TSS (NM_001166474)	99	NM_001166474	106639	Mm.37290	NM_178926	ENSMUSG00000054723	Vmac	AI662250	vimentin-type intermediate filament associated coiled-coil protein	protein-coding
1.018243852423106	chr16	81362201	81364000	+	0	NA	intron (NM_001113208, intron 1 of 17)	RMER6D|LTR|ERVK	162403	NM_001113208	17968	Mm.433941	NM_010954	ENSMUSG00000022762	Ncam2	Ncam-2|Ocam|RNCAM	neural cell adhesion molecule 2	protein-coding
3.6767175154992513	chr19	53310401	53314400	+	0	NA	intron (NM_001360348, intron 1 of 5)	intron (NM_001360348, intron 1 of 5)	955	NM_001360348	17859	Mm.2154	NM_010847	ENSMUSG00000025025	Mxi1	Gm10197|Mad2|bHLHc11	MAX interactor 1, dimerization protein	protein-coding
0.0207679346203804	chr19	59312401	59312600	+	0	NA	intron (NM_001033222, intron 3 of 4)	intron (NM_001033222, intron 3 of 4)	33280	NM_001033222	107368	Mm.27250	NM_001033222	ENSMUSG00000074746	Pdzd8	A630041P07Rik|AV329468|AW228944|Pdzk8	PDZ domain containing 8	protein-coding
2.0404495652765036	chr2	9882001	9883200	+	0	NA	TTS (NR_040511)	TTS (NR_040511)	1354	NR_024257	381347	Mm.441450	NR_024257		4930412O13Rik	Gm10853	RIKEN cDNA 4930412O13 gene	ncRNA
9.586587187650732	chr2	122147401	122149600	+	0	NA	intron (NM_009735, intron 1 of 3)	MIR|SINE|MIR	813	NM_009735	12010	Mm.163	NM_009735	ENSMUSG00000060802	B2m	Ly-m11|beta2-m|beta2m	beta-2 microglobulin	protein-coding
2.7705827027792016	chr14	20659801	20662200	+	0	NA	exon (NM_001310432, exon 2 of 2)	exon (NM_001310432, exon 2 of 2)	3574	NM_001310432	68760	Mm.35789	NM_175132	ENSMUSG00000039376	Synpo2l	1110054M18Rik|Chap	synaptopodin 2-like	protein-coding
3.195295127374785	chr17	28485001	28486400	+	0	NA	intron (NM_010220, intron 1 of 10)	CpG	449	NM_010220	14229	Mm.276405	NM_010220	ENSMUSG00000024222	Fkbp5	D17Ertd592e|Dit1|FKBP-5|FKBP51	FK506 binding protein 5	protein-coding
0.18171942606568336	chr2	30711601	30712400	+	0	NA	Intergenic	CpG	-9210	NR_037272	100526499		NR_037272	ENSMUSG00000093091	Mir3089	mir-3089|mmu-mir-3089	microRNA 3089	ncRNA
3.46824511885643	chr14	25275601	25275800	+	0	NA	Intergenic	L1MD2|LINE|L1	-132459	NR_045718	75862	Mm.109191	NR_045718	ENSMUSG00000114916	4930572O13Rik	-	RIKEN cDNA 4930572O13 gene	ncRNA
0.993399533132712	chr5	140349401	140350000	+	0	NA	intron (NM_172277, intron 7 of 10)	intron (NM_172277, intron 7 of 10)	17744	NM_001356584	17766	Mm.118846	NM_008637	ENSMUSG00000036639	Nudt1	Mth1	nudix (nucleoside diphosphate linked moiety X)-type motif 1	protein-coding
5.470867425203323	chr19	34878001	34879400	+	0	NA	promoter-TSS (NM_023792)	promoter-TSS (NM_023792)	755	NM_001114339	75735	Mm.24742	NM_023792	ENSMUSG00000033610	Pank1	Pank|Pank1b	pantothenate kinase 1	protein-coding
2.384851152698199	chr2	145934201	145934800	+	0	NA	promoter-TSS (NM_175280)	promoter-TSS (NM_175280)	200	NM_025820	66877	Mm.248755	NM_025820	ENSMUSG00000001767	Crnkl1	1200013P10Rik|5730590A01Rik|C80326|crn	crooked neck pre-mRNA splicing factor 1	protein-coding
1.582257050089538	chr2	11552601	11554200	+	0	NA	intron (NM_001177758, intron 1 of 14)	MIR|SINE|MIR	529	NM_001177758	170768	Mm.19669	NM_133232	ENSMUSG00000026773	Pfkfb3	E330010H22Rik|iPFK-2|uPFK-2	6-phosphofructo-2-kinase/fructose-2,6-biphosphatase 3	protein-coding
2.263704866170883	chrX	19158201	19158400	+	0	NA	Intergenic	Intergenic	-11329	NR_029807	723828		NR_029807	ENSMUSG00000065471	Mir222	Mirn222|mir-222|mmu-mir-222	microRNA 222	ncRNA
16.268215948094923	chr6	88075001	88075600	+	0	NA	Intergenic	Intergenic	-9173	NM_133933	103963	Mm.188544	NM_133933	ENSMUSG00000030062	Rpn1	AU018702|D6Wsu137e|Rpn-1	ribophorin I	protein-coding
2.265781669318676	chr5	106964001	106965000	+	0	NA	promoter-TSS (NM_001271566)	promoter-TSS (NM_001271566)	-61	NM_001271566	12545	Mm.20842	NM_009863	ENSMUSG00000029283	Cdc7	AI597260|Cdc7l1|muCdc7	cell division cycle 7 (S. cerevisiae)	protein-coding
0.7753362233440081	chr17	24140801	24142000	+	0	NA	intron (NM_001286662, intron 1 of 13)	CpG	194	NM_001080773	18607	Mm.10504	NM_011062	ENSMUSG00000024122	Pdpk1	Pdk1	3-phosphoinositide dependent protein kinase 1	protein-coding
11.237529629468918	chr19	3912401	3913400	+	0	NA	promoter-TSS (NM_144870)	promoter-TSS (NM_144870)	-126	NM_144870	225887	Mm.44227	NM_144870	ENSMUSG00000059734	Ndufs8	BC021616|CI-23kD|TYKY	NADH:ubiquinone oxidoreductase core subunit S8	protein-coding
1.6614347770810127	chr5	144255201	144256200	+	0	NA	intron (NM_018772, intron 1 of 2)	CpG	475	NM_018772	55950	Mm.38011	NM_018772	ENSMUSG00000047843	Bri3	I3	brain protein I3	protein-coding
5.3269752996663255	chr7	39517601	39518200	+	0	NA	intron (NM_001004139, intron 1 of 3)	CpG	134	NM_001004139	70227	Mm.333800	NM_001004139	ENSMUSG00000068959	Zfp619	3000002G13Rik	zinc finger protein 619	protein-coding
0.8982131779193878-2	chr12	69986201	69987400	+	0	NA	5' UTR (NM_022028, exon 1 of 5)	5' UTR (NM_022028, exon 1 of 5)	202	NM_022028	64010	Mm.390480	NM_022028	ENSMUSG00000021067	Sav1	1700040G09Rik|Salv|Sav|WW45|Wwp3|Wwp4	salvador family WW domain containing 1	protein-coding
0.9345570504665375	chr13	33569001	33569200	+	0	NA	promoter-TSS (NR_131140)	promoter-TSS (NR_131140)	217	NR_131141	619715	Mm.390575	NR_131140	ENSMUSG00000112963	Gm6093	EG619715	predicted gene 6093	ncRNA
4.392418245474498	chr15	31453201	31453800	+	0	NA	exon (NM_145852, exon 1 of 5)	exon (NM_145852, exon 1 of 5)	189	NM_145852	252967	Mm.436668	NM_145852	ENSMUSG00000022236	Ropn1l	ASP|AV047578|Akapasp	ropporin 1-like	protein-coding
7.66099437254573	chr15	67174401	67178000	+	0	NA	intron (NM_009177, intron 1 of 8)	intron (NM_009177, intron 1 of 8)	682	NM_009177	20442	Mm.248334	NM_009177	ENSMUSG00000013846	St3gal1	5330418N22Rik|AI467004|ST3GalI|Siat4|Siat4a|St3gal-1	ST3 beta-galactoside alpha-2,3-sialyltransferase 1	protein-coding
2.637152624610126	chr4	48042601	48045800	+	0	NA	Intergenic	Intergenic	-1105	NM_015743	18124	Mm.247261	NM_015743	ENSMUSG00000028341	Nr4a3	AI573420|CHN|CSMF|MINOR|NOR-1|Nor1|TEC	nuclear receptor subfamily 4, group A, member 3	protein-coding
7.922967225313187	chr11	29247001	29247600	+	0	NA	promoter-TSS (NM_025740)	promoter-TSS (NM_025740)	-28	NM_025740	216618	Mm.128663	NM_025740	ENSMUSG00000020462	Cfap36	2300003H10|4931428D14Rik|Ccdc104	cilia and flagella associated protein 36	protein-coding
9.579210072755814	chr5	105110201	105110600	+	0	NA	promoter-TSS (NM_172777)	promoter-TSS (NM_172777)	-108	NM_172777	236573	Mm.425261	NM_172777	ENSMUSG00000029298	Gbp9	-	guanylate-binding protein 9	protein-coding
1.5714403850336869-2	chr7	104291601	104292200	+	0	NA	Intergenic	RMER19B2|LTR|ERVK	-3794	NM_001310602	667823	Mm.482375	NM_001310602	ENSMUSG00000060441	Trim5	EG667823|Gm8833	tripartite motif-containing 5	protein-coding
3.4456850787542197	chr13	51100201	51102000	+	0	NA	promoter-TSS (NM_001283029)	promoter-TSS (NM_001283029)	220	NM_001283030	20729	Mm.188432	NM_011462	ENSMUSG00000021395	Spin1	Spin	spindlin 1	protein-coding
7.26363114994079	chr4	95049801	95053800	+	0	NA	5' UTR (NM_010591, exon 1 of 1)	5' UTR (NM_010591, exon 1 of 1)	422	NM_010591	16476	Mm.275071	NM_010591	ENSMUSG00000052684	Jun	AP-1|Junc|c-jun	jun proto-oncogene	protein-coding
3.0606743786484003	chr14	64416601	64417400	+	0	NA	promoter-TSS (NM_001253716)	promoter-TSS (NM_001253716)	-44	NM_001253716	110265	Mm.26713	NM_026322	ENSMUSG00000054733	Msra	2310045J23Rik|6530413P12Rik|MSR-A	methionine sulfoxide reductase A	protein-coding
8.411013662815094	chr10	78457801	78458000	+	0	NA	intron (NM_172134, intron 1 of 10)	intron (NM_172134, intron 1 of 10)	7048	NM_172134	216134	Mm.206159	NM_172134	ENSMUSG00000032788	Pdxk	2310036D04Rik|AA119688|C77999	pyridoxal (pyridoxine, vitamin B6) kinase	protein-coding
0.6256340369582176	chr15	12739201	12740000	+	0	NA	intron (NM_001081064, intron 1 of 25)	CpG	292	NM_001081064	68070	Mm.423205	NM_001081064	ENSMUSG00000022197	Pdzd2	4930537L06Rik|A930022H17Rik|Gm21706|Gm82|Pdzk3	PDZ domain containing 2	protein-coding
1.5056752935051918	chr7	58393801	58394600	+	0	NA	Intergenic	MER90a|LTR|ERV1	-264002	NM_009728	11982	Mm.135129	NM_009728	ENSMUSG00000025324	Atp10a	Atp10c|pfatp	ATPase, class V, type 10A	protein-coding
4.338421646505594	chr11	75486601	75487600	+	0	NA	exon (NM_138659, exon 1 of 42)	exon (NM_138659, exon 1 of 42)	323	NM_138659	192159	Mm.3757	NM_138659	ENSMUSG00000020850	Prpf8	AU019467|D11Bwg0410e|DBF3/PRP8|Prp8|Sfprp8l	pre-mRNA processing factor 8	protein-coding
2.942124074945847	chr8	115699801	115701000	+	0	NA	Intergenic	Intergenic	6494	NM_001025577	17132	Mm.275549	NM_001025577	ENSMUSG00000055435	Maf	2810401A20Rik|A230108G15Rik|AW047063|c-maf	avian musculoaponeurotic fibrosarcoma oncogene homolog	protein-coding
5.243903659284115	chr8	105805601	105805800	+	0	NA	intron (NM_145824, intron 2 of 13)	intron (NM_145824, intron 2 of 13)	21508	NM_145824	74334	Mm.4206	NM_145824	ENSMUSG00000037415	Ranbp10	4432417N03Rik	RAN binding protein 10	protein-coding
7.2661812249571085	chr14	63860201	63861000	+	0	NA	intron (NM_028228, intron 1 of 6)	CpG	288	NM_028228	72400	Mm.379214	NM_028228	ENSMUSG00000021958	Pinx1	2210403I16Rik|2610028A01Rik|67-11-3|AU024023|LPTS|LPTS1	PIN2/TERF1 interacting, telomerase inhibitor 1	protein-coding
5.454178943298757	chr2	30124001	30124800	+	0	NA	5' UTR (NM_178694, exon 1 of 16)	5' UTR (NM_178694, exon 1 of 16)	211	NM_178694	227693	Mm.44526	NM_178694	ENSMUSG00000039686	Zer1	C230075L19Rik|Zyg11bl	zyg-11 related, cell cycle regulator	protein-coding
5.484291474204093	chr4	24897801	24899600	+	0	NA	intron (NM_026742, intron 2 of 2)	intron (NM_026742, intron 2 of 2)	617	NM_026742	68493	Mm.204831	NM_026742	ENSMUSG00000028261	Ndufaf4	1110007M04Rik|3000003G13Rik|AW214064	NADH:ubiquinone oxidoreductase complex assembly factor 4	protein-coding
2.1609285411982726	chr13	58401001	58403400	+	0	NA	promoter-TSS (NM_001168248)	promoter-TSS (NM_001168248)	-31	NM_001301343	15387	Mm.142872	NM_025279	ENSMUSG00000021546	Hnrnpk	Hnrpk|KBBP|NOVA	heterogeneous nuclear ribonucleoprotein K	protein-coding
2.446722300257534	chr8	70791201	70792800	+	0	NA	intron (NM_199308, intron 1 of 25)	intron (NM_199308, intron 1 of 25)	433	NM_199308	546071	Mm.250731	NM_199308	ENSMUSG00000031833	Mast3	BC024265|mKIAA0561	microtubule associated serine/threonine kinase 3	protein-coding
4.925461868445079	chr15	99725401	99726600	+	0	NA	TTS (NM_010271)	TTS (NM_010271)	382	NM_183256	66379	Mm.5265	NM_183256	ENSMUSG00000023020	Cox14	2310016M24Rik|AA959804	cytochrome c oxidase assembly protein 14	protein-coding
1.048780683428049	chr9	50352401	50352600	+	0	NA	Intergenic	MTE2b|LTR|ERVL-MaLR	-119318	NR_131161	71873		NR_131161	ENSMUSG00000110916	2310003N18Rik	-	RIKEN cDNA 2310003N18 gene	ncRNA
3.457861176133156	chr14	36968001	36969000	+	0	NA	intron (NM_027045, intron 1 of 10)	CpG	264	NM_027045	72972	Mm.27621	NM_027045	ENSMUSG00000058690	Ccser2	1700012P13Rik|2900054P12Rik|AI035535|AW108503|Fam190b|Gcap14	coiled-coil serine rich 2	protein-coding
4.880464632064104	chr1	156956401	156956800	+	0	NA	Intergenic	Intergenic	-16974	NM_001159965	78255	Mm.28376	NM_023884	ENSMUSG00000026594	Ralgps2	1810020P17Rik|2210408F11Rik|4921528G01Rik|9130014M22Rik|AU043409|AW046161	Ral GEF with PH domain and SH3 binding motif 2	protein-coding
6.612510453164577	chr9	61370601	61371600	+	0	NA	Intergenic	CpG	-1266	NM_001083927	21887	Mm.24255	NM_009389	ENSMUSG00000032280	Tle3	2610103N05Rik|ESG|Grg3a|Grg3b|mKIAA1547	transducin-like enhancer of split 3	protein-coding
2.997269034020185	chr6	24663401	24665400	+	0	NA	intron (NM_028459, intron 1 of 10)	intron (NM_028459, intron 1 of 10)	595	NM_028459	73178	Mm.1574	NM_028459	ENSMUSG00000029684	Wasl	2900021I12Rik|3110031I02Rik|N-WASP	Wiskott-Aldrich syndrome-like (human)	protein-coding
7.196089446544647	chr9	65581001	65581200	+	0	NA	Intergenic	Intergenic	-1013	NM_153119	102595	Mm.247303	NM_153119	ENSMUSG00000050721	Plekho2	AI840980|Plekhq1	pleckstrin homology domain containing, family O member 2	protein-coding
0.0-6	chr19	11435201	11435600	+	0	NA	Intergenic	L1VL4|LINE|L1	-8158	NM_021718	60361	Mm.33957	NM_021718	ENSMUSG00000056290	Ms4a4b	AI463180|Chandra|Ly116	membrane-spanning 4-domains, subfamily A, member 4B	protein-coding
3.11696867452566	chr3	65527601	65530000	+	0	NA	non-coding (NR_027955, exon 2 of 2)	non-coding (NR_027955, exon 2 of 2)	353	NM_178892	99929	Mm.246398	NM_178892	ENSMUSG00000034640	Tiparp	ARTD14|AW558171|PARP7	TCDD-inducible poly(ADP-ribose) polymerase	protein-coding
4.273002597503364	chr14	55578201	55579000	+	0	NA	exon (NM_011189, exon 1 of 11)	exon (NM_011189, exon 1 of 11)	106	NM_011189	19186	Mm.830	NM_011189	ENSMUSG00000022216	Psme1	AW413925|PA28a	proteasome (prosome, macropain) activator subunit 1 (PA28 alpha)	protein-coding
6.915722383984497	chr18	77773601	77775000	+	0	NA	promoter-TSS (NM_001357533)	promoter-TSS (NM_001357533)	-415	NM_001357531	225745	Mm.39293	NM_146089	ENSMUSG00000041840	Haus1	BC024400|Ccdc5|HEI-C	HAUS augmin-like complex, subunit 1	protein-coding
1.9907549082168512	chr16	20621201	20622600	+	0	NA	promoter-TSS (NM_028420)	promoter-TSS (NM_028420)	-622	NM_028420	73047	Mm.425977	NM_028420	ENSMUSG00000051146	Camk2n2	2900075A18Rik	calcium/calmodulin-dependent protein kinase II inhibitor 2	protein-coding
2.152942563096682	chr1	173879801	173880400	+	0	NA	promoter-TSS (NM_001170853)	promoter-TSS (NM_001170853)	87	NM_001170853	100040462	Mm.463437	NM_001170853	ENSMUSG00000090272	Mndal	Gm2785|Ifi212	myeloid nuclear differentiation antigen like	protein-coding
0.0-33	chr13	97672001	97672200	+	0	NA	Intergenic	Intergenic	75311	NR_152140	403201	Mm.110162	NR_152140		5330416C01Rik	Gm532	RIKEN cDNA 5330416C01 gene	ncRNA
2.339853972196579	chr11	74832801	74833400	+	0	NA	intron (NM_010813, intron 1 of 5)	intron (NM_010813, intron 1 of 5)	2176	NM_010813	17428	Mm.3759	NM_010813	ENSMUSG00000000282	Mnt	Rox|bHLHd3	max binding protein	protein-coding
0.45689456164836884-2	chr14	79291401	79291600	+	0	NA	intron (NM_025427, intron 3 of 4)	RLTR17B_Mm|LTR|ERVK	10135	NM_025427	66214	Mm.29811	NM_025427	ENSMUSG00000022018	Rgcc	1190002H23Rik|Rgc-32|Rgc32	regulator of cell cycle	protein-coding
10.747406375408172	chr4	116650801	116651800	+	0	NA	intron (NM_021473, intron 1 of 8)	intron (NM_021473, intron 1 of 8)	374	NM_021473	58810	Mm.30085	NM_021473	ENSMUSG00000028692	Akr1a1	2610201A18Rik|Akr1a4	aldo-keto reductase family 1, member A1 (aldehyde reductase)	protein-coding
1.5056752562522888	chr5	121331201	121331400	+	0	NA	intron (NM_181421, intron 49 of 75)	B3|SINE|B2	54109	NM_001359947	231712	Mm.20488	NM_172275	ENSMUSG00000042726	Trafd1	1110008K06Rik|Fln29	TRAF type zinc finger domain containing 1	protein-coding
2.050833560526371	chr17	14961201	14962000	+	0	NA	promoter-TSS (NM_024250)	promoter-TSS (NM_024250)	-340	NM_001360983	72057	Mm.440085	NM_024250	ENSMUSG00000023883	Phf10	1810055P05Rik|AV024533	PHD finger protein 10	protein-coding
0.0-14	chr14	56262201	56262400	+	0	NA	promoter-TSS (NM_013542)	promoter-TSS (NM_013542)	34	NM_013542	14939	Mm.14874	NM_013542	ENSMUSG00000015437	Gzmb	AI553453|CCP-1/C11|CCP1|Ctla-1|Ctla1|GZB	granzyme B	protein-coding
8.36168978922069	chr3	95042001	95042800	+	0	NA	intron (NM_001282017, intron 1 of 9)	CpG	214	NM_008951	19185	Mm.2261	NM_008951	ENSMUSG00000005625	Psmd4	Af1|Mcb1|angiocidin	proteasome (prosome, macropain) 26S subunit, non-ATPase, 4	protein-coding
8.827855729631015	chr15	99029801	99031200	+	0	NA	intron (NM_009448, intron 1 of 3)	CpG	609	NM_009448	22146	Mm.88212	NM_009448	ENSMUSG00000043091	Tuba1c	M[a]6|Tuba6	tubulin, alpha 1C	protein-coding
4.703937262296677	chr2	117340401	117340600	+	0	NA	intron (NM_011246, intron 1 of 16)	intron (NM_011246, intron 1 of 16)	2377	NM_011246	19419	Mm.42150	NM_011246	ENSMUSG00000027347	Rasgrp1	Rasgrp|calDAG-GEFII	RAS guanyl releasing protein 1	protein-coding
4.506641856084268	chr4	43031001	43031600	+	0	NA	promoter-TSS (NM_023231)	promoter-TSS (NM_023231)	84	NM_023231	66592	Mm.331565	NM_023231	ENSMUSG00000028455	Stoml2	0610038F01Rik|MSLP2|SLP-2	stomatin (Epb7.2)-like 2	protein-coding
1.978145755827427	chr7	45595601	45596000	+	0	NA	Intergenic	B4A|SINE|B4	19690	NM_020013	56636	Mm.143736	NM_020013	ENSMUSG00000030827	Fgf21	-	fibroblast growth factor 21	protein-coding
8.326211312785745	chr9	71770601	71771800	+	0	NA	5' UTR (NM_001304362, exon 1 of 19)	5' UTR (NM_001304362, exon 1 of 19)	402	NM_001304362	68178	Mm.99961	NM_026599	ENSMUSG00000032232	Cgnl1	4933421H10Rik|9930020M10Rik|AI503810|Jacop	cingulin-like 1	protein-coding
3.607064852629253	chr1	155097401	155099800	+	0	NA	exon (NM_010500, exon 1 of 1)	exon (NM_010500, exon 1 of 1)	1036	NM_010500	15939	Mm.12246	NM_010500	ENSMUSG00000056708	Ier5	-	immediate early response 5	protein-coding
3.1172670423984528	chr9	120127401	120128400	+	0	NA	intron (NM_011029, intron 1 of 6)	CpG	134	NM_011029	16785	Mm.4071	NM_011029	ENSMUSG00000032518	Rpsa	67kDa|67lr|AL022858|Lamr|Lamr1|Lamrl1|MLR|P40|P40-3|P40-8	ribosomal protein SA	protein-coding
4.062727273907512	chr15	36282001	36283600	+	0	NA	intron (NM_001357631, intron 1 of 7)	CpG	347	NM_013923	30945	Mm.5181	NM_013923	ENSMUSG00000022280	Rnf19a	AA032313|Dorfin|Rnf19|UIP117|Ubce7ip2|XYbp	ring finger protein 19A	protein-coding
0.5088143944740295	chr8	34655401	34655600	+	0	NA	Intergenic	RMER19B2|LTR|ERVK	-15184	NR_040706	330734	Mm.149998	NR_040706	ENSMUSG00000109819	B930018H19Rik	B930018H19	RIKEN cDNA B930018H19 gene	ncRNA
4.579329669475555	chr6	137754601	137755000	+	0	NA	intron (NM_172733, intron 1 of 8)	intron (NM_172733, intron 1 of 8)	223	NM_172733	232449	Mm.29181	NM_172733	ENSMUSG00000030225	Dera	2010002D22Rik|2500002K03Rik|DEOC	deoxyribose-phosphate aldolase (putative)	protein-coding
2.516814135015011	chr3	41564601	41566200	+	0	NA	intron (NM_001130186, intron 1 of 10)	CpG	520	NM_001130186	269424	Mm.286285	NM_172303	ENSMUSG00000025764	Jade1	AU041499|D530048A03Rik|Phf17|mKIAA1807	jade family PHD finger 1	protein-coding
5.208598091453314	chr11	64978601	64979600	+	0	NA	promoter-TSS (NM_023479)	promoter-TSS (NM_023479)	65	NM_023479	68626	Mm.157711	NM_023479	ENSMUSG00000020549	Elac2	1110017O07Rik|D11Wsu80e|Hpc2	elaC ribonuclease Z 2	protein-coding
1.8898820281028748	chr15	80589601	80589800	+	0	NA	intron (NM_001289442, intron 1 of 7)	(CA)n|Simple_repeat|Simple_repeat	17103	NM_001289442	17444	Mm.12947	NM_010815	ENSMUSG00000042351	Grap2	GRAP-2|GRB2L|GRBLG|GRID|Gads|GrbX|Grf40|GrpL|Mona|P38	GRB2-related adaptor protein 2	protein-coding
0.5018917471170425	chr10	70033001	70033600	+	0	NA	Intergenic	Intergenic	-63821	NM_001111121	76551	Mm.281741	NM_001111121	ENSMUSG00000048701	Ccdc6	2810012H18Rik|AA536681|AA960498|AW061011	coiled-coil domain containing 6	protein-coding
3.966675564646721	chr2	121172401	121172600	+	0	NA	intron (NR_110985, intron 1 of 18)	RSINE1|SINE|B4	1332	NM_153387	51885	Mm.383499	NM_153387	ENSMUSG00000027263	Tubgcp4	4932441P04Rik|76p|D2Ertd435e|GCP-4	tubulin, gamma complex associated protein 4	protein-coding
10.085799340690885	chr11	20332201	20333600	+	0	NA	promoter-TSS (NM_018861)	promoter-TSS (NM_018861)	-187	NM_018861	55963	Mm.6379	NM_018861	ENSMUSG00000020142	Slc1a4	ASCT-1|ASCT1|AW045657|SATT	solute carrier family 1 (glutamate/neutral amino acid transporter), member 4	protein-coding
3.2778723711768785	chr9	38718401	38719000	+	0	NA	intron (NM_001145957, intron 1 of 18)	intron (NM_001145957, intron 1 of 18)	432	NM_172767	67776	Mm.290950	NM_172767	ENSMUSG00000023186	Vwa5a	5830475I06Rik|AW552491|BCSC-1|E130119J22|Loh11cr2a	von Willebrand factor A domain containing 5A	protein-coding
4.873974732123315	chr4	135920201	135921800	+	0	NA	TTS (NM_001305278)	TTS (NM_001305278)	274	NM_024243	71665	Mm.439940	NM_024243	ENSMUSG00000028673	Fuca1	0610006A03Rik|9530055J05Rik|Afuc|Fuca	fucosidase, alpha-L- 1, tissue	protein-coding
1.7029706239700317	chr2	31135401	31135600	+	0	NA	intron (NM_001038700, intron 1 of 14)	intron (NM_001038700, intron 1 of 14)	6508	NM_001355106	14269	Mm.52297	NM_019406	ENSMUSG00000075415	Fnbp1	1110057E06Rik|2210010H06Rik|FBP1|Fbp17	formin binding protein 1	protein-coding
3.71486431080848	chr11	3649001	3649800	+	0	NA	promoter-TSS (NM_001159288)	promoter-TSS (NM_001159288)	-37	NM_001363202	74522	Mm.139127	NM_198162	ENSMUSG00000034543	Morc2a	8430403M08Rik|Zcwcc1	microrchidia 2A	protein-coding
6.372231589351525	chr8	105565401	105567200	+	0	NA	promoter-TSS (NM_013477)	promoter-TSS (NM_013477)	-236	NM_013477	11972	Mm.17708	NM_013477	ENSMUSG00000013160	Atp6v0d1	AI267038|Ac39|Atp6d|P39|VATX|Vma6	ATPase, H+ transporting, lysosomal V0 subunit D1	protein-coding
6.913126301020384	chr8	82773401	82774200	+	0	NA	intron (NM_145600, intron 1 of 9)	intron (NM_145600, intron 1 of 9)	345	NM_001368346	30932	Mm.269248	NM_145600	ENSMUSG00000031711	Zfp330	BC008086|Noa36|Znf330	zinc finger protein 330	protein-coding
7.009178151935339	chr7	64392001	64393000	+	0	NA	promoter-TSS (NM_026483)	promoter-TSS (NM_026483)	-122	NM_028626	73724	Mm.10093	NM_028626	ENSMUSG00000033429	Mcee	1110007A04Rik	methylmalonyl CoA epimerase	protein-coding
4.280790581833571	chr5	112276201	112277800	+	0	NA	intron (NM_001326590, intron 1 of 5)	CpG	255	NM_001326590	22022	Mm.250631	NM_009419	ENSMUSG00000029344	Tpst2	AI448750|D5Ucla3|Tango13b|grm|grt	protein-tyrosine sulfotransferase 2	protein-coding
6.458827763795853	chr1	125433401	125433600	+	0	NA	intron (NM_001205385, intron 2 of 12)	intron (NM_001205385, intron 2 of 12)	2227	NM_001205386	74117	Mm.183102	NM_023735	ENSMUSG00000026341	Actr3	1200003A09Rik|Arp3	ARP3 actin-related protein 3	protein-coding
2.29328080727442	chr12	114770401	114773600	+	0	NA	Intergenic	Intergenic	-258306	NR_106063	102465664		NR_106063	ENSMUSG00000098357	Mir7094-2	Gm27508|mmu-mir-7094-2	microRNA 7094-2	ncRNA
0.0-22	chr15	13173201	13173600	+	0	NA	intron (NM_007666, intron 1 of 11)	CpG	275	NM_007666	12563	Mm.57048	NM_007666	ENSMUSG00000039385	Cdh6	cad6	cadherin 6	protein-coding
2.2667243180347874	chrX	7727601	7729400	+	0	NA	promoter-TSS (NM_138602)	promoter-TSS (NM_138602)	-71	NM_138602	54637	Mm.28850	NM_138602	ENSMUSG00000031149	Praf2	AA986329|C78013|DXImx39e|JM4|Sfc20	PRA1 domain family 2	protein-coding
0.5018917471170425-2	chr1	69767001	69767600	+	0	NA	Intergenic	Intergenic	-59670	NM_029160	66722	Mm.440554	NM_025728	ENSMUSG00000053153	Spag16	4921511D23Rik|4930524F24Rik|4930585K05Rik|AV261009|Pf20|Wdr29	sperm associated antigen 16	protein-coding
1.0280127506703138	chr9	109058401	109058800	+	0	NA	TTS (NM_001357941)	TTS (NM_001357941)	651	NM_001012236	22040	Mm.439964	NM_011637	ENSMUSG00000049734	Trex1	AU041952	three prime repair exonuclease 1	protein-coding
20.531180560588837	chr11	3151601	3152600	+	0	NA	intron (NM_001363224, intron 11 of 28)	(CAGGC)n|Simple_repeat|Simple_repeat	28098	NR_003517	236604	Mm.247625	NM_001004146		Pisd-ps1	-	phosphatidylserine decarboxylase, pseudogene 1	pseudo
8.385053671896458	chr15	73017801	73018200	+	0	NA	intron (NM_180662, intron 6 of 21)	G-rich|Low_complexity|Low_complexity	37812	NM_029640	76510	Mm.158902	NM_029640	ENSMUSG00000047921	Trappc9	1810044A24Rik|2900005P22Rik|4632408O18Rik|Ibp|Nibp|TRS130|mKIAA1882	trafficking protein particle complex 9	protein-coding
0.23883125185966492	chr15	39905601	39905800	+	0	NA	intron (NM_172814, intron 1 of 6)	intron (NM_172814, intron 1 of 6)	38294	NM_001347036	239393	Mm.39874	NM_172814	ENSMUSG00000022305	Lrp12	AI848829|C820005L12Rik|LRP-12	low density lipoprotein-related protein 12	protein-coding
6.2407644626994925	chr6	72344801	72345400	+	0	NA	promoter-TSS (NM_138592)	promoter-TSS (NM_138592)	75	NM_138592	28035	Mm.281900	NM_138592	ENSMUSG00000056305	Usp39	AA408960|AI894154|CGI-21|D6Wsu157e|SAD1	ubiquitin specific peptidase 39	protein-coding
2.8532233019718785	chr4	127021001	127022800	+	0	NA	non-coding (NR_045010, exon 1 of 12)	non-coding (NR_045010, exon 1 of 12)	599	NR_045010	71514	Mm.257276	NM_023603	ENSMUSG00000028820	Sfpq	1110004P21Rik|2810416M14Rik|5730453G22Rik|9030402K04Rik|AU021830|D4Ertd314e|Gm12940|PSF|REP1	splicing factor proline/glutamine rich (polypyrimidine tract binding protein associated)	protein-coding
5.5536919093380375	chr9	104062801	104064000	+	0	NA	promoter-TSS (NM_175324)	promoter-TSS (NM_175324)	-279	NM_025692	66663	Mm.224935	NM_025692	ENSMUSG00000032557	Uba5	5730525G14Rik|AW240750|Ube1dc1	ubiquitin-like modifier activating enzyme 5	protein-coding
8.089110642671585	chr2	172440001	172441000	+	0	NA	promoter-TSS (NM_025542)	promoter-TSS (NM_025542)	-78	NM_025542	66404	Mm.25157	NM_025542	ENSMUSG00000027502	Rtf2	1700067C04Rik|2410001C21Rik|5730427M17Rik|AA589417|Rtfdc1	replication termination factor 2	protein-coding
3.0096199164787927	chr10	8095401	8096600	+	0	NA	Intergenic	Intergenic	-139877	NM_138667	68652	Mm.193041	NM_138667	ENSMUSG00000015755	Tab2	1110030N06Rik|A530078N03Rik|Map3k7ip2|mKIAA0733	TGF-beta activated kinase 1/MAP3K7 binding protein 2	protein-coding
0.752837622538209-2	chr13	23609201	23609600	+	0	NA	intron (NM_001177653, intron 1 of 1)	MT2A|LTR|ERVL	11694	NM_001177653	319179	Mm.440391	NM_178194	ENSMUSG00000047246	Hist1h2be	Gm11398	histone cluster 1, H2be	protein-coding
0.09864769130945206	chr13	19342201	19342600	+	0	NA	Intergenic	Intergenic	53413	NM_001347485	76205	Mm.41940	NM_024270	ENSMUSG00000003062	Stard3nl	0610035N01Rik|6530409L22Rik|AW124774|MENTHO	STARD3 N-terminal like	protein-coding
6.926106309890747	chr7	104314801	104315800	+	0	NA	intron (NR_040749, intron 1 of 6)	intron (NR_040749, intron 1 of 6)	195	NM_001368754	76681	Mm.458309	NM_023835	ENSMUSG00000066258	Trim12a	2310043C01Rik|Trim12	tripartite motif-containing 12A	protein-coding
0.45689456164836884	chr2	174326401	174326600	+	0	NA	intron (NM_001310085, intron 2 of 12)	intron (NM_001310085, intron 2 of 12)	-1249	NR_003258	14683	Mm.125770	NM_010309	ENSMUSG00000027523	Gnas	5530400H20Rik|A930027G11Rik|C130027O20Rik|GPSA|GSP|Galphas|Gnas1|Gnasxl|Gs-alpha|Gsa|Nesp|Nesp55|Nespl|Oed-Sml|Oedsml|P1|P2|P3|PHP1A|PHP1B|POH|SCG6	GNAS (guanine nucleotide binding protein, alpha stimulating) complex locus	protein-coding
0.6126540750265121	chr15	9595201	9595400	+	0	NA	intron (NM_001305042, intron 32 of 36)	intron (NM_001305042, intron 32 of 36)	-65424	NM_001355680	16197	Mm.389	NM_008372	ENSMUSG00000003882	Il7r	CD127|IL-7Ralpha	interleukin 7 receptor	protein-coding
0.0-46	chrX	164013401	164014000	+	0	NA	intron (NM_181315, intron 2 of 7)	intron (NM_181315, intron 2 of 7)	14310	NM_181315	56078	Mm.180953	NM_181315	ENSMUSG00000031373	Car5b	7330410H16Rik|CAVB|Ca5b|CarVb|D730005F19Rik	carbonic anhydrase 5b, mitochondrial	protein-coding
2.419464349746704	chr13	48262601	48263000	+	0	NA	promoter-TSS (NR_102303)	promoter-TSS (NR_102303)	-177	NR_102303	320614	Mm.173009	NR_102303	ENSMUSG00000097622	A330033J07Rik	-	RIKEN cDNA A330033J07 gene	ncRNA
1.898782613021987	chr5	115631401	115632800	+	0	NA	promoter-TSS (NR_027810)	promoter-TSS (NR_027810)	113	NM_198163	77407	Mm.27553	NM_198163	ENSMUSG00000029518	Rab35	9530019H02Rik|AU040256|H-ray|RAB1C|RAY	RAB35, member RAS oncogene family	protein-coding
2.908066210770536	chr16	8829401	8831400	+	0	NA	5' UTR (NM_001081400, exon 1 of 4)	5' UTR (NM_001081400, exon 1 of 4)	300	NM_001081400	69053	Mm.390868	NM_001081400	ENSMUSG00000022507	1810013L24Rik	1110017P05Rik|3010002C02Rik|AA792997|AW124177|Gm19906|R74903	RIKEN cDNA 1810013L24 gene	protein-coding
4.760307385453156	chr12	8499201	8500600	+	0	NA	5' UTR (NM_007483, exon 1 of 1)	5' UTR (NM_007483, exon 1 of 1)	109	NM_007483	11852	Mm.687	NM_007483	ENSMUSG00000054364	Rhob	AA017882|Arh6|Arhb	ras homolog family member B	protein-coding
2.950344756245613-2	chr8	71272001	71273600	+	0	NA	promoter-TSS (NM_001142323)	promoter-TSS (NM_001142323)	86	NM_001142322	17925	Mm.33779	NM_015742	ENSMUSG00000004677	Myo9b	-	myosin IXb	protein-coding
10.415119469165802	chr10	75591601	75591800	+	0	NA	intron (NM_001359425, intron 1 of 7)	intron (NM_001359425, intron 1 of 7)	2319	NR_153110	23887	Mm.257927	NM_011820	ENSMUSG00000006344	Ggt5	AI551243|GGL|GGT-REL|Ggtla1	gamma-glutamyltransferase 5	protein-coding
0.8800412192940712	chr5	11034001	11034800	+	0	NA	Intergenic	L1_Mus1|LINE|L1	92055	NR_126451	75330	Mm.326776	NR_126451	ENSMUSG00000106506	4930558F17Rik	-	RIKEN cDNA 4930558F17 gene	ncRNA
1.651015535311755	chr4	129235001	129239400	+	0	NA	intron (NM_001285867, intron 1 of 6)	intron (NM_001285867, intron 1 of 6)	2018	NM_001285865	97130	Mm.331907	NM_001033189	ENSMUSG00000050390	C77080	mKIAA1522	expressed sequence C77080	protein-coding
6.0655350452288985-2	chr1	171411001	171412600	+	0	NA	5' UTR (NM_009480, exon 1 of 10)	5' UTR (NM_009480, exon 1 of 10)	119	NM_009480	22278	Mm.8	NM_009480	ENSMUSG00000026641	Usf1	bHLHb11	upstream transcription factor 1	protein-coding
6.266724396497011	chr6	127446401	127446800	+	0	NA	promoter-TSS (NM_001346513)	promoter-TSS (NM_001346513)	-240	NM_001346513	101187	Mm.110818	NM_181402	ENSMUSG00000037997	Parp11	5330431N24Rik|AI851877|ARTD11|HIN1L|PARP-11	poly (ADP-ribose) polymerase family, member 11	protein-coding
4.112051126680204	chr1	55130801	55132200	+	0	NA	intron (NM_001310585, intron 1 of 6)	CpG	255	NM_025283	19070	Mm.291037	NM_025283	ENSMUSG00000025979	Mob4	2610109B12Rik|Mobkl3|Phocn|Prei3	MOB family member 4, phocein	protein-coding
2.1079453945159914	chr5	37015601	37016600	+	0	NA	Intergenic	Intergenic	-27118	NM_011716	22393	Mm.20916	NM_011716	ENSMUSG00000039474	Wfs1	AI481085|wolframin	wolframin ER transmembrane glycoprotein	protein-coding
2.191017108038068	chr15	31523001	31523400	+	0	NA	intron (NM_172606, intron 1 of 25)	ORR1E|LTR|ERVL-MaLR	7837	NM_172606	223455	Mm.272185	NM_172606	ENSMUSG00000039100	March6	3830408G03|F830029L24Rik|mKIAA0597	membrane-associated ring finger (C3HC4) 6	protein-coding
1.8068103156983852	chr18	65599601	65600600	+	0	NA	intron (NM_001361051, intron 1 of 8)	intron (NM_001361051, intron 1 of 8)	-6583	NM_001361052	328977	Mm.286232	NM_207255	ENSMUSG00000042439	Zfp532	C530030I18Rik|Znf532|mKIAA1629	zinc finger protein 532	protein-coding
2.1494812071323395	chrX	85870001	85870400	+	0	NA	promoter-TSS (NM_001163539)	promoter-TSS (NM_001163539)	-73	NM_001163539	71398	Mm.185296	NM_001163539	ENSMUSG00000025058	5430427O19Rik	-	RIKEN cDNA 5430427O19 gene	protein-coding
12.371458888053894	chr7	101378001	101379000	+	0	NA	5' UTR (NM_001040112, exon 1 of 31)	5' UTR (NM_001040112, exon 1 of 31)	378	NM_001040112	69710	Mm.277687	NM_027180	ENSMUSG00000032812	Arap1	2410002L19Rik|Centd2|mKIAA0782	ArfGAP with RhoGAP domain, ankyrin repeat and PH domain 1	protein-coding
3.764188202098012	chr6	72216601	72217400	+	0	NA	intron (NM_153778, intron 2 of 2)	intron (NM_153778, intron 2 of 2)	18577	NM_153778	71093	Mm.87449	NM_153778	ENSMUSG00000037621	Atoh8	4933425C05Rik|Hath6|Math6|bHLHa21|okadin	atonal bHLH transcription factor 8	protein-coding
4.2626186506822705	chr5	137045401	137046200	+	0	NA	intron (NM_007457, intron 1 of 4)	intron (NM_007457, intron 1 of 4)	308	NM_007457	11769	Mm.833	NM_007457	ENSMUSG00000004849	Ap1s1	AP19	adaptor protein complex AP-1, sigma 1	protein-coding
6.416450041475927	chr4	116555601	116558800	+	0	NA	promoter-TSS (NM_029868)	promoter-TSS (NM_029868)	-458	NM_029868	77110	Mm.41715	NM_029868	ENSMUSG00000034042	Gpbp1l1	5330440M15Rik|BC002292	GC-rich promoter binding protein 1-like 1	protein-coding
0.43872261606156826	chr11	83118001	83118800	+	0	NA	intron (NM_011407, intron 1 of 1)	intron (NM_011407, intron 1 of 1)	1580	NM_011407	20555	Mm.10948	NM_011407	ENSMUSG00000078763	Slfn1	AV316259	schlafen 1	protein-coding
11.278286767192185	chr11	102407201	102408800	+	0	NA	promoter-TSS (NM_026542)	promoter-TSS (NM_026542)	-483	NM_026542	68066	Mm.44226	NM_026542	ENSMUSG00000018677	Slc25a39	3010027G13Rik|D11Ertd333e	solute carrier family 25, member 39	protein-coding
2.4194644447416067	chr2	167348201	167349800	+	0	NA	exon (NM_019835, exon 1 of 9)	exon (NM_019835, exon 1 of 9)	178	NM_019835	56336	Mm.200886	NM_019835	ENSMUSG00000017929	B4galt5	9430078I07Rik|AW049941|AW539721	UDP-Gal:betaGlcNAc beta 1,4-galactosyltransferase, polypeptide 5	protein-coding
3.087143475508279	chr6	87849601	87851600	+	0	NA	intron (NM_001355195, intron 1 of 4)	CpG	506	NM_001347325	12785	Mm.290251	NM_013493	ENSMUSG00000030057	Cnbp	AA408710|Cnbp1|Znf9	cellular nucleic acid binding protein	protein-coding
0.4390934721699783	chr12	32378601	32380000	+	0	NA	exon (NM_001162903, exon 1 of 1)	exon (NM_001162903, exon 1 of 1)	511	NM_001162903	72123	Mm.341352	NM_028111	ENSMUSG00000090946	Ccdc71l	2010109K11Rik|AV375874	coiled-coil domain containing 71 like	protein-coding
1.4405482777552538	chr11	104607601	104611000	+	0	NA	intron (NM_016780, intron 1 of 14)	intron (NM_016780, intron 1 of 14)	1300	NM_016780	16416	Mm.87150	NM_016780	ENSMUSG00000020689	Itgb3	CD61|GP3A|INGRB3	integrin beta 3	protein-coding
4.026447777237449	chr8	121950001	121951800	+	0	NA	intron (NM_001285981, intron 1 of 12)	CpG	408	NM_016812	53325	Mm.287163	NM_016812	ENSMUSG00000025316	Banp	AA408158|SMAR1	BTG3 associated nuclear protein	protein-coding
1.4210406192201783	chr2	11171601	11174200	+	0	NA	intron (NM_008859, intron 1 of 17)	intron (NM_008859, intron 1 of 17)	518	NM_008859	18761	Mm.329993	NM_008859	ENSMUSG00000026778	Prkcq	A130035A12Rik|AW494342|PKC-0|PKC-theta|PKCtheta|Pkcq	protein kinase C, theta	protein-coding
7.438382072995107	chr8	25596801	25598000	+	0	NA	promoter-TSS (NM_173012)	promoter-TSS (NM_173012)	87	NM_173012	270035	Mm.268349	NM_173012	ENSMUSG00000037363	Letm2	6030453H13|D030041N04Rik	leucine zipper-EF-hand containing transmembrane protein 2	protein-coding
2.209708259999752	chr3	98013201	98014200	+	0	NA	exon (NM_010928, exon 1 of 34)	exon (NM_010928, exon 1 of 34)	162	NM_010928	18129	Mm.485843	NM_010928	ENSMUSG00000027878	Notch2	AI853703|N2	notch 2	protein-coding
2.780826473236084	chr12	73617801	73618800	+	0	NA	intron (NM_001313977, intron 2 of 14)	(TCTG)n|Simple_repeat|Simple_repeat	33504	NM_001313977	18755	Mm.341677	NM_008856	ENSMUSG00000021108	Prkch	Pkch	protein kinase C, eta	protein-coding
3.7589961886405945	chr10	7484201	7484400	+	0	NA	Intergenic	Intergenic	-10823	NM_029975	77777	Mm.442442	NM_029975	ENSMUSG00000079685	Ulbp1	A430108B07Rik|MULT1	UL16 binding protein 1	protein-coding
4.009694863642965	chr8	64946601	64948000	+	0	NA	5' UTR (NM_028427, exon 1 of 6)	5' UTR (NM_028427, exon 1 of 6)	115	NM_001163747	73067	Mm.294445	NM_028427	ENSMUSG00000025521	Tmem192	3110005G23Rik	transmembrane protein 192	protein-coding
4.954441430594018	chr9	106821401	106823200	+	0	NA	intron (NM_001015507, intron 1 of 22)	CpG	324	NM_001015507	321006	Mm.440089	NM_001015507	ENSMUSG00000040325	Dcaf1	AI447437|B930007L02Rik|Vprbp|mKIAA0800	DDB1 and CUL4 associated factor 1	protein-coding
0.8598988019497528	chr7	82426401	82428600	+	0	NA	intron (NM_001190374, intron 3 of 29)	intron (NM_001190374, intron 3 of 29)	91806	NM_001190374	269959	Mm.65306	NM_001190374	ENSMUSG00000070469	Adamtsl3	9230119C12Rik|C130057K09|mKIAA1233	ADAMTS-like 3	protein-coding
7.334542339046796	chr1	34439001	34440200	+	0	NA	promoter-TSS (NM_027159)	promoter-TSS (NM_027159)	72	NM_027159	69668	Mm.379170	NM_027159	ENSMUSG00000042111	Ccdc115	2310061I09Rik|Ccp1	coiled-coil domain containing 115	protein-coding
1.648083952388593	chr11	99125801	99127200	+	0	NA	Intergenic	Intergenic	28577	NM_001301713	12775	Mm.2932	NM_007719	ENSMUSG00000037944	Ccr7	CC-CKR-7|CCR-7|CD197|Cdw197|Cmkbr7|EBI1|Ebi1h	chemokine (C-C motif) receptor 7	protein-coding
8.051036149263382	chr7	102565001	102565600	+	0	NA	intron (NM_009277, intron 1 of 7)	intron (NM_009277, intron 1 of 7)	182	NM_009277	20821	Mm.321227	NM_009277	ENSMUSG00000030966	Trim21	Ro52|Ssa1	tripartite motif-containing 21	protein-coding
27.662889286875725	chr12	105524601	105525000	+	0	NA	Intergenic	(CCCTAA)n|Simple_repeat|Simple_repeat	11367	NR_102381	104932	Mm.274150	NR_102381		AU015791	-	expressed sequence AU015791	ncRNA
2.6660836413502693	chr7	116092001	116092800	+	0	NA	promoter-TSS (NM_019772)	promoter-TSS (NM_019772)	749	NR_029433	69350	Mm.440425	NR_029433	ENSMUSG00000087621	1700003G18Rik	2610312K03Rik	RIKEN cDNA 1700003G18 gene	ncRNA
2.0079175204201096	chr7	100674601	100676400	+	0	NA	Intergenic	RSINE1|SINE|B4	-13106	NM_001163182	27276	Mm.491216	NM_013746	ENSMUSG00000030701	Plekhb1	AI315628|PHR1|Phret1|evt-1	pleckstrin homology domain containing, family B (evectins) member 1	protein-coding
4.060131281614304	chr4	144996001	144996200	+	0	NA	intron (NM_001276465, intron 67 of 69)	intron (NM_001276465, intron 67 of 69)	102963	NM_001357275	20148	Mm.14063	NM_011303	ENSMUSG00000066026	Dhrs3	Rsdr1|retSDR1	dehydrogenase/reductase (SDR family) member 3	protein-coding
2.985390655696392	chr8	11585201	11585600	+	0	NA	Intergenic	Intergenic	26990	NM_001302459	26356	Mm.25709	NM_011919	ENSMUSG00000045969	Ing1	2610028J21Rik|AA407184|AI875420|mING1h|p33Ing1|p37Ing1b	inhibitor of growth family, member 1	protein-coding
3.021734523453883-2	chr1	127204801	127206200	+	0	NA	intron (NM_145128, intron 1 of 17)	CpG	514	NM_145128	107895	Mm.214682	NM_145128	ENSMUSG00000036155	Mgat5	4930471A21Rik|5330407H02Rik|AI480971|GlcNAc-TV	mannoside acetylglucosaminyltransferase 5	protein-coding
9.231347180902958	chr5	21786601	21787200	+	0	NA	intron (NM_001368661, intron 1 of 11)	CpG	153	NM_001368661	19181	Mm.2462	NM_011188	ENSMUSG00000028932	Psmc2	-	proteasome (prosome, macropain) 26S subunit, ATPase 2	protein-coding
4.184738935281833	chr1	162570401	162571600	+	0	NA	intron (NM_016796, intron 1 of 7)	CpG	172	NM_001347125	53330	Mm.10699	NM_016796	ENSMUSG00000026696	Vamp4	D1Ertd147e|Vamp-4	vesicle-associated membrane protein 4	protein-coding
3.3877693731337786	chr15	55090001	55090800	+	0	NA	promoter-TSS (NM_183089)	promoter-TSS (NM_183089)	91	NM_001355594	72107	Mm.486550	NM_183089	ENSMUSG00000022422	Dscc1	2010006I05Rik|2600005O03Rik|Dcc1	DNA replication and sister chromatid cohesion 1	protein-coding
2.019681641831994	chr5	135132201	135133800	+	0	NA	intron (NR_152882, intron 9 of 16)	intron (NR_152882, intron 9 of 16)	-16686	NM_001363307	27368	Mm.36746	NM_013763	ENSMUSG00000005374	Tbl2	C76179|WS-bTRP	transducin (beta)-like 2	protein-coding
2.84267406714652	chr1	80339601	80341400	+	0	NA	5' UTR (NM_001313728, exon 1 of 17)	5' UTR (NM_001313728, exon 1 of 17)	190	NM_001313728	26554	Mm.12665	NM_016716	ENSMUSG00000004364	Cul3	KIAA0617	cullin 3	protein-coding
0.3764188103377819	chr10	95880001	95880800	+	0	NA	Intergenic	Intergenic	-60263	NM_001001932	216238	Mm.210035	NM_001001932	ENSMUSG00000036499	Eea1	A430109M19Rik|B230358H09Rik|ZFYVE2	early endosome antigen 1	protein-coding
11.360131064185355	chr11	62550401	62552400	+	0	NA	promoter-TSS (NM_001313984)	promoter-TSS (NM_001313984)	229	NM_011664	22187	Mm.371592	NM_011664	ENSMUSG00000019505	Ubb	AL033289|Rps27a|Uba52|Ubb2|Ubc	ubiquitin B	protein-coding
5.246499583125114	chr9	107568801	107569600	+	0	NA	promoter-TSS (NM_010489)	promoter-TSS (NM_010489)	37	NM_010489	15587	Mm.4834	NM_010489	ENSMUSG00000010047	Hyal2	AI256841|AU020858|AW555733	hyaluronoglucosaminidase 2	protein-coding
1.5056752488017082	chr18	54989201	54989600	+	0	NA	intron (NM_001360787, intron 1 of 8)	intron (NM_001360787, intron 1 of 8)	780	NM_175751	269023	Mm.192984	NM_175751	ENSMUSG00000052713	Zfp608	4932417D18Rik|D430007A19Rik|Znf608	zinc finger protein 608	protein-coding
1.1889642495661974	chr5	99900001	99900400	+	0	NA	Intergenic	Intergenic	78738	NM_001077267	11991	Mm.150231	NM_007516	ENSMUSG00000000568	Hnrnpd	Auf1|Hnrpd	heterogeneous nuclear ribonucleoprotein D	protein-coding
4.352392059952027	chr13	46726201	46728400	+	0	NA	intron (NM_175749, intron 1 of 21)	CpG	549	NM_175749	218210	Mm.255398	NM_175749	ENSMUSG00000021374	Nup153	B130015D15Rik|C88147	nucleoporin 153	protein-coding
1.134665040043766	chr2	45107601	45109400	+	0	NA	intron (NR_149354, intron 2 of 2)	(CA)n|Simple_repeat|Simple_repeat	1777	NM_001289521	24136	Mm.440702	NM_015753	ENSMUSG00000026872	Zeb2	9130203F04Rik|D130016B08Rik|SIP1|Zfhx1b|Zfx1b|Zfxh1b	zinc finger E-box binding homeobox 2	protein-coding
2.949046759555737	chr14	27428601	27429800	+	0	NA	exon (NM_028945, exon 1 of 24)	exon (NM_028945, exon 1 of 24)	366	NM_028945	218850	Mm.247767	NM_028945	ENSMUSG00000040651	Tasor	4732418E12|4933409E02Rik|D14Abb1e|Fam208a|MommeD6	transcription activation suppressor	protein-coding
1.464139387011528	chr5	117182601	117182800	+	0	NA	intron (NM_001081308, intron 1 of 19)	L1MB7|LINE|L1	49112	NM_001081308	330177	Mm.24343	NM_183306	ENSMUSG00000061288	Taok3	2900006A08Rik|A130052D22|A430105I05Rik	TAO kinase 3	protein-coding
4.075707172354062	chr16	33251001	33252200	+	0	NA	exon (NM_080557, exon 1 of 14)	exon (NM_080557, exon 1 of 14)	144	NM_080557	69150	Mm.28196	NM_080557	ENSMUSG00000022808	Snx4	1810036H14Rik|AI037066	sorting nexin 4	protein-coding
2.8555910531431437	chr6	72052201	72052600	+	0	NA	Intergenic	Lx8|LINE|L1	-9872	NR_046180	330350	Mm.246787	NR_046180	ENSMUSG00000108356	9130221F21Rik	9130221F21	RIKEN cDNA 9130221F21 gene	ncRNA
1.8561341743916273	chr3	133091001	133092600	+	0	NA	promoter-TSS (NM_027927)	promoter-TSS (NM_027927)	25	NM_026231	67553	Mm.304899	NM_026231	ENSMUSG00000028018	Gstcd	4933434L15Rik	glutathione S-transferase, C-terminal domain containing	protein-coding
7.23347174525261	chr3	53863401	53864400	+	0	NA	promoter-TSS (NM_026435)	promoter-TSS (NM_026435)	-93	NM_026435	67890	Mm.23067	NM_026435	ENSMUSG00000027746	Ufm1	1810045K17Rik|AI132708|AI463323|Gm10726	ubiquitin-fold modifier 1	protein-coding
5.842020174860954	chr3	86141801	86142800	+	0	NA	intron (NM_016959, intron 1 of 5)	CpG	368	NM_016959	20091	Mm.391785	NM_016959	ENSMUSG00000028081	Rps3a1	Rps3a	ribosomal protein S3A1	protein-coding
3.0238113150000574	chr5	77094401	77095400	+	0	NA	exon (NM_175606, exon 2 of 3)	exon (NM_175606, exon 2 of 3)	367	NM_001159901	74318	Mm.181852	NM_175606	ENSMUSG00000059325	Hopx	1110018K11Rik|1200015P04Rik|2300002F06Rik|AI848177|AW490897|Cameo|Hdop|Hod|Hop|Ob1|Obl|Toto	HOP homeobox	protein-coding
3.2190298913046718	chr3	61002201	61003000	+	0	NA	promoter-TSS (NM_001282016)	promoter-TSS (NM_001282016)	-185	NM_008772	18441	Mm.281452	NM_008772	ENSMUSG00000027765	P2ry1	P2Y1	purinergic receptor P2Y, G-protein coupled 1	protein-coding
1.6960479815800984	chr13	33569201	33569800	+	0	NA	promoter-TSS (NR_131141)	promoter-TSS (NR_131141)	-183	NR_131141	619715	Mm.390575	NR_131140	ENSMUSG00000112963	Gm6093	EG619715	predicted gene 6093	ncRNA
1.082009421288967	chr12	4907001	4908000	+	0	NA	promoter-TSS (NM_145441)	promoter-TSS (NM_145441)	20	NM_145441	217379	Mm.259170	NM_145441	ENSMUSG00000020634	Ubxn2a	6330407P03Rik|Ubxd4	UBX domain protein 2A	protein-coding
1.9645707363072442	chr1	69771401	69773200	+	0	NA	Intergenic	Intergenic	-54670	NM_029160	66722	Mm.440554	NM_025728	ENSMUSG00000053153	Spag16	4921511D23Rik|4930524F24Rik|4930585K05Rik|AV261009|Pf20|Wdr29	sperm associated antigen 16	protein-coding
1.984398149593954	chr1	144246601	144249400	+	0	NA	intron (NM_015811, intron 2 of 4)	intron (NM_015811, intron 2 of 4)	1104	NM_015811	50778	Mm.103701	NM_015811	ENSMUSG00000026358	Rgs1	BL34	regulator of G-protein signaling 1	protein-coding
8.031998954713345	chr4	124936601	124937400	+	0	NA	promoter-TSS (NM_026560)	promoter-TSS (NM_026560)	-48	NM_177573	194268	Mm.266907	NM_177573	ENSMUSG00000044730	9930104L06Rik	C1orf109	RIKEN cDNA 9930104L06 gene	protein-coding
1.0972392074763775	chr18	7692801	7693400	+	0	NA	Intergenic	CpG	-66237	NM_001161620	75739	Mm.133293	NM_001081287	ENSMUSG00000057440	Mpp7	1110068J02Rik|2810038M04Rik|5430426E14Rik|AI415104|Gm955	membrane protein, palmitoylated 7 (MAGUK p55 subfamily member 7)	protein-coding
0.43644582602349774	chr16	48993001	48994800	+	0	NA	promoter-TSS (NM_172616)	promoter-TSS (NM_172616)	212	NM_027341	224170	Mm.275138	NM_027341	ENSMUSG00000064061	Dzip3	2310047C04Rik|2A-HUB|6430549P11Rik|A230104G20	DAZ interacting protein 3, zinc finger	protein-coding
0.0415358692407608	chr10	19781401	19781800	+	0	NA	Intergenic	RLTR20A2|LTR|ERVK	69013	NM_172786	237313	Mm.234667	NM_172786	ENSMUSG00000020007	Il20ra	E230031K19	interleukin 20 receptor, alpha	protein-coding
3.1671100798994303	chr12	110499201	110499600	+	0	NA	intron (NM_001364212, intron 1 of 10)	intron (NM_001364212, intron 1 of 10)	13603	NM_001081457	26931	Mm.240396	NM_012023	ENSMUSG00000017843	Ppp2r5c	2610043M05Rik|2700063L20Rik|AI060890|AW545884|C85228|D12Bwg0916e	protein phosphatase 2, regulatory subunit B', gamma	protein-coding
2.0698828347496314	chr12	17690201	17692200	+	0	NA	intron (NM_016677, intron 1 of 3)	CpG	391	NM_001361645	53602	Mm.313619	NM_016677	ENSMUSG00000071379	Hpcal1	NVL-3|NVP-3|Nvp3|VILIP3|Vnsl3|Vsnl3	hippocalcin-like 1	protein-coding
4.597501554526389	chr5	35574601	35575400	+	0	NA	promoter-TSS (NM_030208)	promoter-TSS (NM_030208)	70	NM_030208	78890	Mm.98522	NM_030208	ENSMUSG00000029097	Trmt44	2310079F23Rik|Mettl19	tRNA methyltransferase 44	protein-coding
7.980079062283039	chr8	84856801	84857600	+	0	NA	intron (NR_152751, intron 1 of 12)	CpG	214	NM_025648	66590	Mm.292517	NM_025648	ENSMUSG00000003808	Farsa	0610012A19Rik|Farsla|pheRS	phenylalanyl-tRNA synthetase, alpha subunit	protein-coding
0.6452893934079579	chr1	138170601	138172000	+	0	NA	intron (NM_011210, intron 2 of 29)	intron (NM_011210, intron 2 of 29)	3826	NM_001111316	19264	Mm.391573	NM_011210	ENSMUSG00000026395	Ptprc	B220|CD45R|Cd45|L-CA|Ly-5|Lyt-4|T200|loc	protein tyrosine phosphatase, receptor type, C	protein-coding
0.8307173736393452	chr7	106644401	106644600	+	0	NA	intron (NM_001277182, intron 1 of 3)	intron (NM_001277182, intron 1 of 3)	145	NM_001277180	434223	Mm.276443	NM_001277179		Gm1966	-	predicted gene 1966	protein-coding
2.09756138920784	chr17	9167201	9168800	+	0	NA	promoter-TSS (NR_027881)	promoter-TSS (NR_027881)	22	NR_027881	67791	Mm.158175	NR_027881	ENSMUSG00000097049	6530411M01Rik	-	RIKEN cDNA 6530411M01 gene	ncRNA
3.6343886144459248	chr15	102459601	102460400	+	0	NA	intron (NM_025385, intron 2 of 4)	intron (NM_025385, intron 2 of 4)	830	NM_025385	66151	Mm.393955	NM_025385	ENSMUSG00000023048	Prr13	1110020C13Rik|2010324E22Rik	proline rich 13	protein-coding
0.8056534739262831	chr12	112803801	112806800	+	0	NA	Intergenic	Intergenic	-3675	NM_145450	217887	Mm.186678	NM_145450	ENSMUSG00000037594	Clba1	AW050009|C130001I08Rik|Flj20080	clathrin binding box of aftiphilin containing 1	protein-coding
2.4791722167283297	chr16	5233201	5234000	+	0	NA	promoter-TSS (NM_145362)	promoter-TSS (NM_145362)	-21	NM_145362	208211	Mm.34581	NM_145362	ENSMUSG00000039427	Alg1	HMAT1|HMT1	asparagine-linked glycosylation 1 (beta-1,4-mannosyltransferase)	protein-coding
4.124511928856373	chr3	40799801	40800800	+	0	NA	intron (NM_173169, intron 1 of 15)	CpG	349	NM_011495	20873	Mm.3794	NM_011495	ENSMUSG00000025758	Plk4	1700028H20|AI385771|Sak|Stk18	polo like kinase 4	protein-coding
2.3384694874286653	chr18	3383001	3384000	+	0	NA	intron (NM_029402, intron 1 of 20)	intron (NM_029402, intron 1 of 20)	275	NM_029402	71745	Mm.291707	NM_029402	ENSMUSG00000024231	Cul2	1300003D18Rik|4932411N15Rik|AI327301|mKIAA4106	cullin 2	protein-coding
2.8555909916758537	chr18	54860401	54861000	+	0	NA	Intergenic	Intergenic	129480	NM_175751	269023	Mm.192984	NM_175751	ENSMUSG00000052713	Zfp608	4932417D18Rik|D430007A19Rik|Znf608	zinc finger protein 608	protein-coding
1.6043229643255472	chr11	45836001	45836800	+	0	NA	intron (NR_045876, intron 2 of 3)	(TATG)n|Simple_repeat|Simple_repeat	-15569	NM_001363484	216705	Mm.169673	NM_001045520	ENSMUSG00000006169	Clint1	AI642036|AW537616|C530049I24Rik|Enth|Epn4|F630206G17Rik	clathrin interactor 1	protein-coding
3.7278443034738302	chr2	172369801	172371400	+	0	NA	promoter-TSS (NM_024199)	promoter-TSS (NM_024199)	-30	NM_011497	20878	Mm.249363	NM_011497	ENSMUSG00000027496	Aurka	AIRK1|ARK-1|AU019385|AW539821|Ark1|Aurora-A|Ayk1|IAK|IAK1|Stk6	aurora kinase A	protein-coding
0.0-8	chr8	13339201	13339600	+	0	NA	intron (NM_009361, intron 1 of 11)	intron (NM_009361, intron 1 of 11)	596	NM_009361	21781	Mm.925	NM_009361	ENSMUSG00000038482	Tfdp1	Dp1|Drtf1	transcription factor Dp 1	protein-coding
1.5056752574940522	chr17	56200201	56200800	+	0	NA	intron (NM_001360284, intron 10 of 20)	intron (NM_001360284, intron 10 of 20)	-16580	NM_080837	28106	Mm.294870	NM_080837	ENSMUSG00000019579	Mydgf	D17Wsu104e|Il25|Ly6elg	myeloid derived growth factor	protein-coding
3.764188226312399	chr13	109837201	109838000	+	0	NA	intron (NM_011056, intron 7 of 16)	intron (NM_011056, intron 7 of 16)	-66209	NR_035442	100316683		NR_035442	ENSMUSG00000084651	Mir1904	Mirn1904|mmu-mir-1904	microRNA 1904	ncRNA
0.0-26	chr7	125392401	125392800	+	0	NA	Intergenic	Intergenic	23739	NM_001145759	75861	Mm.349600	NM_001145759		4930571K23Rik	AI428146	RIKEN cDNA 4930571K23 gene	protein-coding
0.0-24	chr3	152476001	152476200	+	0	NA	intron (NM_001081277, intron 12 of 13)	intron (NM_001081277, intron 12 of 13)	79416	NM_001287139	108946	Mm.379292	NM_198416	ENSMUSG00000039068	Zzz3	3110065C23Rik|6430567E01Rik|AA408566|AI481057|AW556059|R75514	zinc finger, ZZ domain containing 3	protein-coding
0.1349915713071823	chr2	131696401	131696600	+	0	NA	Intergenic	Intergenic	-134003	NM_013460	11550	Mm.389380	NM_013460	ENSMUSG00000027335	Adra1d	Adra-1|Adra1|Adra1a|Gpcr8|Spr8|[a]1d|alpha1D-AR	adrenergic receptor, alpha 1d	protein-coding
0.0-11	chr2	164956801	164957200	+	0	NA	Intergenic	RLTR26_Mus|LTR|ERVK	-3846	NM_001355481	57138	Mm.252987	NM_020333	ENSMUSG00000017740	Slc12a5	KCC2|mKIAA1176	solute carrier family 12, member 5	protein-coding
4.502150213674151	chr12	71014801	71017400	+	0	NA	promoter-TSS (NR_045056)	promoter-TSS (NR_045056)	133	NM_001081195	238247	Mm.241601	NM_001081195	ENSMUSG00000048118	Arid4a	A630009N03|A630067N03Rik|Rbbp1	AT rich interactive domain 4A (RBP1-like)	protein-coding
4.209053489010157	chr12	69371201	69374400	+	0	NA	exon (NM_007481, exon 2 of 2)	exon (NM_007481, exon 2 of 2)	650	NM_007481	11845	Mm.27308	NM_007481	ENSMUSG00000044147	Arf6	AI788669|AW496366	ADP-ribosylation factor 6	protein-coding
2.1754411347210407	chr10	130322801	130323200	+	0	NA	intron (NM_183264, intron 1 of 8)	intron (NM_183264, intron 1 of 8)	148	NM_183264	67596	Mm.131264	NM_183264	ENSMUSG00000034833	Tespa1	5830405N20Rik|A430001F24Rik|AI450549|Itprid3	thymocyte expressed, positive selection associated 1	protein-coding
8.66022886601942	chr7	30231201	30232600	+	0	NA	promoter-TSS (NM_027259)	promoter-TSS (NM_027259)	-174	NM_027259	69920	Mm.440028	NM_027259	ENSMUSG00000019738	Polr2i	2810002B19Rik	polymerase (RNA) II (DNA directed) polypeptide I	protein-coding
3.138925009540149	chr7	80802201	80803600	+	0	NA	intron (NM_016721, intron 1 of 37)	intron (NM_016721, intron 1 of 37)	431	NM_016721	29875	Mm.207619	NM_016721	ENSMUSG00000030536	Iqgap1	AA682088|D7Ertd237e|D7Ertd257e|mKIAA0051	IQ motif containing GTPase activating protein 1	protein-coding
3.7839177370071413	chr12	54655801	54656800	+	0	NA	intron (NM_134054, intron 1 of 1)	CpG	272	NM_134054	104725	Mm.485026	NM_134054	ENSMUSG00000044408	Sptssa	1110002B05Rik|AA407909|AA409588|AU041967|Ssspta	serine palmitoyltransferase, small subunit A	protein-coding
5.189387730322778	chr7	30588001	30589600	+	0	NA	promoter-TSS (NR_106134)	promoter-TSS (NR_106134)	-74	NM_001290573	75410	Mm.168688	NM_029274	ENSMUSG00000006307	Kmt2b	2610014H22Rik|Mll2|Wbp7|mKIAA0304	lysine (K)-specific methyltransferase 2B	protein-coding
2.1120989993214607	chr4	45342001	45343000	+	0	NA	exon (NM_153167, exon 1 of 7)	exon (NM_153167, exon 1 of 7)	399	NM_153167	242418	Mm.317668	NM_153167	ENSMUSG00000035572	Dcaf10	AA959934|Wdr32	DDB1 and CUL4 associated factor 10	protein-coding
2.6608916372060776	chr6	35539001	35539800	+	0	NA	intron (NM_008098, intron 1 of 3)	CpG	488	NM_008098	14489	Mm.182746	NM_008098	ENSMUSG00000029840	Mtpn	5033418D15Rik|Gcdp|V1	myotrophin	protein-coding
5.516482707113028	chr5	129778601	129779400	+	0	NA	intron (NM_133900, intron 3 of 7)	intron (NM_133900, intron 3 of 7)	8253	NM_133900	100678	Mm.271784	NM_133900	ENSMUSG00000029446	Psph	AI480570|PSP|PSPase	phosphoserine phosphatase	protein-coding
5.430814964075883	chr11	57962401	57963000	+	0	NA	Intergenic	Intergenic	-46364	NM_028451	73158	Mm.248843	NM_028451	ENSMUSG00000037331	Larp1	1810024J12Rik|3110040D16Rik|Larp|mKIAA0731	La ribonucleoprotein domain family, member 1	protein-coding
3.3929613260552287	chr9	55511601	55512400	+	0	NA	intron (NM_145615, intron 1 of 11)	CpG	243	NM_145615	110842	Mm.290853	NM_145615	ENSMUSG00000032314	Etfa	2010200I21Rik|D9Ertd394e	electron transferring flavoprotein, alpha polypeptide	protein-coding
2.3301622748374937	chr4	130264201	130265200	+	0	NA	intron (NM_001356465, intron 2 of 9)	intron (NM_001356465, intron 2 of 9)	6734	NM_001356465	230779	Mm.45132	NM_172702	ENSMUSG00000023232	Serinc2	2310004K20Rik|AW121759|FKSG84|TDE2|Tde2l	serine incorporator 2	protein-coding
1.9480322733521462	chr3	58576601	58577600	+	0	NA	intron (NM_001040396, intron 1 of 5)	CpG	464	NM_001040396	69227	Mm.270950	NM_001040396	ENSMUSG00000075700	Selenot	2810407C02Rik|5730408P04Rik|Selt	selenoprotein T	protein-coding
11.354126754615988	chr7	30562401	30563800	+	0	NA	promoter-TSS (NM_170760)	promoter-TSS (NM_170760)	104	NM_025498	66340	Mm.86557	NM_025498	ENSMUSG00000036835	Psenen	1700023M09Rik|Pen-2	presenilin enhancer gamma secretase subunit	protein-coding
5.3937294483184814	chr4	106839001	106840400	+	0	NA	Intergenic	CpG	-34693	NM_001347159	329910	Mm.222956	NM_025590	ENSMUSG00000034853	Acot11	1110020M10Rik|2010309H15Rik|AW060409|BFIT|BFIT1|Thea|Them1|mKIAA0707	acyl-CoA thioesterase 11	protein-coding
0.47766248881816864	chr4	11767001	11767600	+	0	NA	intron (NM_019753, intron 1 of 17)	intron (NM_019753, intron 1 of 17)	9143	NM_019753	12557	Mm.33402	NM_019753	ENSMUSG00000028217	Cdh17	HPT-1|HPT-1/LI	cadherin 17	protein-coding
5.801176505784194	chr16	20498601	20499200	+	0	NA	promoter-TSS (NM_172265)	promoter-TSS (NM_172265)	83	NM_172265	224045	Mm.233855	NM_172265	ENSMUSG00000003235	Eif2b5	C81315	eukaryotic translation initiation factor 2B, subunit 5 epsilon	protein-coding
4.140606987755746	chr5	45669001	45670600	+	0	NA	promoter-TSS (NR_073433)	promoter-TSS (NR_073433)	-92	NR_073433	69788	Mm.381492	NR_073433	ENSMUSG00000104986	1600023N17Rik	AV119442	RIKEN cDNA 1600023N17 gene	ncRNA
0.7528376244008541	chrX	42362801	42363200	+	0	NA	Intergenic	MER5A|DNA|hAT-Charlie	-139565	NR_132588	20400	Mm.441197	NM_011364	ENSMUSG00000005696	Sh2d1a	Gm686|SAP	SH2 domain containing 1A	protein-coding
0.5399663001298904	chr2	70702001	70702600	+	0	NA	Intergenic	Intergenic	40791	NR_027343	70231	Mm.271950	NM_027352	ENSMUSG00000014959	Gorasp2	0610011A07Rik|2410043M02Rik|5730520M13Rik|9430094F20Rik|AW552058|GOLPH2|GRASP55|GRS2|p59	golgi reassembly stacking protein 2	protein-coding
6.260234407149255	chr17	80206201	80207800	+	0	NA	intron (NM_001360435, intron 1 of 6)	CpG	305	NM_001195486	225027	Mm.292016	NM_146083	ENSMUSG00000024097	Srsf7	35kDa|9430065L19Rik|9G8|NX-96|Sfrs7	serine/arginine-rich splicing factor 7	protein-coding
1.7574864560738206	chr8	116994001	116994800	+	0	NA	promoter-TSS (NM_026572)	promoter-TSS (NM_026572)	-902	NR_157137	68133	Mm.258462	NM_026572	ENSMUSG00000034424	Gcsh	1100001L02Rik|5730591C18Rik	glycine cleavage system protein H (aminomethyl carrier)	protein-coding
2.0906387753784657	chr7	100607201	100608400	+	0	NA	promoter-TSS (NR_153424)	promoter-TSS (NR_153424)	-178	NR_153424	52443	Mm.473730	NM_198831	ENSMUSG00000030706	Mrpl48	1810030E20Rik|2610028L11Rik|CGI-118|D4Ertd786e|L48mt|MRP-L48	mitochondrial ribosomal protein L48	protein-coding
6.14038603939116	chr8	79710801	79712000	+	0	NA	promoter-TSS (NM_001357235)	promoter-TSS (NM_001357235)	340	NR_152614	24015	Mm.5831	NM_015751	ENSMUSG00000058355	Abce1	C79080|Oabp|RLI|RNS41|RNS4I|Rnaseli	ATP-binding cassette, sub-family E (OABP), member 1	protein-coding
4.748934395611286	chr8	71908601	71909200	+	0	NA	intron (NM_001166645, intron 1 of 2)	intron (NM_001166645, intron 1 of 2)	294	NM_001166645	382019	Mm.251482	NM_001166645	ENSMUSG00000089857	Zfp882	Gm15468	zinc finger protein 882	protein-coding
2.047125005828483-2	chr15	93274601	93276000	+	0	NA	promoter-TSS (NM_001033275)	promoter-TSS (NM_001033275)	-121	NM_001033275	223827	Mm.22819	NM_001033275	ENSMUSG00000036197	Gxylt1	Glt8d3|Gm1228|Gm87	glucoside xylosyltransferase 1	protein-coding
0.5399663180112839	chr9	64340401	64341400	+	0	NA	promoter-TSS (NM_001177784)	promoter-TSS (NM_001177784)	-127	NM_001177784	213550	Mm.268341	NM_172519	ENSMUSG00000032396	Dis3l	AV340375	DIS3 like exosome 3'-5' exoribonuclease	protein-coding
9.574018076062202	chr3	41408601	41409000	+	0	NA	Intergenic	Intergenic	84399	NR_040385	78706	Mm.366094	NR_040385	ENSMUSG00000097639	Platr4	C430002E04Rik	pluripotency associated transcript 4	ncRNA
1.038396729528904	chr1	182124601	182125600	+	0	NA	intron (NM_012058, intron 1 of 2)	CpG	363	NM_012058	27058	Mm.273196	NM_012058	ENSMUSG00000026511	Srp9	9kDa	signal recognition particle 9	protein-coding
6.26153239607811	chr9	21927801	21928200	+	0	NA	promoter-TSS (NM_001253870)	promoter-TSS (NM_001253870)	-465	NM_001253870	235043	Mm.253329	NM_178577	ENSMUSG00000040883	Tmem205	-	transmembrane protein 205	protein-coding
0.0-40	chr15	88538201	88538400	+	0	NA	Intergenic	MER54A|LTR|ERVL	-62002	NM_027306	70073	Mm.45306	NM_027306	ENSMUSG00000054117	Zdhhc25	1700030J15Rik	zinc finger, DHHC domain containing 25	protein-coding
18.90401268005371	chr11	83271201	83271600	+	0	NA	Intergenic	Intergenic	15326	NM_001166028	237890	Mm.297670	NM_001166028	ENSMUSG00000082101	Slfn14	Gm20|Slfn14-ps	schlafen 14	protein-coding
7.029945926119884	chr10	80142201	80142800	+	0	NA	exon (NM_025313, exon 1 of 4)	exon (NM_025313, exon 1 of 4)	185	NM_025313	66043	Mm.278560	NM_025313	ENSMUSG00000003072	Atp5d	0610008F14Rik|1500000I11Rik|AA960090|AI876556|AU020773|Atp5f1d|C85518	ATP synthase, H+ transporting, mitochondrial F1 complex, delta subunit	protein-coding
5.470620187620322	chr5	124540401	124541600	+	0	NA	exon (NM_019770, exon 1 of 4)	exon (NM_019770, exon 1 of 4)	209	NM_019770	56334	Mm.325307	NM_019770	ENSMUSG00000029390	Tmed2	1110032D12Rik|1810020N21Rik|Rnp24|Sid394|p24beta1	transmembrane p24 trafficking protein 2	protein-coding
1.4364384210386834	chr17	36065401	36067800	+	0	NA	Intergenic	Intergenic	-8229	NM_001199967	100529082	Mm.484641	NM_001199967	ENSMUSG00000079492	Gm11127	H2-K1	predicted gene 11127	protein-coding
45.1027626786381	chr7	26779801	26780200	+	0	NA	Intergenic	SYNREP_MM|Satellite|Satellite	22858	NM_007814	13090	Mm.14098	NM_007814	ENSMUSG00000066704	Cyp2b19	CYPIIB19	cytochrome P450, family 2, subfamily b, polypeptide 19	protein-coding
0.8099494390189648-2	chr2	44136601	44136800	+	0	NA	intron (NM_001364029, intron 8 of 12)	intron (NM_001364029, intron 8 of 12)	-71376	NR_040622	320872	Mm.445023	NR_040622	ENSMUSG00000085089	Arhgap15os	A430092G05Rik	Rho GTPase activating protein 15, opposite strand	ncRNA
3.098575885593891	chr10	88146601	88147600	+	0	NA	promoter-TSS (NM_028334)	promoter-TSS (NM_028334)	29	NM_028334	69736	Mm.222184	NM_027191	ENSMUSG00000035351	Nup37	2410003L22Rik|2810039M17Rik	nucleoporin 37	protein-coding
0.7528376281261444-5	chr11	78792201	78792600	+	0	NA	Intergenic	Intergenic	-34195	NM_001076681	66274	Mm.258932	NM_001076681	ENSMUSG00000072640	Lyrm9	1810012P15Rik	LYR motif containing 9	protein-coding
3.3747893571853638	chr2	114201201	114201400	+	0	NA	intron (NM_175466, intron 1 of 1)	CpG	132	NM_175466	228491	Mm.132523	NM_175466	ENSMUSG00000040321	Zfp770	6430601A21Rik|Znf770	zinc finger protein 770	protein-coding
2.946969925612211	chr6	89200401	89201400	+	0	NA	Intergenic	Intergenic	15279	NR_033190	330379	Mm.297741	NM_201356		Gm839	-	predicted gene 839	ncRNA
2.2720120757818223	chr14	79140601	79141600	+	0	NA	intron (NM_027906, intron 37 of 44)	intron (NM_027906, intron 37 of 44)	58090	NR_152203	100043765	Mm.435553	NR_152203	ENSMUSG00000115111	Gm4632	-	predicted gene 4632	ncRNA
1.2834583431482316	chr1	135283201	135284200	+	0	NA	exon (NM_001159624, exon 1 of 10)	exon (NM_001159624, exon 1 of 10)	384	NM_001159624	215615	Mm.291048	NM_145417	ENSMUSG00000041926	Rnpep	-	arginyl aminopeptidase (aminopeptidase B)	protein-coding
3.4462530734471786	chr9	82974201	82976400	+	0	NA	5' UTR (NM_001081216, exon 1 of 40)	5' UTR (NM_001081216, exon 1 of 40)	189	NM_001081216	83946	Mm.221688	NM_031879	ENSMUSG00000032253	Phip	2810004D21Rik|4632404O06Rik|Ndrp|Wdr11	pleckstrin homology domain interacting protein	protein-coding
1.4303914997726679	chr4	141147601	141148400	+	0	NA	promoter-TSS (NM_172518)	promoter-TSS (NM_172518)	78	NM_172518	213499	Mm.28865	NM_172518	ENSMUSG00000028920	Fbxo42	6720460I06Rik|mKIAA1332	F-box protein 42	protein-coding
24.070037007331848	chr18	12635401	12635600	+	0	NA	Intergenic	Lx8|LINE|L1	-8033	NM_028341	72747	Mm.52526	NM_028341	ENSMUSG00000024424	Ttc39c	1700008N02Rik|2810439F02Rik	tetratricopeptide repeat domain 39C	protein-coding
2.0062902014039756	chr10	53630601	53632400	+	0	NA	Intergenic	PB1D7|SINE|Alu	-1543	NM_027830	71567	Mm.278221	NM_027830	ENSMUSG00000058298	Mcm9	9030408O17Rik|Gm235|Mcmdc1	minichromosome maintenance 9 homologous recombination repair factor	protein-coding
1.8794981138780713	chr5	24030401	24031200	+	0	NA	promoter-TSS (NM_001310471)	promoter-TSS (NM_001310471)	-110	NM_053090	84652	Mm.304976	NM_053090	ENSMUSG00000028995	Fam126a	AB030242|Drctnnb1a	family with sequence similarity 126, member A	protein-coding
12.378045178156313	chr4	147430401	147433600	+	0	NA	Intergenic	Intergenic	-11114	NM_001371348								
2.5129201114177704	chr5	30959601	30960400	+	0	NA	exon (NM_001294302, exon 1 of 8)	exon (NM_001294302, exon 1 of 8)	327	NM_001294302	50907	Mm.272414	NM_016703	ENSMUSG00000045302	Preb	C85705	prolactin regulatory element binding	protein-coding
4.139741752296686	chr7	35055601	35056800	+	0	NA	intron (NM_009884, intron 1 of 1)	CpG	366	NM_009884	12611	Mm.273090	NM_009884	ENSMUSG00000056216	Cebpg	C/EBP[g]|C/EBPgamma|GPE1-BP|Gpe1bp|Ig/EBP	CCAAT/enhancer binding protein (C/EBP), gamma	protein-coding
1.7069679844167278	chr6	17065001	17067200	+	0	NA	intron (NM_207176, intron 1 of 6)	intron (NM_207176, intron 1 of 6)	951	NM_207176	21753	Mm.436548	NM_011570	ENSMUSG00000029552	Tes	D6Ertd352e|TESS|Tes1|Tes2|testin2	testis derived transcript	protein-coding
2.8689418951315537	chr2	83724001	83725400	+	0	NA	5' UTR (NM_008402, exon 1 of 30)	5' UTR (NM_008402, exon 1 of 30)	303	NM_008402	16410	Mm.227	NM_008402	ENSMUSG00000027087	Itgav	1110004F14Rik|2610028E01Rik|CD51|D430040G12Rik	integrin alpha V	protein-coding
6.056449018418789	chr2	130284001	130284800	+	0	NA	promoter-TSS (NM_130884)	promoter-TSS (NM_130884)	51	NM_130884	170718	Mm.29590	NM_130884	ENSMUSG00000027406	Idh3b	C78231	isocitrate dehydrogenase 3 (NAD+) beta	protein-coding
2.741367377806455	chr2	39007801	39009400	+	0	NA	intron (NM_028809, intron 1 of 3)	intron (NM_028809, intron 1 of 3)	461	NM_028809	74192	Mm.38155	NM_028809	ENSMUSG00000026755	Arpc5l	2010015J01Rik|AI852867|ARC16-2|AW555592|AW742746	actin related protein 2/3 complex, subunit 5-like	protein-coding
2.436771052579085	chr13	110394401	110395600	+	0	NA	promoter-TSS (NM_152804)	promoter-TSS (NM_152804)	-44	NM_152804	20620	Mm.380	NM_152804	ENSMUSG00000021701	Plk2	Snk	polo like kinase 2	protein-coding
21.096760630607605	chr4	120815401	120816000	+	0	NA	promoter-TSS (NM_001357192)	promoter-TSS (NM_001357192)	13	NM_001357192	18046	Mm.318389	NM_008692	ENSMUSG00000032897	Nfyc	-	nuclear transcription factor-Y gamma	protein-coding
7.277749642361449	chr1	150392601	150394400	+	0	NA	promoter-TSS (NM_001077237)	promoter-TSS (NM_001077237)	-420	NM_001357579	226499	Mm.222093	NM_145511	ENSMUSG00000006010	Odr4	1810053E15Rik|odr-4	odr4 GPCR localization factor homolog	protein-coding
3.740764385301068	chr18	4351201	4353800	+	0	NA	intron (NR_157375, intron 1 of 6)	intron (NR_157375, intron 1 of 6)	453	NR_157375	26410	Mm.3275	NM_007746	ENSMUSG00000024235	Map3k8	Cot|Cot/Tpl2|Est|Estf|Tpl-2|Tpl2|c-COT	mitogen-activated protein kinase kinase kinase 8	protein-coding
2.1832291427999735	chr16	36622001	36622800	+	0	NA	intron (NM_019388, intron 2 of 7)	intron (NM_019388, intron 2 of 7)	43677	NM_019388	12524	Mm.1452	NM_019388	ENSMUSG00000022901	Cd86	B7|B7-2|B7.2|B70|CLS1|Cd28l2|ETC-1|Ly-58|Ly58|MB7|MB7-2|TS/A-2	CD86 antigen	protein-coding
0.7039118467808336	chr9	106464401	106466600	+	0	NA	exon (NM_001159652, exon 1 of 1)	exon (NM_001159652, exon 1 of 1)	440	NM_001159652	436090	Mm.482905	NM_001159652	ENSMUSG00000091735	Gpr62	4933402E03Rik	G protein-coupled receptor 62	protein-coding
5.16565324953537	chr14	26637801	26639600	+	0	NA	intron (NM_007479, intron 1 of 5)	intron (NM_007479, intron 1 of 5)	566	NM_007479	11843	Mm.297768	NM_007479	ENSMUSG00000021877	Arf4	AA407803	ADP-ribosylation factor 4	protein-coding
0.5416969582438469	chr4	124894001	124895200	+	0	NA	non-coding (NR_040651, exon 1 of 3)	non-coding (NR_040651, exon 1 of 3)	182	NR_040651	73628	Mm.398337	NR_040651	ENSMUSG00000085263	1700125G02Rik	-	RIKEN cDNA 1700125G02 gene	ncRNA
2.8867429550737143	chr3	97763001	97763800	+	0	NA	intron (NM_001039376, intron 8 of 46)	intron (NM_001039376, intron 8 of 46)	4614	NR_110360	83679	Mm.129840	NM_031401	ENSMUSG00000038170	Pde4dip	4732458A06Rik|9430063L05Rik|C87016|D130016K21Rik|D3Bwg1078e|Usmg4|mKIAA0454	phosphodiesterase 4D interacting protein (myomegalin)	protein-coding
15.939390301704407	chr17	23548801	23549000	+	0	NA	Intergenic	Intergenic	-1899	NR_126484	320020	Mm.445111	NR_126484	ENSMUSG00000117322	6330415G19Rik	-	RIKEN cDNA 6330415G19 gene	ncRNA
6.123079483707746	chr11	5541201	5542400	+	0	NA	intron (NM_134033, intron 1 of 4)	CpG	417	NM_134033	104479	Mm.210403	NM_134033	ENSMUSG00000020482	Ccdc117	1110004K02Rik|1700026O03Rik|AU018638|AU042822|AV173073|BC018601	coiled-coil domain containing 117	protein-coding
0.512031653300764	chr3	103638601	103640600	+	0	NA	intron (NM_001276680, intron 4 of 4)	intron (NM_001276680, intron 4 of 4)	63474	NM_001276680	54524	Mm.88818	NM_018800	ENSMUSG00000027849	Syt6	3110037A08Rik|AW048930|sytVI	synaptotagmin VI	protein-coding
5.155639864504337	chr6	54992401	54993200	+	0	NA	promoter-TSS (NM_026637)	promoter-TSS (NM_026637)	67	NM_026637	110175	Mm.294708	NM_026637	ENSMUSG00000002797	Ggct	A030007L17Rik|AA673177|Gctg|Ggc	gamma-glutamyl cyclotransferase	protein-coding
2.201854085259867	chr9	61372201	61374800	+	0	NA	intron (NM_009389, intron 1 of 19)	CpG	1134	NM_001083928	21887	Mm.24255	NM_009389	ENSMUSG00000032280	Tle3	2610103N05Rik|ESG|Grg3a|Grg3b|mKIAA1547	transducin-like enhancer of split 3	protein-coding
2.232553018629551	chr9	71772401	71773400	+	0	NA	Intergenic	Intergenic	-1298	NM_026599	68178	Mm.99961	NM_026599	ENSMUSG00000032232	Cgnl1	4933421H10Rik|9930020M10Rik|AI503810|Jacop	cingulin-like 1	protein-coding
0.0-2	chr9	61001401	61001800	+	0	NA	Intergenic	MTE-int|LTR|ERVL-MaLR	-15469	NR_040767	330956	Mm.207985	NR_040767	ENSMUSG00000111290	Gm5122	A430102L10	predicted gene 5122	ncRNA
2.512920094653964	chr16	16870601	16871400	+	0	NA	5' UTR (NM_011624, exon 1 of 18)	5' UTR (NM_011624, exon 1 of 18)	264	NM_011624	21976	Mm.326089	NM_011624	ENSMUSG00000022779	Top3b	-	topoisomerase (DNA) III beta	protein-coding
1.9480322733521462-2	chr3	58576601	58577600	+	0	NA	intron (NM_001040396, intron 1 of 5)	CpG	464	NM_001040396	69227	Mm.270950	NM_001040396	ENSMUSG00000075700	Selenot	2810407C02Rik|5730408P04Rik|Selt	selenoprotein T	protein-coding
0.6749578937888145	chr13	104288801	104289000	+	0	NA	intron (NM_001081020, intron 1 of 24)	intron (NM_001081020, intron 1 of 24)	1065	NR_136938	108154	Mm.208125	NM_175496	ENSMUSG00000046169	Adamts6	A930019D11Rik|ADAM-TS6|b2b1879.1Clo|b2b2029Clo|b2b2182Clo|b2b2187.1Clo|b2b2228Clo	a disintegrin-like and metallopeptidase (reprolysin type) with thrombospondin type 1 motif, 6	protein-coding
3.156726062297821	chr10	107941601	107941800	+	0	NA	Intergenic	Intergenic	-4945	NR_131147	628877	Mm.363120	NR_131147	ENSMUSG00000112910	Gm29685	-	predicted gene, 29685	ncRNA
1.1526203602552414	chr15	58670201	58670400	+	0	NA	Intergenic	Intergenic	153127	NM_175212	74868	Mm.293754	NM_175212	ENSMUSG00000062373	Tmem65	2610029O13Rik|4930438D12Rik	transmembrane protein 65	protein-coding
0.5127083826810122	chr16	90283401	90285000	+	0	NA	5' UTR (NM_178923, exon 1 of 20)	5' UTR (NM_178923, exon 1 of 20)	286	NM_001346799	224432	Mm.439811	NM_178923	ENSMUSG00000022983	Scaf4	AA517739|Sfrs15|Sra4|Srsf15	SR-related CTD-associated factor 4	protein-coding
1.235692098736763	chr8	122181401	122181600	+	0	NA	Intergenic	L1MB7|LINE|L1	-48774	NM_001362883	195209	Mm.102191	NM_001362883		Zfp469	Gm22	zinc finger protein 469	protein-coding
2.9370038983012914	chr9	32539401	32542600	+	0	NA	intron (NM_008026, intron 1 of 8)	CpG	452	NM_008026	14247	Mm.258908	NM_008026	ENSMUSG00000016087	Fli1	EWSR2|Fli-1|SIC-1|Sic1	Friend leukemia integration 1	protein-coding
5.056992107204029	chr17	57249201	57250600	+	0	NA	intron (NM_134125, intron 1 of 13)	intron (NM_134125, intron 1 of 13)	449	NM_134125	106628	Mm.37368	NM_134125	ENSMUSG00000019487	Trip10	AI646975|Cip4	thyroid hormone receptor interactor 10	protein-coding
4.195122877756755	chr10	85871801	85872400	+	0	NA	intron (NM_133993, intron 1 of 14)	CpG	269	NM_133993	103136	Mm.18834	NM_133993	ENSMUSG00000001785	Pwp1	2310058A11Rik|2610205J09Rik|AI098170|AL022879|AV083409|AW550690	PWP1 homolog, endonuclein	protein-coding
2.7517513036727905	chr7	132427801	132428000	+	0	NA	Intergenic	Intergenic	-110672	NM_029935	77590	Mm.213582	NM_029935	ENSMUSG00000030930	Chst15	4631426J05Rik|BRAG|GalNAc4S-6ST|GalNAcS-6ST|MAd5|mKIAA0598	carbohydrate sulfotransferase 15	protein-coding
4.293028805937086	chr5	121329401	121330800	+	0	NA	intron (NM_181421, intron 49 of 75)	(TCTG)n|Simple_repeat|Simple_repeat	55309	NM_001359947	231712	Mm.20488	NM_172275	ENSMUSG00000042726	Trafd1	1110008K06Rik|Fln29	TRAF type zinc finger domain containing 1	protein-coding
2.6746133198695525	chr12	78225801	78227200	+	0	NA	promoter-TSS (NM_172952)	promoter-TSS (NM_172952)	-155	NM_145965	268566	Mm.341742	NM_145965	ENSMUSG00000047454	Gphn	5730552E08Rik|AI662856|BC027112|C230040D23|GPH|GPHRYN|geph	gephyrin	protein-coding
2.4242640872202976	chr8	120487401	120489800	+	0	NA	promoter-TSS (NM_198671)	promoter-TSS (NM_198671)	-266	NM_198671	382034	Mm.334856	NM_198671	ENSMUSG00000031822	Gse1	2210013I18Rik|mKIAA0182	genetic suppressor element 1, coiled-coil protein	protein-coding
6.228511121918056	chr10	96620001	96622400	+	0	NA	3' UTR (NM_007569, exon 2 of 2)	3' UTR (NM_007569, exon 2 of 2)	4199	NM_007569	12226	Mm.23811	NM_007569	ENSMUSG00000036478	Btg1	AI426953|AW546738	B cell translocation gene 1, anti-proliferative	protein-coding
2.31302871927619	chr5	114775001	114775800	+	0	NA	promoter-TSS (NR_027872)	promoter-TSS (NR_027872)	260	NM_026718	68420	Mm.275554	NM_026718	ENSMUSG00000041870	Ankrd13a	1100001D10Rik|ANKRD13|AU046136	ankyrin repeat domain 13a	protein-coding
4.8493127673864365	chr8	94183201	94183400	+	0	NA	Intergenic	Intergenic	4211	NM_013602	17748	Mm.192991	NM_013602	ENSMUSG00000031765	Mt1	MT-I|Mt-1	metallothionein 1	protein-coding
0.5399662926793098	chr8	94691601	94692400	+	0	NA	intron (NM_026385, intron 1 of 3)	intron (NM_026385, intron 1 of 3)	4242	NM_026385	67801	Mm.279977	NM_026385	ENSMUSG00000031775	Pllp	0610010I06Rik|AV001002|Plapi|Tm4sf11	plasma membrane proteolipid	protein-coding
2.204662133836026	chrX	159253801	159257200	+	0	NA	promoter-TSS (NM_001346675)	promoter-TSS (NM_001346675)	-282	NM_001346675	110651	Mm.328476	NM_148945	ENSMUSG00000031309	Rps6ka3	MAPKAPK-1b|MPK-9|Rsk2|S6K-alpha3|p90RSK3|pp90RSK2	ribosomal protein S6 kinase polypeptide 3	protein-coding
11.147930848811354	chr4	137387601	137389000	+	0	NA	Intergenic	CpG	21491	NM_001126318	242711	Mm.475541	NM_001126318	ENSMUSG00000078520	Cela3a	Gm13011	chymotrypsin-like elastase family, member 3A	protein-coding
5.373703172430396	chr8	4238401	4239600	+	0	NA	exon (NM_001291777, exon 1 of 12)	exon (NM_001291777, exon 1 of 12)	260	NM_001164172	26400	Mm.3906	NM_011944	ENSMUSG00000002948	Map2k7	5930412N11Rik|JNKK 2|Jnkk2|MAPKK 7|MEK 7|Mapkk7|Mek7|Mkk7|Prkmk7|sek2	mitogen-activated protein kinase kinase 7	protein-coding
4.709870983447347	chr7	98702401	98703800	+	0	NA	promoter-TSS (NM_028410)	promoter-TSS (NM_028410)	-147	NM_001355114	72981	Mm.4428	NM_028410	ENSMUSG00000030753	Thap12	2900052B10Rik|Dap4|Prkrir|Rpkrir	THAP domain containing 12	protein-coding
4.88194809907249	chr10	86498001	86499400	+	0	NA	intron (NM_001164495, intron 1 of 6)	intron (NM_001164495, intron 1 of 6)	196	NM_001164495	27204	Mm.394931	NM_013722	ENSMUSG00000059602	Syn3	-	synapsin III	protein-coding
5.7091052532196045	chr6	72636401	72637400	+	0	NA	intron (NR_040421, intron 5 of 5)	intron (NR_040421, intron 5 of 5)	7069	NR_040421	100038714	Mm.321330	NR_040421		Gm15401	-	predicted gene 15401	ncRNA
2.305240720510483	chr6	128024201	128024400	+	0	NA	intron (NM_175414, intron 3 of 8)	intron (NM_175414, intron 3 of 8)	119278	NM_175414	109246	Mm.21814	NM_175414	ENSMUSG00000030352	Tspan9	6720474K14Rik|9430079M16Rik|AU018597|Tspan-9	tetraspanin 9	protein-coding
1.0037834992011387	chr4	40324401	40325000	+	0	NA	Intergenic	Intergenic	11468	NR_040663	75819	Mm.399244	NR_040663	ENSMUSG00000087137	4930509K18Rik	-	RIKEN cDNA 4930509K18 gene	ncRNA
3.090268687903881	chr16	32755401	32756400	+	0	NA	exon (NM_080457, exon 4 of 27)	exon (NM_080457, exon 4 of 27)	20014	NM_080457	140474	Mm.214599	NM_080457	ENSMUSG00000079620	Muc4	4933405I11Rik|Asgp	mucin 4	protein-coding
2.595991838723421	chr11	26387401	26388000	+	0	NA	intron (NM_001277273, intron 1 of 13)	intron (NM_001277273, intron 1 of 13)	616	NR_102382	67030	Mm.18875	NM_025923	ENSMUSG00000004018	Fancl	2010322C19Rik|AW554273|B230118H11Rik|Phf9|Pog|gcd	Fanconi anemia, complementation group L	protein-coding
1.8691141530871391	chr14	20846001	20846400	+	0	NA	Intergenic	MIR|SINE|MIR	9538	NM_008873	18792	Mm.4183	NM_008873	ENSMUSG00000021822	Plau	u-PA|uPA	plasminogen activator, urokinase	protein-coding
7.040329927112907	chr11	29547201	29548800	+	0	NA	promoter-TSS (NM_001163521)	promoter-TSS (NM_001163521)	40	NM_001033865	78294	Mm.180003	NM_024277	ENSMUSG00000020460	Rps27a	0610006J14Rik|Uba52|Ubb|Ubc	ribosomal protein S27A	protein-coding
0.38420678675174713	chr7	16681601	16681800	+	0	NA	Intergenic	RLTR48A|LTR|ERV1	-5995	NM_175315	101434	Mm.102767	NM_175315	ENSMUSG00000078795	Ceacam15	AA407838|C430002N04Rik	carcinoembryonic antigen-related cell adhesion molecule 15	protein-coding
10.281611302601439	chr11	97702401	97703800	+	0	NA	promoter-TSS (NM_011971)	promoter-TSS (NM_011971)	-334	NM_011971	26446	Mm.21874	NM_011971	ENSMUSG00000069744	Psmb3	AL033320|C10-II	proteasome (prosome, macropain) subunit, beta type 3	protein-coding
2.0075670033693314	chr4	142017601	142018200	+	0	NA	promoter-TSS (NR_131014)	promoter-TSS (NR_131014)	2	NR_131014	78917	Mm.139995	NR_131014	ENSMUSG00000085761	4930455G09Rik	-	RIKEN cDNA 4930455G09 gene	ncRNA
2.3820821061730384	chr19	8927601	8928600	+	0	NA	TTS (NM_024256)	TTS (NM_024256)	1256	NM_009073	19881	Mm.426094	NM_009073	ENSMUSG00000071648	Rom1	M101156|Rgsc1156|Rom-1|Rosp1|Tspan23	rod outer segment membrane protein 1	protein-coding
6.084800296253643	chr13	119603201	119617200	+	0	NA	3' UTR (NM_001370626, exon 3 of 3)	3' UTR (NM_001370626, exon 3 of 3)	-13619	NM_020279	56838	Mm.143745	NM_020279	ENSMUSG00000074715	Ccl28	CCK1|MEC|Scya28	chemokine (C-C motif) ligand 28	protein-coding
2.3185915925673077	chr8	86745201	86746600	+	0	NA	non-coding (NR_027829, exon 1 of 1)	non-coding (NR_027829, exon 1 of 1)	106	NM_009172	20437	Mm.324553	NM_009172	ENSMUSG00000036840	Siah1a	AA982064|AI853500|Sinh1a	siah E3 ubiquitin protein ligase 1A	protein-coding
6.817074640188366	chr15	31601001	31602600	+	0	NA	promoter-TSS (NM_001356313)	promoter-TSS (NM_001356313)	46	NM_007637	12465	Mm.282158	NM_007637	ENSMUSG00000022234	Cct5	CCT-epsilon|Ccte|TCP-1-epsilon|TCPE|mKIAA0098	chaperonin containing Tcp1, subunit 5 (epsilon)	protein-coding
4.18473894149065	chr17	62884601	62884800	+	0	NA	Intergenic	Intergenic	-3383	NM_207654	13640	Mm.7978	NM_010109	ENSMUSG00000048915	Efna5	AL-1|AV158822|EFL-5|Ephrin-A5|Epl7|LERK-7|RAGS	ephrin A5	protein-coding
13.301862314343452	chr8	3515401	3517000	+	0	NA	promoter-TSS (NM_001359123)	promoter-TSS (NM_001359123)	-663	NM_001359124	50767	Mm.23085	NM_015801	ENSMUSG00000004565	Pnpla6	AI661849|MSws|Nte	patatin-like phospholipase domain containing 6	protein-coding
2.9292824317884474	chr10	121475001	121476800	+	0	NA	intron (NM_138956, intron 1 of 4)	CpG	350	NM_138956	192678	Mm.41265	NM_138956	ENSMUSG00000025795	Rassf3	AW212023|AW322379	Ras association (RalGDS/AF-6) domain family member 3	protein-coding
1.3213598560541868	chr2	35256201	35257000	+	0	NA	intron (NM_001206368, intron 1 of 16)	CpG	241	NM_001206368	227753	Mm.443	NM_146120	ENSMUSG00000026879	Gsn	ADF	gelsolin	protein-coding
1.8832375257297258	chr15	6578401	6583400	+	0	NA	exon (NM_001278269, exon 1 of 17)	exon (NM_001278269, exon 1 of 17)	1053	NM_011815	23880	Mm.170905	NM_011815	ENSMUSG00000022148	Fyb	ADAP|B630013F22Rik|FYB-120/130|Fyb1|Slap130|p120/130|p120/p130	FYN binding protein	protein-coding
0.37641881220042706	chr5	141001401	141002200	+	0	NA	Intergenic	ZP3AR|Satellite|Satellite	-1204	NM_175362	108723	Mm.46187	NM_175362	ENSMUSG00000036526	Card11	0610008L17Rik|2410011D02Rik|BIMP3|CARMA1	caspase recruitment domain family, member 11	protein-coding
3.9758290431197816	chr11	83064601	83067800	+	0	NA	intron (NM_011408, intron 1 of 1)	intron (NM_011408, intron 1 of 1)	1088	NM_011408	20556	Mm.278689	NM_011408	ENSMUSG00000072620	Slfn2	Shlf2	schlafen 2	protein-coding
1.4611725663500172	chr18	14681801	14683200	+	0	NA	intron (NM_001161371, intron 1 of 8)	CpG	414	NM_009280	268996	Mm.31761	NM_009280	ENSMUSG00000037013	Ss18	D130059H17|Ssxt|Syt	SS18, nBAF chromatin remodeling complex subunit	protein-coding
10.896243320157131	chr15	76243001	76243600	+	0	NA	5' UTR (NM_001163576, exon 1 of 10)	5' UTR (NM_001163576, exon 1 of 10)	140	NM_001163575	671535	Mm.373750	NM_001163575	ENSMUSG00000063268	Parp10	ARTD10|PARP-10	poly (ADP-ribose) polymerase family, member 10	protein-coding
2.3986964616924524	chr8	122007801	122008600	+	0	NA	intron (NM_001285981, intron 10 of 12)	intron (NM_001285981, intron 10 of 12)	30176	NR_106096	102466915		NR_106096	ENSMUSG00000099140	Mir7237	Gm27482|mmu-mir-7237	microRNA 7237	ncRNA
4.000794328216996	chr5	32610601	32612000	+	0	NA	5' UTR (NM_001205133, exon 1 of 13)	5' UTR (NM_001205133, exon 1 of 13)	129	NM_001205132	22612	Mm.4558	NM_009535	ENSMUSG00000014932	Yes1	Yes|p61-Yes	YES proto-oncogene 1, Src family tyrosine kinase	protein-coding
1.8024010250916986	chr11	3289201	3292400	+	0	NA	exon (NM_001253691, exon 1 of 5)	exon (NM_001253691, exon 1 of 5)	343	NM_001253690	56218	Mm.275563	NM_019574	ENSMUSG00000020453	Patz1	8430401L15Rik|AI447519|Mazr|Patz|Zfp278	POZ (BTB) and AT hook containing zinc finger 1	protein-coding
6.022701172779004	chr3	133310401	133311000	+	0	NA	intron (NM_001293641, intron 1 of 11)	intron (NM_001293641, intron 1 of 11)	590	NM_146141	74776	Mm.210305	NM_146141	ENSMUSG00000028013	Ppa2	1110013G13Rik|Sid6306	pyrophosphatase (inorganic) 2	protein-coding
3.423247918486595	chr4	133009001	133009600	+	0	NA	Intergenic	Intergenic	-2206	NM_146155	230793	Mm.31816	NM_146155	ENSMUSG00000037692	Ahdc1	D030015G18Rik	AT hook, DNA binding motif, containing 1	protein-coding
2.627143749035895	chr11	40693401	40694200	+	0	NA	intron (NM_001199274, intron 1 of 6)	intron (NM_001199274, intron 1 of 6)	-1118	NM_134017	108645	Mm.293771	NM_134017	ENSMUSG00000042032	Mat2b	1110064C04Rik|2410018D16Rik|AI182287|AU022853|MAT-II|MATIIbeta|TGR	methionine adenosyltransferase II, beta	protein-coding
3.22858355121853	chrX	108832801	108835200	+	0	NA	promoter-TSS (NR_015493)	promoter-TSS (NR_015493)	346	NM_001081477	382236	Mm.100112	NM_001081477	ENSMUSG00000063663	Brwd3	Brodl|D030064D06Rik|Gm10452|Gm596	bromodomain and WD repeat domain containing 3	protein-coding
4.868003916740418	chr2	29787401	29788400	+	0	NA	promoter-TSS (NM_001290496)	promoter-TSS (NM_001290496)	-229	NM_001290496	227682	Mm.245739	NM_145520	ENSMUSG00000039826	Trub2	G430055L02Rik	TruB pseudouridine (psi) synthase family member 2	protein-coding
1.1007005274295807	chr1	128548801	128549000	+	0	NA	Intergenic	L1MB2|LINE|L1	43399	NM_009911	12767	Mm.1401	NM_009911	ENSMUSG00000045382	Cxcr4	CD184|CXC-R4|CXCR-4|Cmkar4|LESTR|PB-CKR|PBSF/SDF-1|Sdf1r|b2b220Clo	chemokine (C-X-C motif) receptor 4	protein-coding
3.967708798069407	chr6	39205201	39207400	+	0	NA	intron (NM_001033430, intron 1 of 19)	CpG	473	NM_001033430	338523	Mm.293175	NM_001033430	ENSMUSG00000042599	Kdm7a	A630082K20Rik|BB041802|Jhdm1d|mKIAA1718	lysine (K)-specific demethylase 7A	protein-coding
7.162860854715109	chr4	116017001	116018000	+	0	NA	exon (NM_010173, exon 1 of 15)	exon (NM_010173, exon 1 of 15)	424	NR_151700	14073	Mm.256025	NM_010173	ENSMUSG00000034171	Faah	AW412498	fatty acid amide hydrolase	protein-coding
3.9040480911675735	chr17	13542801	13549600	+	0	NA	intron (NR_045436, intron 2 of 4)	B2_Mm2|SINE|B2	7894	NR_045436	72578	Mm.46549	NR_045436	ENSMUSG00000117042	2700054A10Rik	-	RIKEN cDNA 2700054A10 gene	ncRNA
0.9345570560544729	chr7	132428401	132429200	+	0	NA	Intergenic	MLT1J2|LTR|ERVL-MaLR	-111572	NM_029935	77590	Mm.213582	NM_029935	ENSMUSG00000030930	Chst15	4631426J05Rik|BRAG|GalNAc4S-6ST|GalNAcS-6ST|MAd5|mKIAA0598	carbohydrate sulfotransferase 15	protein-coding
2.2256303429603577	chr17	57200201	57200800	+	0	NA	Intergenic	CT-rich|Low_complexity|Low_complexity	-6319	NM_019418	50930	Mm.483369	NM_019418	ENSMUSG00000005824	Tnfsf14	HVEM-L|HVEML|LIGHT|LTg|Ly113|Tnlg1d	tumor necrosis factor (ligand) superfamily, member 14	protein-coding
6.73919490352273	chr7	81788801	81789800	+	0	NA	exon (NM_001370770, exon 1 of 5)	exon (NM_001370770, exon 1 of 5)	155	NM_001370770	67290	Mm.248391	NM_026077	ENSMUSG00000025102	3110040N11Rik	AI851475	RIKEN cDNA 3110040N11 gene	protein-coding
4.92200058060033	chr18	9449201	9450600	+	0	NA	5' UTR (NM_026484, exon 1 of 10)	5' UTR (NM_026484, exon 1 of 10)	254	NM_026484	67974	Mm.86523	NM_026484	ENSMUSG00000024286	Ccny	1700025H17Rik|3110050L10Rik|4631402G10Rik|5730405I09Rik	cyclin Y	protein-coding
1.5913429940119386	chr7	110631201	110632000	+	0	NA	Intergenic	Intergenic	3943	NM_009627	11535	Mm.1408	NM_009627	ENSMUSG00000030790	Adm	AM	adrenomedullin	protein-coding
0.4198089593223163	chrX	68678201	68679600	+	0	NA	promoter-TSS (NR_033481)	promoter-TSS (NR_033481)	359	NM_001290424	14265	Mm.3451	NM_008031	ENSMUSG00000000838	Fmr1	FMRP|Fmr-1	fragile X mental retardation 1	protein-coding
2.492152161896229	chr7	90353801	90354200	+	0	NA	intron (NM_001368878, intron 2 of 19)	intron (NM_001368878, intron 2 of 19)	-32981	NM_001289585	83671	Mm.26751	NM_031394	ENSMUSG00000030616	Sytl2	AI266830|Slp2|mKIAA1597	synaptotagmin-like 2	protein-coding
2.7102155163884163	chr3	101883801	101884200	+	0	NA	intron (NM_001039371, intron 4 of 11)	intron (NM_001039371, intron 4 of 11)	40453	NM_001039371	242126	Mm.90204	NM_001039371	ENSMUSG00000033147	Slc22a15	2610034P21Rik|4930477M19|A530052I06Rik|BB219042	solute carrier family 22 (organic anion/cation transporter), member 15	protein-coding
1.8068103566765785	chr8	72474601	72475600	+	0	NA	5' UTR (NM_138585, exon 1 of 18)	5' UTR (NM_138585, exon 1 of 18)	133	NM_001359024	27967	Mm.30136	NM_138585	ENSMUSG00000052488	Cherp	5730408I11Rik|D8Wsu96e|DAN16|Scaf6	calcium homeostasis endoplasmic reticulum protein	protein-coding
6.084800296253643-2	chr13	119603201	119617200	+	0	NA	3' UTR (NM_001370626, exon 3 of 3)	3' UTR (NM_001370626, exon 3 of 3)	-13619	NM_020279	56838	Mm.143745	NM_020279	ENSMUSG00000074715	Ccl28	CCK1|MEC|Scya28	chemokine (C-C motif) ligand 28	protein-coding
3.447477161884308	chr4	137714401	137714600	+	0	NA	intron (NM_029563, intron 6 of 23)	intron (NM_029563, intron 6 of 23)	6995	NM_001331215	110351	Mm.180763	NM_029563	ENSMUSG00000041351	Rap1gap	1300019I11Rik|2310004O14Rik|AI427470|ARPP-90|Gap|Rap1GAP1|Rap1ga1	Rap1 GTPase-activating protein	protein-coding
1.5714403850336869	chr7	104291601	104292200	+	0	NA	Intergenic	RMER19B2|LTR|ERVK	-3794	NM_001310602	667823	Mm.482375	NM_001310602	ENSMUSG00000060441	Trim5	EG667823|Gm8833	tripartite motif-containing 5	protein-coding
2.2585129514336586	chr7	126147201	126147600	+	0	NA	intron (NM_028816, intron 8 of 23)	intron (NM_028816, intron 8 of 23)	53101	NM_001311143	74204	Mm.235663	NM_028816	ENSMUSG00000000131	Xpo6	2610005L19Rik|AL022631|C230091E20Rik|R75304|Ranbp20|exp6|mKIAA0370	exportin 6	protein-coding
1.566495648452214	chr5	43823801	43825200	+	0	NA	intron (NM_009763, intron 4 of 8)	intron (NM_009763, intron 4 of 8)	5607	NM_009763	12182	Mm.246332	NM_009763	ENSMUSG00000029082	Bst1	114/A10|A530073F09|BP-3|Bp3|Bsta1|CD157|Ly65	bone marrow stromal cell antigen 1	protein-coding
9.409951361268758	chr5	31201601	31202600	+	0	NA	promoter-TSS (NM_001177901)	promoter-TSS (NM_001177901)	-58	NM_001177901	101023	Mm.45033	NM_175311	ENSMUSG00000043059	Zfp513	AW990386|D430028M17Rik|Znf513	zinc finger protein 513	protein-coding
5.96509044274713	chr4	8646801	8648800	+	0	NA	Intergenic	Intergenic	-42606	NM_001277149	320790	Mm.138792	NM_001033395	ENSMUSG00000041235	Chd7	A730019I05Rik|Cycn|Cyn|Dz|Edy|Flo|GENA 47|GENA 60|Gena 52|Lda|Mt|Obt|Todo|WBE1|Whi|metis	chromodomain helicase DNA binding protein 7	protein-coding
1.2330979878479738	chr2	145718401	145720200	+	0	NA	intron (NR_033220, intron 2 of 3)	RMER1A|Other|Other	18105	NR_033220	408057	Mm.486711	NR_033220	ENSMUSG00000001768	BC039771	-	cDNA sequence BC039771	ncRNA
7.885584932565689	chr18	54990601	54991600	+	0	NA	promoter-TSS (NM_175751)	promoter-TSS (NM_175751)	-920	NM_175751	269023	Mm.192984	NM_175751	ENSMUSG00000052713	Zfp608	4932417D18Rik|D430007A19Rik|Znf608	zinc finger protein 608	protein-coding
1.2626904159784318	chr7	106650801	106651800	+	0	NA	Intergenic	Intergenic	-6655	NM_001277179	434223	Mm.276443	NM_001277179		Gm1966	-	predicted gene 1966	protein-coding
1.3897209825615089	chr18	67640801	67642000	+	0	NA	promoter-TSS (NM_001368147)	promoter-TSS (NM_001368147)	-45	NM_001081073	225659	Mm.111928	NM_001081073	ENSMUSG00000073542	Cep76	6230425F05Rik|9630013E05	centrosomal protein 76	protein-coding
4.063592592254281	chr12	85486001	85487200	+	0	NA	Intergenic	Intergenic	12710	NM_010234	14281	Mm.246513	NM_010234	ENSMUSG00000021250	Fos	D12Rfj1|c-fos|cFos	FBJ osteosarcoma oncogene	protein-coding
2.967737890034914	chr2	57116201	57117200	+	0	NA	intron (NM_001139509, intron 1 of 7)	CpG	-1662	NM_013613	18227	Mm.3507	NM_013613	ENSMUSG00000026826	Nr4a2	HZF-3|NOT|Nurr1|RNR-1|TINOR|TINUR	nuclear receptor subfamily 4, group A, member 2	protein-coding
10.012221437692642	chr11	51688401	51689400	+	0	NA	promoter-TSS (NM_025319)	promoter-TSS (NM_025319)	-266	NM_025319	66050	Mm.35693	NM_025319	ENSMUSG00000007777	0610009B22Rik	-	RIKEN cDNA 0610009B22 gene	protein-coding
1.5056752413511276	chr15	5759201	5759400	+	0	NA	Intergenic	Intergenic	262982	NR_045274	71432	Mm.291087	NR_045274	ENSMUSG00000110018	5430437J10Rik	-	RIKEN cDNA 5430437J10 gene	ncRNA
4.219352185726166	chr9	105131401	105132000	+	0	NA	exon (NM_029385, exon 1 of 3)	exon (NM_029385, exon 1 of 3)	105	NM_029385	75686	Mm.305810	NM_029385	ENSMUSG00000032565	Nudt16	2310041H06Rik|2810047L04Rik|2900006H04Rik|AI851783	nudix (nucleoside diphosphate linked moiety X)-type motif 16	protein-coding
15.482495725154877	chr17	56199801	56200000	+	0	NA	intron (NM_001360284, intron 10 of 20)	B1_Mus1|SINE|Alu	-15980	NM_080837	28106	Mm.294870	NM_080837	ENSMUSG00000019579	Mydgf	D17Wsu104e|Il25|Ly6elg	myeloid derived growth factor	protein-coding
0.0-43	chr12	73889401	73889600	+	0	NA	Intergenic	(CA)n|Simple_repeat|Simple_repeat	-11824	NM_001313920	15251	Mm.3879	NM_010431	ENSMUSG00000021109	Hif1a	AA959795|HIF-1-alpha|HIF1-alpha|HIF1alpha|MOP1|bHLHe78	hypoxia inducible factor 1, alpha subunit	protein-coding
4.335306415800005	chrX	42067601	42069200	+	0	NA	promoter-TSS (NM_001301639)	promoter-TSS (NM_001301639)	2	NR_125870	11798	Mm.259879	NM_009688	ENSMUSG00000025860	Xiap	1110015C02Rik|Aipa|Api3|Birc4|IAP3|ILP-1|MIHA	X-linked inhibitor of apoptosis	protein-coding
2.272111954244875	chr4	119359201	119361200	+	0	NA	promoter-TSS (NM_001270446)	promoter-TSS (NM_001270446)	-306	NM_001270446	73332	Mm.425204	NM_028506	ENSMUSG00000028637	Ccdc30	1700001O02Rik|1700041C02Rik|1700111D19Rik|4930445I03Rik	coiled-coil domain containing 30	protein-coding
5.142204857578039	chr11	6415201	6417200	+	0	NA	intron (NM_008907, intron 1 of 4)	CpG	333	NM_008907	268373	Mm.5246	NM_008907	ENSMUSG00000071866	Ppia	2700098C05|Cphn|CyP-18|CypA|SP18	peptidylprolyl isomerase A	protein-coding
4.30906842902803	chr18	84588601	84590400	+	0	NA	promoter-TSS (NM_001033341)	promoter-TSS (NM_001033341)	4	NM_001033341	240476	Mm.329575	NM_001033341	ENSMUSG00000048410	Zfp407	6430585N13Rik|Gm333|Gm334|Gm948|ZNF407	zinc finger protein 407	protein-coding
3.925139706581831	chr8	123477401	123478800	+	0	NA	intron (NR_028260, intron 1 of 15)	CpG	238	NM_054070	114896	Mm.287475	NM_054070	ENSMUSG00000031967	Afg3l1	1700047G05Rik|3110061K15Rik	AFG3-like AAA ATPase 1	protein-coding
0.6760926354288863	chr17	40341801	40343600	+	0	NA	Intergenic	MLTR25C|LTR|ERVK	-23493	NM_009638	11571	Mm.16781	NM_009638	ENSMUSG00000025431	Crisp1	AW324342|Aeg1|CRISP-1|SCP 1	cysteine-rich secretory protein 1	protein-coding
2.5445737385421805	chr7	13029001	13033000	+	0	NA	TTS (NM_011588)	TTS (NM_011588)	3777	NR_153796	68953	Mm.295670	NM_026885	ENSMUSG00000033916	Chmp2a	1500016L11Rik|mVps2	charged multivesicular body protein 2A	protein-coding
1.5887469798326492	chr2	94360601	94360800	+	0	NA	intron (NM_183106, intron 15 of 24)	intron (NM_183106, intron 15 of 24)	45989	NM_001355691	74569	Mm.248504	NM_183106	ENSMUSG00000027194	Ttc17	9130020K17Rik|D2Bwg1005e	tetratricopeptide repeat domain 17	protein-coding
0.4049747238556544	chr14	43986401	43987000	+	0	NA	Intergenic	Intergenic	19718	NM_001011876	630952		NM_001011876	ENSMUSG00000072598	Ang6	EG630952	angiogenin, ribonuclease A family, member 6	protein-coding
1.6839333797494571	chr9	113740801	113742000	+	0	NA	promoter-TSS (NM_001286599)	promoter-TSS (NM_001286599)	-73	NM_001286599	76499	Mm.222272	NM_029633	ENSMUSG00000033392	Clasp2	1500004F14Rik|8030404L10Rik|C77448|CLASP2beta|mKIAA0627	CLIP associating protein 2	protein-coding
7.463995808362961	chr5	100798201	100799200	+	0	NA	promoter-TSS (NM_001081107)	promoter-TSS (NM_001081107)	-59	NM_026826	68735	Mm.25585	NM_026826	ENSMUSG00000016833	Mrps18c	1110037D14Rik	mitochondrial ribosomal protein S18C	protein-coding
3.2397977958122888	chr19	47458801	47459400	+	0	NA	intron (NM_001164717, intron 1 of 13)	intron (NM_001164717, intron 1 of 13)	5311	NM_008018	14218	Mm.127560	NM_008018	ENSMUSG00000053617	Sh3pxd2a	2310014D11Rik|AA589508|AI256723|AI413738|C230050L11|EG329070|Fish|Gm5098|Sh3md1|TSK5|Tks5	SH3 and PX domains 2A	protein-coding
6.953796873490016	chr12	79297201	79297800	+	0	NA	intron (NM_001252562, intron 1 of 7)	intron (NM_001252562, intron 1 of 7)	149	NM_001252562	19363	Mm.341756	NM_009014	ENSMUSG00000059060	Rad51b	AI553500|R51H2|Rad51l1|mREC2	RAD51 paralog B	protein-coding
0.5711182057857513	chr13	52721601	52721800	+	0	NA	Intergenic	Intergenic	35505	NR_027893	105404	Mm.184173	NR_027893		BB123696	-	expressed sequence BB123696	ncRNA
5.721566143445671	chr14	45329601	45330400	+	0	NA	intron (NM_025959, intron 1 of 13)	CpG	176	NM_025959	67089	Mm.18472	NM_025959	ENSMUSG00000021832	Psmc6	2300001E01Rik|AI451058	proteasome (prosome, macropain) 26S subunit, ATPase, 6	protein-coding
0.0-21	chr16	48794001	48794200	+	0	NA	Intergenic	Intergenic	-22038	NM_198297	77647	Mm.167298	NM_198297	ENSMUSG00000030775	Trat1	C030046M14Rik|Tcrim|Trim	T cell receptor associated transmembrane adaptor 1	protein-coding
2.5388800178964934	chr16	95990201	95991400	+	0	NA	exon (NM_019537, exon 1 of 7)	exon (NM_019537, exon 1 of 7)	160	NM_019537	56088	Mm.396248	NM_019537	ENSMUSG00000022913	Psmg1	AW552102|Dscr2	proteasome (prosome, macropain) assembly chaperone 1	protein-coding
4.453238656478269	chr12	32953401	32954800	+	0	NA	promoter-TSS (NR_044986)	promoter-TSS (NR_044986)	-86	NM_198710	19027	Mm.246304	NM_013635	ENSMUSG00000020570	Sypl	AI314763|AI604763|D12Ertd446e|PanI|Pphn|Sypl1	synaptophysin-like protein	protein-coding
6.76688539609313	chr11	109488001	109488600	+	0	NA	intron (NM_001361975, intron 2 of 12)	intron (NM_001361975, intron 2 of 12)	2408	NM_001361975	74008	Mm.482224	NM_028710	ENSMUSG00000020604	Arsg	6330406P08Rik|AI846872|ASG	arylsulfatase G	protein-coding
10.598136779852211	chr9	44801601	44803200	+	0	NA	TTS (NM_001357549)	TTS (NM_001357549)	551	NM_138951	192653	Mm.325487	NM_138951	ENSMUSG00000039438	Ttc36	-	tetratricopeptide repeat domain 36	protein-coding
0.737261675298214	chr5	137854001	137854400	+	0	NA	intron (NM_133209, intron 3 of 4)	B4|SINE|B4	3849	NM_133209	170741	Mm.347593	NM_133209	ENSMUSG00000066684	Pilrb1	FDFACT|Fdact|Pilrb	paired immunoglobin-like type 2 receptor beta 1	protein-coding
1.6856640453139942	chr1	176972801	176973400	+	0	NA	intron (NM_029756, intron 16 of 17)	intron (NM_029756, intron 16 of 17)	-136967	NR_037996	15365	Mm.441435	NR_037996		Hmga2-ps1	EG666235|Gm7996|Hmgic-ps1|[y]i-c	high mobility group AT-hook 2, pseudogene 1	pseudo
1.0591646507382393	chr16	3699001	3699200	+	0	NA	Intergenic	Intergenic	19024	NM_001161791	54483	Mm.143718	NM_019453	ENSMUSG00000022534	Mefv	FMF|TRIM20|pyrin	Mediterranean fever	protein-coding
2.258512929081917	chr4	129365201	129365600	+	0	NA	intron (NM_028603, intron 2 of 4)	intron (NM_028603, intron 2 of 4)	12628	NM_028603	73680	Mm.32997	NM_028603	ENSMUSG00000028807	Zbtb8a	2410081M15Rik|AI480941	zinc finger and BTB domain containing 8a	protein-coding
3.6291966065764427	chr15	85634401	85635200	+	0	NA	Intergenic	CpG	-52979	NM_009528	22422	Mm.306946	NM_009528	ENSMUSG00000022382	Wnt7b	Wnt-7b	wingless-type MMTV integration site family, member 7B	protein-coding
2.6582956314086914	chr7	128627001	128627200	+	0	NA	intron (NM_178641, intron 1 of 19)	intron (NM_178641, intron 1 of 19)	15735	NM_178641	101490	Mm.490344	NM_178641	ENSMUSG00000042105	Inpp5f	5830435P03Rik|AI115354|AW561896|SAC2|cI-27|hSAC2|mKIAA0966	inositol polyphosphate-5-phosphatase F	protein-coding
3.418346611549897	chr7	16309401	16313000	+	0	NA	intron (NM_133234, intron 1 of 3)	intron (NM_133234, intron 1 of 3)	1617	NM_133234	170770	Mm.7660	NM_133234	ENSMUSG00000002083	Bbc3	PUMA|PUMA/JFY1	BCL2 binding component 3	protein-coding
2.3597566187381744	chr13	32801801	32802600	+	0	NA	5' UTR (NM_030215, exon 1 of 7)	5' UTR (NM_030215, exon 1 of 7)	170	NM_030215	78903	Mm.286680	NM_030215	ENSMUSG00000021400	Wrnip1	4833444L21Rik|WHIP|Wrnip	Werner helicase interacting protein 1	protein-coding
1.505675246939063	chr3	58470001	58470400	+	0	NA	Intergenic	Intergenic	55480	NM_001347233	72033	Mm.218409	NM_001081229	ENSMUSG00000027806	Tsc22d2	1810043J12Rik|5530402M19Rik	TSC22 domain family, member 2	protein-coding
3.824761318663756	chr2	71872801	71874000	+	0	NA	exon (NM_172665, exon 1 of 11)	exon (NM_172665, exon 1 of 11)	176	NM_172665	228026	Mm.34411	NM_172665	ENSMUSG00000006494	Pdk1	B830012B01|D530020C15Rik	pyruvate dehydrogenase kinase, isoenzyme 1	protein-coding
2.2663008589297533	chr18	23954401	23955200	+	0	NA	5' UTR (NM_027007, exon 1 of 4)	5' UTR (NM_027007, exon 1 of 4)	112	NM_027007	69256	Mm.218343	NM_027007	ENSMUSG00000024276	Zfp397	2810411K16Rik|6720480F11Rik|AI461664	zinc finger protein 397	protein-coding
5.898093581199646	chr5	115542801	115543000	+	0	NA	intron (NM_011223, intron 1 of 10)	intron (NM_011223, intron 1 of 10)	-16567	NM_007475	11837	Mm.5286	NM_007475	ENSMUSG00000067274	Rplp0	36B4|Arbp|L10E	ribosomal protein, large, P0	protein-coding
10.370987609028816	chr10	81627001	81627800	+	0	NA	promoter-TSS (NM_001163430)	promoter-TSS (NM_001163430)	-78	NM_001163430	50721	Mm.25643	NM_181586	ENSMUSG00000034748	Sirt6	2810449N18Rik|AI043036|Sir2l6	sirtuin 6	protein-coding
7.916044565538566	chr1	72870001	72870600	+	0	NA	intron (NM_010518, intron 1 of 3)	intron (NM_010518, intron 1 of 3)	4565	NM_010518	16011	Mm.405761	NM_010518	ENSMUSG00000026185	Igfbp5	AI256729|AW208790|IGFBP-5|IGFBP-5P	insulin-like growth factor binding protein 5	protein-coding
2.471384219825268	chr15	34088201	34089000	+	0	NA	intron (NM_026002, intron 1 of 11)	B1_Mus1|SINE|Alu	5881	NM_001357925	67154	Mm.130883	NM_026002	ENSMUSG00000022255	Mtdh	2610103J23Rik|3D3|3D3/Lyric|AEG-1|AV353288|D8Bwg1112e|Lyric	metadherin	protein-coding
2.621951799839735	chr8	22192801	22193600	+	0	NA	intron (NM_027338, intron 1 of 13)	CpG	367	NM_027338	70160	Mm.41453	NM_027338	ENSMUSG00000031479	Vps36	1700010A24Rik|2210415M20Rik|2810408E15Rik|Eap45	vacuolar protein sorting 36	protein-coding
5.721565991640091	chr11	49854801	49855000	+	0	NA	intron (NM_207692, intron 2 of 11)	intron (NM_207692, intron 2 of 11)	8149	NM_207692	26420	Mm.68933	NM_016961	ENSMUSG00000020366	Mapk9	AI851083|JNK2|Prkm9|p54aSAPK	mitogen-activated protein kinase 9	protein-coding
1.7756583839654922	chr7	28813001	28813200	+	0	NA	intron (NM_177301, intron 1 of 12)	intron (NM_177301, intron 1 of 12)	2210	NM_177301	15388	Mm.9043	NM_177301	ENSMUSG00000015165	Hnrnpl	C79783|D830027H13Rik|Hnrpl	heterogeneous nuclear ribonucleoprotein L	protein-coding
6.248552444390953	chr2	25500601	25501400	+	0	NA	promoter-TSS (NM_027062)	promoter-TSS (NM_027062)	250	NM_001356407	30839	Mm.29170	NM_013908	ENSMUSG00000015095	Fbxw5	AI159739|Fbw5	F-box and WD-40 domain protein 5	protein-coding
3.6274589518711413	chrX	37084001	37085800	+	0	NA	intron (NM_026055, intron 1 of 2)	intron (NM_026055, intron 1 of 2)	322	NM_026055	67248	Mm.30478	NM_026055	ENSMUSG00000079641	Rpl39	2810465O16Rik	ribosomal protein L39	protein-coding
3.3432712622313674	chr11	86356601	86358400	+	0	NA	promoter-TSS (NM_001080931)	promoter-TSS (NM_001080931)	96	NM_001080931	327987	Mm.341886	NM_001080931	ENSMUSG00000034297	Med13	1110067M05Rik|D030023K18|Thrap1|Trap240	mediator complex subunit 13	protein-coding
4.963536454098565	chr17	86438201	86439600	+	0	NA	intron (NM_011104, intron 2 of 14)	intron (NM_011104, intron 2 of 14)	-151722	NR_045435	72104	Mm.443401	NR_045435	ENSMUSG00000100738	2010106C02Rik	-	RIKEN cDNA 2010106C02 gene	ncRNA
7.021292631824811	chr2	26902201	26903400	+	0	NA	promoter-TSS (NM_009298)	promoter-TSS (NM_009298)	87	NM_009298	20935	Mm.245577	NM_009298	ENSMUSG00000036160	Surf6	D2Wsu129e|Surf-6	surfeit gene 6	protein-coding
0.0-37	chr4	130919601	130920000	+	0	NA	intron (NM_010686, intron 1 of 7)	intron (NM_010686, intron 1 of 7)	6484	NM_010686	16792	Mm.271868	NM_010686	ENSMUSG00000028581	Laptm5	E3|Stra13	lysosomal-associated protein transmembrane 5	protein-coding
3.2501817643642426	chr9	108163601	108163800	+	0	NA	intron (NM_007567, intron 1 of 11)	intron (NM_007567, intron 1 of 11)	26683	NM_007567	12217	Mm.20425	NM_007567	ENSMUSG00000032589	Bsn	-	bassoon	protein-coding
11.180071756243706	chrX	150458801	150459400	+	0	NA	promoter-TSS (NR_152725)	promoter-TSS (NR_152725)	50	NR_152725	382245	Mm.277309	NM_001164683	ENSMUSG00000041353	Tmem29	2700081K05Rik|6330540D07Rik|CXorf44-like	transmembrane protein 29	protein-coding
8.118185780197383	chr1	39935801	39936800	+	0	NA	intron (NM_001252200, intron 2 of 31)	C-rich|Low_complexity|Low_complexity	35387	NM_001252200	26921	Mm.491139	NM_008696	ENSMUSG00000026074	Map4k4	9430080K19Rik|AU043147|AU045934|AW046177|HGK|Nik	mitogen-activated protein kinase kinase kinase kinase 4	protein-coding
5.565806522965431	chr1	161894001	161894200	+	0	NA	Intergenic	Intergenic	-17418	NR_151683	226551	Mm.170002	NM_172645	ENSMUSG00000040297	Suco	4732491B11|AI848100|AU016931|Opt	SUN domain containing ossification factor	protein-coding
0.12806893388430277	chr7	35802401	35803000	+	0	NA	non-coding (NR_033567, exon 1 of 3)	non-coding (NR_033567, exon 1 of 3)	108	NR_033567	78547	Mm.406883	NR_033567	ENSMUSG00000044997	E130304I02Rik	-	RIKEN cDNA E130304I02 gene	ncRNA
1.5753962099552155	chr11	88067601	88069000	+	0	NA	promoter-TSS (NM_016686)	promoter-TSS (NM_016686)	21	NM_016686	22344	Mm.46628	NM_016686	ENSMUSG00000018377	Vezf1	AI848691|AW046909|db1	vascular endothelial zinc finger 1	protein-coding
2.859052392964562	chr6	70844001	70845200	+	0	NA	promoter-TSS (NM_001313918)	promoter-TSS (NM_001313918)	85	NM_010121	13666	Mm.247167	NM_010121	ENSMUSG00000031668	Eif2ak3	Pek|Perk	eukaryotic translation initiation factor 2 alpha kinase 3	protein-coding
7.411556798964739	chr2	119034601	119035400	+	0	NA	exon (NM_173450, exon 1 of 3)	exon (NM_173450, exon 1 of 3)	210	NM_173450	271842	Mm.33617	NM_173450	ENSMUSG00000027324	Rpusd2	4921503C21Rik|9630001E10|BB231107	RNA pseudouridylate synthase domain containing 2	protein-coding
1.5056752562522888-4	chr13	30933201	30933400	+	0	NA	intron (NM_001360093, intron 5 of 28)	MTC|LTR|ERVL-MaLR	14461	NM_153072	210554	Mm.450571	NM_153072	ENSMUSG00000076430	Hus1b	-	HUS1 checkpoint clamp component B	protein-coding
3.0840383283793926	chr6	120187601	120188000	+	0	NA	intron (NM_016718, intron 1 of 3)	intron (NM_016718, intron 1 of 3)	-6023	NM_001347432	29862	Mm.103668	NM_016718	ENSMUSG00000041377	Ninj2	-	ninjurin 2	protein-coding
4.4131861825784044	chr15	62743201	62743800	+	0	NA	Intergenic	(TCTA)n|Simple_repeat|Simple_repeat	-524049	NR_003523	67552	Mm.484027	NM_026230		H2afy3	4933432H23Rik	H2A histone family, member Y3	pseudo
1.0627987561929533	chr3	51339601	51342000	+	0	NA	promoter-TSS (NM_001291059)	promoter-TSS (NM_001291059)	-156	NM_001356358	69257	Mm.131038	NM_023502	ENSMUSG00000037174	Elf2	2610036A20Rik|A230104O07Rik|AW111824|BB183398|EU32|NERF|NERF-1A|NERF-1B|NERF-2	E74-like factor 2	protein-coding
9.106739461421967	chr18	7608601	7608800	+	0	NA	promoter-TSS (NM_001360860)	promoter-TSS (NM_001360860)	-546	NM_001360860	75739	Mm.133293	NM_001081287	ENSMUSG00000057440	Mpp7	1110068J02Rik|2810038M04Rik|5430426E14Rik|AI415104|Gm955	membrane protein, palmitoylated 7 (MAGUK p55 subfamily member 7)	protein-coding
2.097561420251926	chr2	155538001	155539200	+	0	NA	intron (NM_019811, intron 2 of 17)	IAPLTR1_Mm|LTR|ERVK	18330	NR_040613	74945	Mm.401956	NR_040613	ENSMUSG00000086529	Acss2os	4930471I20Rik	acyl-CoA synthetase short-chain family member 2, opposite strand	ncRNA
1.0799325853586197	chr12	25154801	25155000	+	0	NA	Intergenic	Intergenic	25726	NR_045844	432641	Mm.112955	NR_045844		Gm17746	-	predicted gene, 17746	ncRNA
3.011350490152836	chr6	22409401	22409600	+	0	NA	Intergenic	Intergenic	-53419	NM_138587	27999	Mm.490307	NM_138587	ENSMUSG00000029672	Fam3c	D6Wsu176e|Ilei	family with sequence similarity 3, member C	protein-coding
4.387226231396198	chr12	3279401	3279800	+	0	NA	intron (NM_016676, intron 1 of 5)	intron (NM_016676, intron 1 of 5)	30369	NM_016676	19325	Mm.378993	NM_016676	ENSMUSG00000020671	Rab10	AW107754	RAB10, member RAS oncogene family	protein-coding
2.4506162628531456	chr7	28781201	28781400	+	0	NA	non-coding (NR_040339, exon 1 of 4)	non-coding (NR_040339, exon 1 of 4)	214	NR_040339	100503790	Mm.446894	NR_040339		Gm19897	-	predicted gene, 19897	ncRNA
5.519055652984198	chr9	53535601	53537800	+	0	NA	promoter-TSS (NM_001081152)	promoter-TSS (NM_001081152)	-29	NM_007499	11920	Mm.5088	NM_007499	ENSMUSG00000034218	Atm	AI256621|C030026E19Rik	ataxia telangiectasia mutated	protein-coding
2.5959446711270866	chr3	137863801	137865800	+	0	NA	intron (NM_001316995, intron 1 of 4)	CpG	313	NM_016750	51788	Mm.117541	NM_016750	ENSMUSG00000037894	H2afz	H2A.Z|H2A.Z1|H2a.z-1	H2A histone family, member Z	protein-coding
3.733540206841658	chr19	26604201	26608000	+	0	NA	intron (NM_011416, intron 1 of 32)	CpG	940	NM_011416	67155	Mm.491146	NM_011416	ENSMUSG00000024921	Smarca2	2610209L14Rik|SNF2alpha|Snf2l2|brahma|brm	SWI/SNF related, matrix associated, actin dependent regulator of chromatin, subfamily a, member 2	protein-coding
1.505675268669923	chr19	6911601	6912800	+	0	NA	intron (NM_007953, intron 6 of 6)	intron (NM_007953, intron 6 of 6)	2086	NR_105956	102466213		NR_105956	ENSMUSG00000098413	Mir6990	Gm27726|mmu-mir-6990	microRNA 6990	ncRNA
5.076940768647894	chr12	98745401	98747400	+	0	NA	promoter-TSS (NM_001364404)	promoter-TSS (NM_001364404)	-568	NM_001364405	75553	Mm.25549	NM_029334	ENSMUSG00000021012	Zc3h14	1010001P15Rik|1700016A15Rik|2700069A02Rik|AU014748	zinc finger CCCH type containing 14	protein-coding
4.211440484438624	chr6	47650201	47651600	+	0	NA	Intergenic	Intergenic	4194	NR_002841	19799		NR_002841		Rn4.5s	-	4.5S RNA	rRNA
13.571845412254333	chr9	75436001	75436200	+	0	NA	Intergenic	Intergenic	-5424	NM_001039522	235497	Mm.41508	NM_001006122	ENSMUSG00000042487	Leo1	Gm185	Leo1, Paf1/RNA polymerase II complex component	protein-coding
1.7341225445270538	chr3	145915801	145916000	+	0	NA	Intergenic	B3A|SINE|B2	-8362	NM_009740	12042	Mm.239141	NM_009740	ENSMUSG00000028191	Bcl10	AI132454|BCL-10|C81403|CARMEN|CIPER|CLAP|ME10|cE10	B cell leukemia/lymphoma 10	protein-coding
2.6349317263811827	chr1	43824001	43824800	+	0	NA	intron (NM_001368288, intron 1 of 14)	Lx8|LINE|L1	2184	NM_001368289	67883	Mm.387202	NM_026430	ENSMUSG00000057363	Uxs1	1600025I13Rik|AI451869|AI649125|AW550562	UDP-glucuronate decarboxylase 1	protein-coding
2.606375819693009	chr3	61003001	61003600	+	0	NA	5' UTR (NM_001282016, exon 1 of 2)	5' UTR (NM_001282016, exon 1 of 2)	515	NM_001282016	18441	Mm.281452	NM_008772	ENSMUSG00000027765	P2ry1	P2Y1	purinergic receptor P2Y, G-protein coupled 1	protein-coding
11.619659632444382	chr11	101732801	101733400	+	0	NA	exon (NM_144831, exon 1 of 23)	exon (NM_144831, exon 1 of 23)	144	NM_144831	217207	Mm.28186	NM_144831	ENSMUSG00000034931	Dhx8	Ddx8|mDEAH6|mKIAA4096	DEAH (Asp-Glu-Ala-His) box polypeptide 8	protein-coding
1.2847778911844616	chr8	81770401	81774400	+	0	NA	intron (NM_001024617, intron 7 of 24)	(GGAGA)n|Simple_repeat|Simple_repeat	429838	NM_001297593	234515	Mm.324468	NM_001024617	ENSMUSG00000037940	Inpp4b	E130107I17Rik	inositol polyphosphate-4-phosphatase, type II	protein-coding
4.773163725932439	chr7	13034201	13034800	+	0	NA	TTS (NM_145578)	TTS (NM_145578)	277	NR_153796	68953	Mm.295670	NM_026885	ENSMUSG00000033916	Chmp2a	1500016L11Rik|mVps2	charged multivesicular body protein 2A	protein-coding
1.6718187108635902	chr17	62816601	62816800	+	0	NA	intron (NM_207654, intron 1 of 4)	intron (NM_207654, intron 1 of 4)	64617	NM_010109	13640	Mm.7978	NM_010109	ENSMUSG00000048915	Efna5	AL-1|AV158822|EFL-5|Ephrin-A5|Epl7|LERK-7|RAGS	ephrin A5	protein-coding
1.9781457632780075	chr15	78292801	78293200	+	0	NA	intron (NM_007781, intron 4 of 13)	intron (NM_007781, intron 4 of 13)	-8151	NR_106137	102465776		NR_106137	ENSMUSG00000098996	Mir7676-1	Gm27600|mmu-mir-7676-1	microRNA 7676-1	ncRNA
4.777684412875187	chr8	20564401	20568600	+	0	NA	Intergenic	Intergenic	-48427	NM_001270553	100861668	Mm.491087	NM_001270553	ENSMUSG00000095294	Gm21119	-	predicted gene, 21119	protein-coding
4.679015742987394	chr2	112454601	112455600	+	0	NA	promoter-TSS (NM_133749)	promoter-TSS (NM_133749)	75	NM_133749	73024	Mm.268027	NM_133749	ENSMUSG00000055943	Emc7	2900064A13Rik|AI451465|ORF3|c11orf3	ER membrane protein complex subunit 7	protein-coding
0.708428298419577	chr14	70964601	70966600	+	0	NA	intron (NM_008115, intron 4 of 8)	intron (NM_008115, intron 4 of 8)	75493	NM_001302094	14586	Mm.32619	NM_008115	ENSMUSG00000022103	Gfra2	-	glial cell line derived neurotrophic factor family receptor alpha 2	protein-coding
1.0220790750214033	chr15	7815201	7816600	+	0	NA	intron (NM_010275, intron 2 of 2)	intron (NM_010275, intron 2 of 2)	350	NM_001301357	14573	Mm.4679	NM_010275	ENSMUSG00000022144	Gdnf	AI385739|ATF	glial cell line derived neurotrophic factor	protein-coding
3.118535490340144	chr11	109650201	109652200	+	0	NA	promoter-TSS (NM_001362677)	promoter-TSS (NM_001362677)	-142	NM_001362677	19084	Mm.30039	NM_021880	ENSMUSG00000020612	Prkar1a	1300018C22Rik|RIalpha|Tse-1|Tse1	protein kinase, cAMP dependent regulatory, type I, alpha	protein-coding
0.10383967310190201-2	chr10	62984001	62984400	+	0	NA	intron (NM_027425, intron 2 of 17)	RLTR20A4|LTR|ERVK	3948	NM_027425	70432	Mm.234587	NM_027425	ENSMUSG00000020070	Rufy2	2610111M19Rik|AI844453|Denn|LZ-FYVE|ZFYVE13	RUN and FYVE domain-containing 2	protein-coding
1.349915761500597	chr11	74526401	74527200	+	0	NA	intron (NM_001015046, intron 2 of 24)	intron (NM_001015046, intron 2 of 24)	-3999	NM_001364131	380711	Mm.425690	NM_001015046	ENSMUSG00000038807	Rap1gap2	AU067654|Garnl4|Gm1561|mKIAA1039	RAP1 GTPase activating protein 2	protein-coding
4.184738872306688	chr5	103691601	103693000	+	0	NA	Intergenic	CpG	-36568	NM_001163550	74218	Mm.159141	NM_028824	ENSMUSG00000029320	1700016H13Rik	-	RIKEN cDNA 1700016H13 gene	protein-coding
4.972678862382351	chr11	19923801	19926400	+	0	NA	intron (NM_033523, intron 1 of 5)	CpG	658	NM_033523	114716	Mm.266627	NM_033523	ENSMUSG00000045671	Spred2	C79158	sprouty-related EVH1 domain containing 2	protein-coding
5.950013334552447	chr7	141437201	141437800	+	0	NA	TTS (NM_001360524)	TTS (NM_001360524)	374	NM_026646	68267	Mm.33729	NM_026646	ENSMUSG00000019082	Slc25a22	1300006L01Rik|AI060884|Gc1	solute carrier family 25 (mitochondrial carrier, glutamate), member 22	protein-coding
4.018595442175865	chr10	94688001	94689400	+	0	NA	promoter-TSS (NR_015524)	promoter-TSS (NR_015524)	-87	NR_015524	67723	Mm.116284	NR_015524		Cep83os	4932415G12Rik|Ccdc41os1	centrosomal protein 83, opposite strand	ncRNA
2.410378432366997	chr17	34031001	34032600	+	0	NA	promoter-TSS (NM_001205215)	promoter-TSS (NM_001205215)	-12	NM_011306	20182	Mm.1243	NM_011306	ENSMUSG00000039656	Rxrb	AL023085|H-2RIIBP|Nr2b2|RCoR-1|Rub	retinoid X receptor beta	protein-coding
2.5440720319747925	chr6	100435001	100435200	+	0	NA	Intergenic	ID_B1|SINE|B4	-92300	NR_040525	73395	Mm.69413	NR_040525	ENSMUSG00000101553	1700049E22Rik	-	RIKEN cDNA 1700049E22 gene	ncRNA
2.447154950350523	chr11	98943001	98943600	+	0	NA	intron (NM_001177303, intron 1 of 8)	intron (NM_001177303, intron 1 of 8)	3589	NM_001177303	19401	Mm.439744	NM_009024	ENSMUSG00000037992	Rara	Nr1b1|RAR|RARalpha1	retinoic acid receptor, alpha	protein-coding
6.540416108710425	chr13	41605201	41606600	+	0	NA	promoter-TSS (NM_001163572)	promoter-TSS (NM_001163572)	18	NM_001368686	621976	Mm.259830	NM_001163572	ENSMUSG00000087370	Tmem170b	EG621976	transmembrane protein 170B	protein-coding
1.0522420406341553	chr5	24029801	24030400	+	0	NA	5' UTR (NM_001310471, exon 1 of 11)	5' UTR (NM_001310471, exon 1 of 11)	212	NM_001310471	84652	Mm.304976	NM_053090	ENSMUSG00000028995	Fam126a	AB030242|Drctnnb1a	family with sequence similarity 126, member A	protein-coding
2.4547699175775053	chr11	78697001	78698000	+	0	NA	promoter-TSS (NM_008702)	promoter-TSS (NM_008702)	-75	NM_008702	18099	Mm.9001	NM_008702	ENSMUSG00000017376	Nlk	AI194375	nemo like kinase	protein-coding
1.8535381704568863	chr18	36397001	36397400	+	0	NA	intron (NM_001368637, intron 2 of 2)	intron (NM_001368637, intron 2 of 2)	48427	NM_001368637	66060	Mm.272527	NM_001081365	ENSMUSG00000046727	Cystm1	0610010O12Rik	cysteine-rich transmembrane module containing 1	protein-coding
2.148982797669156	chr2	70824401	70826200	+	0	NA	promoter-TSS (NM_001362963)	promoter-TSS (NM_001362963)	180	NR_156421	228012	Mm.136511	NM_172664	ENSMUSG00000041997	Tlk1	4930545J15Rik	tousled-like kinase 1	protein-coding
3.063270352780819	chr8	19802601	19802800	+	0	NA	intron (NM_001270553, intron 6 of 9).2	B1F1|SINE|Alu	73124	NM_001270553	100861668	Mm.491087	NM_001270553	ENSMUSG00000095294	Gm21119	-	predicted gene, 21119	protein-coding
2.8917181838398665	chr14	21499201	21501600	+	0	NA	intron (NM_017479, intron 1 of 16)	CpG	615	NM_017479	54169	Mm.248967	NM_017479	ENSMUSG00000021767	Kat6b	AI507552|B130044K16Rik|MYST-4|Morf|Myst4|mKIAA0383|qkf|querkopf	K(lysine) acetyltransferase 6B	protein-coding
3.947391049138137	chrX	38189401	38190800	+	0	NA	intron (NM_020256, intron 1 of 1)	CpG	307	NM_020256	56805	Mm.391248	NM_020256	ENSMUSG00000048047	Zbtb33	AW260253|E130014G12Rik|Kaiso|Znf-kaiso	zinc finger and BTB domain containing 33	protein-coding
0.8956171767786145	chr5	135529001	135529800	+	0	NA	intron (NM_146001, intron 1 of 30)	MLT1E2|LTR|ERVL-MaLR	15722	NM_146001	215114	Mm.280805	NM_146001	ENSMUSG00000039959	Hip1	2610109B09Rik|A930014B11Rik|E130315I21Rik|mKIAA4113	huntingtin interacting protein 1	protein-coding
0.5018917471170425-3	chr17	35459601	35460200	+	0	NA	Intergenic	MERVL_2A-int|LTR|ERVL	-10189	NM_010391	15007	Mm.88795	NM_010391	ENSMUSG00000067235	H2-Q10	H-2Q10|H2-K1|Q10|Qa10	histocompatibility 2, Q region locus 10	protein-coding
1.2772279679775238-2	chr2	84874401	84874600	+	0	NA	intron (NM_199223, intron 2 of 2)	intron (NM_199223, intron 2 of 2)	12192	NM_199223	269295	Mm.86447	NM_199223	ENSMUSG00000050896	Rtn4rl2	Ngr2|Ngrh1|Ngrl3	reticulon 4 receptor-like 2	protein-coding
5.3321672873571515	chr1	143702001	143702800	+	0	NA	intron (NM_145991, intron 1 of 16)	intron (NM_145991, intron 1 of 16)	493	NM_145991	214498	Mm.156727	NM_145991	ENSMUSG00000026361	Cdc73	8430414L16Rik|C130030P16Rik|C81219|Hrpt2	cell division cycle 73, Paf1/RNA polymerase II complex component	protein-coding
1.5056752562522888-3	chr2	29725601	29725800	+	0	NA	intron (NM_001039087, intron 15 of 25)	intron (NM_001039087, intron 15 of 25)	25957	NM_001370923	433415	Mm.359309	NM_001370923	ENSMUSG00000079497	Gm13420	Dspd2	predicted gene 13420	protein-coding
3.88360383734107	chr17	24667201	24668000	+	0	NA	Intergenic	Intergenic	-2087	NM_001348231	213753	Mm.219581	NM_183149	ENSMUSG00000041130	Zfp598	BC023040|Ntrap|Znf598	zinc finger protein 598	protein-coding
5.108912002295256	chr4	45320001	45320800	+	0	NA	exon (NM_025513, exon 1 of 4)	exon (NM_025513, exon 1 of 4)	216	NM_025513	66362	Mm.275788	NM_025513	ENSMUSG00000028322	Exosc3	2310005D06Rik|AI593501|Rrp40	exosome component 3	protein-coding
5.09852796792984	chr1	13293401	13293600	+	0	NA	intron (NM_008678, intron 1 of 22)	intron (NM_008678, intron 1 of 22)	78929	NM_001302702	17978	Mm.2537	NM_008678	ENSMUSG00000005886	Ncoa2	D1Ertd433e|GRIP-1|Grip1|KAT13C|NCoA-2|SRC-2|TIF2|bHLHe75	nuclear receptor coactivator 2	protein-coding
0.7528376299887896	chr1	105780001	105780800	+	0	NA	promoter-TSS (NM_009399)	promoter-TSS (NM_009399)	-323	NM_009399	21934	Mm.6251	NM_009399	ENSMUSG00000026321	Tnfrsf11a	Ly109|ODFR|OFE|Rank|TRANCE-R|mRANK	tumor necrosis factor receptor superfamily, member 11a, NFKB activator	protein-coding
26.96060801428693	chr11	3135001	3137200	+	0	NA	intron (NM_001363224, intron 20 of 28)	intron (NM_001363224, intron 20 of 28)	12098	NR_003517	236604	Mm.247625	NM_001004146		Pisd-ps1	-	phosphatidylserine decarboxylase, pseudogene 1	pseudo
2.258512893691659	chr13	51583001	51583400	+	0	NA	Intergenic	RMER19B|LTR|ERVK	-13749	NM_009167	20418	Mm.131870	NM_009167	ENSMUSG00000021448	Shc3	N-Shc|Rai|ShcC	src homology 2 domain-containing transforming protein C3	protein-coding
1.2201161943376064	chr13	37993601	37994400	+	0	NA	intron (NM_001360842, intron 1 of 8)	CpG	208	NM_025965	107513	Mm.426670	NM_025965	ENSMUSG00000021427	Ssr1	2510001K09Rik|6330400D04|AI159733|AI452176|SSR|TRAPA	signal sequence receptor, alpha	protein-coding
6.497767640277743	chr8	110846001	110847600	+	0	NA	promoter-TSS (NM_133953)	promoter-TSS (NM_133953)	3	NM_133953	101943	Mm.236123	NM_133953	ENSMUSG00000033732	Sf3b3	1810061H24Rik|5730409A01Rik|AA409318|D8Ertd633e|RSE1|SAP130|SF3b130|mKIAA0017	splicing factor 3b, subunit 3	protein-coding
6.199228589733441	chr15	75969001	75969600	+	0	NA	exon (NM_001361464, exon 1 of 4)	exon (NM_001361464, exon 1 of 4)	177	NM_001081065	69020	Mm.294295	NM_001081065	ENSMUSG00000034429	Zfp707	1500031N24Rik|AI451708|AW495315	zinc finger protein 707	protein-coding
5.656666309572756	chr15	80233801	80234600	+	0	NA	intron (NM_001357660, intron 1 of 5)	CpG	120	NM_001357659	239555	Mm.307163	NM_178719	ENSMUSG00000022412	Mief1	A230016E22|AI452372|Smcr7l	mitochondrial elongation factor 1	protein-coding
9.333456180368861-2	chr2	61593001	61594200	+	0	NA	intron (NR_149324, intron 1 of 9)	intron (NR_149324, intron 1 of 9)	503	NM_001164072	21353	Mm.244393	NM_011529	ENSMUSG00000064289	Tank	C86182|E430026L09Rik|I-TRAF	TRAF family member-associated Nf-kappa B activator	protein-coding
20.383728355169296	chr3	88552401	88553200	+	0	NA	promoter-TSS (NM_033526)	promoter-TSS (NM_033526)	151	NR_155543	83409	Mm.41680	NM_031248	ENSMUSG00000028062	Lamtor2	2010111E04Rik|AL022628|Mapbpip|P14|Rab25|Robld3	late endosomal/lysosomal adaptor, MAPK and MTOR activator 2	protein-coding
2.09756138920784-2	chr13	51026601	51026800	+	0	NA	Intergenic	Intergenic	74027	NR_029463	77428	Mm.405630	NR_029463		9430083A17Rik	-	RIKEN cDNA 9430083A17 gene	ncRNA
2.796254077660186	chr10	49150001	49151400	+	0	NA	intron (NM_001358866, intron 14 of 16)	intron (NM_001358866, intron 14 of 16)	637237	NM_001358866	14806	Mm.185993	NM_010349	ENSMUSG00000056073	Grik2	AW124492|C130030K03Rik|GluK2|Glur-6|Glur6|Glurbeta2	glutamate receptor, ionotropic, kainate 2 (beta 2)	protein-coding
2.454769891500473	chr2	60382401	60383400	+	0	NA	intron (NM_013825, intron 1 of 34)	intron (NM_013825, intron 1 of 34)	373	NM_013825	17076	Mm.2074	NM_013825	ENSMUSG00000026980	Ly75	CD205|DEC-205|DEC205	lymphocyte antigen 75	protein-coding
0.9864769130945206	chr19	14351801	14352000	+	0	NA	Intergenic	L1MB7|LINE|L1	84050	NR_152176	667433	Mm.128913	NR_152176		Gm8630	EG667433	predicted gene 8630	ncRNA
2.8950569933420587	chr11	104441001	104443400	+	0	NA	promoter-TSS (NM_001081045)	promoter-TSS (NM_001081045)	91	NM_001081045	76719	Mm.136418	NM_001081045	ENSMUSG00000018412	Kansl1	1700081L11Rik|9430041J06Rik|mKIAA1267	KAT8 regulatory NSL complex subunit 1	protein-coding
4.48142366537026	chr14	57664401	57665800	+	0	NA	non-coding (NR_160871, exon 1 of 5)	non-coding (NR_160871, exon 1 of 5)	138	NM_001368697	57258	Mm.202747	NM_020506	ENSMUSG00000021952	Xpo4	B430309A01Rik|mKIAA1721	exportin 4	protein-coding
7.370020896196365	chr7	129591601	129592400	+	0	NA	exon (NM_172255, exon 1 of 29)	exon (NM_172255, exon 1 of 29)	137	NM_172255	207425	Mm.229323	NM_172255	ENSMUSG00000042055	Wdr11	2900055P10Rik|AW489876|Brwd2|mKIAA1351	WD repeat domain 11	protein-coding
0.545158276334405	chr12	76042401	76042800	+	0	NA	intron (NM_001005510, intron 82 of 115)	intron (NM_001005510, intron 82 of 115)	133497	NR_039560	100628610		NR_039560	ENSMUSG00000092922	Mir5101	mmu-mir-5101|mu-mir-5101	microRNA 5101	ncRNA
0.0-18	chr11	86544201	86544400	+	0	NA	promoter-TSS (NM_001199045)	promoter-TSS (NM_001199045)	507	NM_001114334	72508	Mm.394280	NM_028259	ENSMUSG00000020516	Rps6kb1	2610318I15Rik|AA959758|AI256796|AI314060|P70S6K1|S6K|S6K-beta-1|S6K1|p70 S6K-alpha|p70 S6KA|p70-S6K 1|p70/85s6k|p70s6k	ribosomal protein S6 kinase, polypeptide 1	protein-coding
0.7601064011454582	chr2	120730801	120731800	+	0	NA	intron (NM_026891, intron 1 of 27)	CpG	217	NM_026891	68968	Mm.2289	NM_026891	ENSMUSG00000027284	Cdan1	1500015A01Rik|AI448026|AW492297|CDA-I|CDA1|CDAI	congenital dyserythropoietic anemia, type I (human)	protein-coding
8.050170846283436	chr5	130256801	130257600	+	0	NA	intron (NM_001015876, intron 1 of 15)	intron (NM_001015876, intron 1 of 15)	163	NR_153350	100929	Mm.271296	NM_178897	ENSMUSG00000056310	Tyw1	AW125391|Rsafd1	tRNA-yW synthesizing protein 1 homolog (S. cerevisiae)	protein-coding
1.926225919276476	chr18	80223401	80224200	+	0	NA	3' UTR (NM_025299, exon 4 of 4)	3' UTR (NM_025299, exon 4 of 4)	16933	NM_001042408	27366	Mm.172411	NM_025299	ENSMUSG00000057130	Txnl4a	D18Wsu98e|Dim1|Gm16286|Txnl4|U5-15kD|U5-15kDa	thioredoxin-like 4A	protein-coding
2.007567023858428	chr9	59291001	59292200	+	0	NA	promoter-TSS (NM_028121)	promoter-TSS (NM_028121)	28	NM_028121	72141	Mm.22456	NM_028121	ENSMUSG00000025236	Adpgk	2610017G09Rik|Adp-gk|C77577	ADP-dependent glucokinase	protein-coding
7.684135902673006	chr19	41895601	41896400	+	0	NA	exon (NM_199447, exon 1 of 34)	exon (NM_199447, exon 1 of 34)	153	NM_199447	107094	Mm.276044	NM_199447	ENSMUSG00000035049	Rrp12	AA408556|AA536972|mKIAA0690	ribosomal RNA processing 12 homolog (S. cerevisiae)	protein-coding
5.187334035270236	chr17	87445801	87447600	+	0	NA	intron (NM_007589, intron 1 of 5)	CpG	235	NM_007589	12314	Mm.329243	NM_007589	ENSMUSG00000036438	Calm2	1500001E21Rik|AL024017|Cam2|CamC	calmodulin 2	protein-coding
0.7528376206755638-3	chr16	18350401	18350800	+	0	NA	intron (NM_033474, intron 1 of 18)	intron (NM_033474, intron 1 of 18)	2418	NM_033474	11877	Mm.293599	NM_033474	ENSMUSG00000000325	Arvcf	-	armadillo repeat gene deleted in velocardiofacial syndrome	protein-coding
1.204540229588747	chr8	12635001	12636000	+	0	NA	intron (NM_198031, intron 16 of 21)	intron (NM_198031, intron 16 of 21)	36600	NM_198031	259279	Mm.142095	NM_198031	ENSMUSG00000000759	Tubgcp3	GCP3|Spc98p	tubulin, gamma complex associated protein 3	protein-coding
90.13283831626177	chr17	4626001	4626600	+	0	NA	Intergenic	(CATTC)n|Simple_repeat|Simple_repeat	-8680	NR_130984	75117	Mm.429393	NR_130984	ENSMUSG00000116767	4930517M08Rik	-	RIKEN cDNA 4930517M08 gene	ncRNA
2.350237941990296	chr17	46650401	46651000	+	0	NA	TTS (NM_025302)	TTS (NM_025302)	362	NM_025611	66515	Mm.329078	NM_025611	ENSMUSG00000038545	Cul7	2510004L20Rik|AA409809|C230011P08Rik|p185|p193	cullin 7	protein-coding
3.4200294177095256	chr9	25251601	25253800	+	0	NA	promoter-TSS (NM_001359738)	promoter-TSS (NM_001359738)	-192	NM_001359738	235072	Mm.270259	NM_009859	ENSMUSG00000001833	Sept7	Cdc10|E430034N22	septin 7	protein-coding
7.684135973453522-2	chr18	60211001	60211200	+	0	NA	promoter-TSS (NM_001033767)	promoter-TSS (NM_001033767)	-977	NM_001033767	240327	Mm.357104	NM_001033767	ENSMUSG00000073555	Gm4951	EG240327|Ifgga2	predicted gene 4951	protein-coding
11.517896755039692	chr11	69037001	69038000	+	0	NA	Intergenic	tRNA-Ser-TCY|tRNA|tRNA	-8137	NM_011496	20877	Mm.3488	NM_011496	ENSMUSG00000020897	Aurkb	AIM-1|AIRK2|AL022959|Aik2|Aim1|Ark2|AurB|IPL1|STK-1|Stk12|Stk5	aurora kinase B	protein-coding
8.468125492334366	chr7	92740801	92741600	+	0	NA	promoter-TSS (NM_029494)	promoter-TSS (NM_029494)	259	NR_015510	666737	Mm.473620	NR_015510	ENSMUSG00000074024	4632427E13Rik	AU015482	RIKEN cDNA 4632427E13 gene	ncRNA
6.112695551166932	chr2	167421201	167422400	+	0	NA	promoter-TSS (NM_001304542)	promoter-TSS (NM_001304542)	90	NM_001304542	77031	Mm.278924	NM_148929	ENSMUSG00000039463	Slc9a8	1200006P13Rik|6430709P13Rik|AI182282|NHE-8|NHE8	solute carrier family 9 (sodium/hydrogen exchanger), member 8	protein-coding
0.7528376206755638-4	chr2	76421401	76421800	+	0	NA	intron (NM_145525, intron 1 of 26)	B3|SINE|B2	15092	NM_145525	99031	Mm.240435	NM_145525	ENSMUSG00000042359	Osbpl6	1110062M20Rik|AI596402|ORP-6|mKIAA4128	oxysterol binding protein-like 6	protein-coding
2.0438522229047025	chr7	98489401	98493400	+	0	NA	Intergenic	Intergenic	-2822	NM_001113379	434215	Mm.323057	NM_001113379	ENSMUSG00000090958	Lrrc32	AI426318|D11S833Eh|D7H11S833E|EG434215|Garp	leucine rich repeat containing 32	protein-coding
1.2953999321907759	chr1	69674001	69674800	+	0	NA	intron (NM_011770, intron 3 of 7)	intron (NM_011770, intron 3 of 7)	11560	NM_011770	22779	Mm.106343	NM_011770	ENSMUSG00000025997	Ikzf2	A730095J18Rik|Helios|Zfpn1a2|Znfn1a2	IKAROS family zinc finger 2	protein-coding
1.3665589275618186	chr13	117024001	117025800	+	0	NA	intron (NM_001081009, intron 2 of 26)	CpG	631	NM_001081009	52552	Mm.274466	NM_027272	ENSMUSG00000021725	Parp8	2810430O08Rik|ARTD16|D13Ertd275e	poly (ADP-ribose) polymerase family, member 8	protein-coding
4.319730494916439	chr4	132274001	132275000	+	0	NA	intron (NM_025579, intron 1 of 5)	intron (NM_025579, intron 1 of 5)	125	NM_025579	66464	Mm.331926	NM_025579	ENSMUSG00000028899	Taf12	20kDa|2810422D08Rik|AW557038|Taf2J	TATA-box binding protein associated factor 12	protein-coding
3.5915547432377934	chr4	121015801	121017400	+	0	NA	intron (NM_133716, intron 1 of 9)	intron (NM_133716, intron 1 of 9)	647	NM_133716	69780	Mm.271819	NM_133716	ENSMUSG00000032870	Smap2	1810031K02Rik|AA408614|Smap1l	small ArfGAP 2	protein-coding
0.7528376206755638	chr18	82826001	82826400	+	0	NA	Intergenic	Intergenic	-29697	NR_125720	73985	Mm.399211	NR_125720	ENSMUSG00000097738	4930445N18Rik	3010027C24Rik	RIKEN cDNA 4930445N18 gene	ncRNA
1.4463383214814323	chr12	80790401	80791800	+	0	NA	intron (NM_178682, intron 1 of 5)	CpG	568	NM_001242419	217684	Mm.341776	NM_178682	ENSMUSG00000021133	Susd6	4933426M11Rik|mKIAA0247	sushi domain containing 6	protein-coding
4.065099488427029	chr2	75658401	75660200	+	0	NA	promoter-TSS (NR_033513)	promoter-TSS (NR_033513)	10	NR_033513	627828	Mm.459502	NR_033513	ENSMUSG00000092086	Gm6793	EG627828	heterogeneous nuclear ribonucleoprotein A3 pseudogene	pseudo
0.23883124440908432	chr6	37456201	37456400	+	0	NA	Intergenic	Intergenic	-14152	NM_178661	208647	Mm.169929	NM_178661	ENSMUSG00000038648	Creb3l2	BBF2H7|C530025K05Rik|SCIRR69	cAMP responsive element binding protein 3-like 2	protein-coding
4.8527741233507795	chr10	81649001	81649600	+	0	NA	intron (NM_001142963, intron 1 of 3)	CpG	231	NM_001142963	100233208	Mm.327168	NM_001142963	ENSMUSG00000096856	Gm10778	-	predicted gene 10778	protein-coding
0.835167652794293	chr18	80712401	80713800	+	0	NA	promoter-TSS (NM_001164109)	promoter-TSS (NM_001164109)	-29	NM_001164110	18018	Mm.329560	NM_016791	ENSMUSG00000033016	Nfatc1	2210017P03Rik|AI449492|AV076380|NF-ATc|NFAT2|NFATc|Nfatcb	nuclear factor of activated T cells, cytoplasmic, calcineurin dependent 1	protein-coding
1.5056752748787403	chr11	97699801	97700600	+	0	NA	promoter-TSS (NM_001163307)	promoter-TSS (NM_001163307)	297	NM_009545	22658	Mm.2418	NM_009545	ENSMUSG00000018537	Pcgf2	Mel18|Rnf110|Zfp144|mel-18	polycomb group ring finger 2	protein-coding
0.8549466356635094	chr15	86361801	86362400	+	0	NA	intron (NM_001358062, intron 6 of 9)	B1_Mus1|SINE|Alu	84425	NM_001358062	223754	Mm.28904	NM_145476	ENSMUSG00000051864	Tbc1d22a	BC023106|D15Ertd781e	TBC1 domain family, member 22a	protein-coding
3.1608796656131743	chr12	86879601	86880600	+	0	NA	TTS (NM_145836)	TTS (NM_145836)	4714	NM_145836	238330	Mm.248358	NM_145836	ENSMUSG00000034168	Irf2bpl	6430527G18Rik|Eap1	interferon regulatory factor 2 binding protein-like	protein-coding
2.1027533914893866	chr11	119203001	119203800	+	0	NA	intron (NM_001347625, intron 3 of 11)	intron (NM_001347625, intron 3 of 11)	25099	NM_001347625	207592	Mm.205263	NM_172443	ENSMUSG00000039976	Tbc1d16	B930087K01|BC026530|Tcd1d16	TBC1 domain family, member 16	protein-coding
8.66230571269989	chr13	93771601	93772600	+	0	NA	intron (NM_009712, intron 1 of 7)	CpG	421	NM_009712	11881	Mm.300178	NM_009712	ENSMUSG00000042082	Arsb	1110007C02Rik|AI480648|As-1|As-1r|As-1s|As-1t|As1|As1-r|As1-s|As1-t|Asr-1|Ast-1	arylsulfatase B	protein-coding
0.9241730831563473	chr7	29316801	29317200	+	0	NA	3' UTR (NM_013874, exon 12 of 12)	3' UTR (NM_013874, exon 12 of 12)	8999	NM_001368371	29861	Mm.101885	NM_013874	ENSMUSG00000030584	Dpf1	Neud4	D4, zinc and double PHD fingers family 1	protein-coding
1.3250288034286741	chrX	31157401	31173400	+	0	NA	Intergenic	ORR1A4-int|LTR|ERVL-MaLR	-170969	NM_001085551	668958	Mm.443264	NM_001085551	ENSMUSG00000094558	Btbd35f11	Gm14346	BTB domain containing 35, family member 11	protein-coding
3.115190217271447	chr8	22706001	22706800	+	0	NA	intron (NM_001159774, intron 1 of 21)	CpG	183	NM_010546	16150	Mm.277886	NM_010546	ENSMUSG00000031537	Ikbkb	AI132552|IKK-2|IKK-beta|IKK2|IKK[b]|IKKbeta	inhibitor of kappaB kinase beta	protein-coding
2.367544586956501	chr4	109657001	109658000	+	0	NA	Intergenic	CpG	7872	NM_007671	12580	Mm.1912	NM_007671	ENSMUSG00000028551	Cdkn2c	C77269|INK4c|p18|p18-INK4c|p18-INK6|p18INK4c	cyclin dependent kinase inhibitor 2C	protein-coding
2.437636360526085	chr10	21295801	21296600	+	0	NA	intron (NM_001042593, intron 1 of 17)	CpG	221	NM_019702	56422	Mm.25527	NM_019702	ENSMUSG00000019977	Hbs1l	2810035F15Rik|AI326327|eRFS	Hbs1-like (S. cerevisiae)	protein-coding
0.5018917496005694	chr7	3421401	3422000	+	0	NA	TTS (NR_126426)	TTS (NR_126426)	1745	NR_126426	70230	Mm.458356	NR_126426	ENSMUSG00000107585	3300002P13Rik	-	RIKEN cDNA 3300002P13 gene	ncRNA
3.364405393600464	chr4	32206401	32206600	+	0	NA	Intergenic	(TG)n|Simple_repeat|Simple_repeat	-210935	NM_001109661	12014	Mm.491223	NM_007521	ENSMUSG00000040270	Bach2	E030004N02Rik	BTB and CNC homology, basic leucine zipper transcription factor 2	protein-coding
1.1069006215974082	chr17	62879801	62884000	+	0	NA	promoter-TSS (NM_010109)	promoter-TSS (NM_010109)	-583	NM_207654	13640	Mm.7978	NM_010109	ENSMUSG00000048915	Efna5	AL-1|AV158822|EFL-5|Ephrin-A5|Epl7|LERK-7|RAGS	ephrin A5	protein-coding
56.61339092254639	chr11	3104201	3104400	+	0	NA	Intergenic	GSAT_MM|Satellite|Satellite	-19702	NR_003517	236604	Mm.247625	NM_001004146		Pisd-ps1	-	phosphatidylserine decarboxylase, pseudogene 1	pseudo
1.2668440118432045	chr13	68581801	68582800	+	0	NA	promoter-TSS (NR_131892)	promoter-TSS (NR_131892)	90	NR_138477	69577	Mm.23670	NM_027123	ENSMUSG00000021532	Fastkd3	2310010B21Rik|AW048587	FAST kinase domains 3	protein-coding
5.4349011128794125	chr3	22075801	22077800	+	0	NA	5' UTR (NM_030732, exon 1 of 16)	5' UTR (NM_030732, exon 1 of 16)	148	NM_030732	81004	Mm.202966	NM_030732	ENSMUSG00000027630	Tbl1xr1	8030499H02Rik|A630076E03Rik|AW539987|C21|C230089I12Rik|DC42|Ira1|TBLR1	transducin (beta)-like 1X-linked receptor 1	protein-coding
4.495929906276448	chr11	48816201	48818000	+	0	NA	5' UTR (NM_145377, exon 1 of 6)	5' UTR (NM_145377, exon 1 of 6)	291	NM_145377	211007	Mm.794	NM_145377	ENSMUSG00000040365	Trim41	AW552703|BC020156|R75223|RINCK	tripartite motif-containing 41	protein-coding
1.1292564570903778	chr8	71558401	71559200	+	0	NA	promoter-TSS (NM_001100462)	promoter-TSS (NM_001100462)	71	NM_001100462	434325	Mm.33613	NM_001100462	ENSMUSG00000043664	Tmem221	-	transmembrane protein 221	protein-coding
3.6586178143819175	chr9	60940001	60940600	+	0	NA	Intergenic	Intergenic	-76769	NR_040767	330956	Mm.207985	NR_040767	ENSMUSG00000111290	Gm5122	A430102L10	predicted gene 5122	ncRNA
6.678374505468777	chr16	24392801	24394200	+	0	NA	non-coding (NR_037954, exon 1 of 2)	non-coding (NR_037954, exon 1 of 2)	150	NM_178665	210126	Mm.209385	NM_178665	ENSMUSG00000033306	Lpp	9430020K16Rik|AA959454|AU024130|B130055L10Rik|C79715|D630048H16	LIM domain containing preferred translocation partner in lipoma	protein-coding
3.4533638454039797	chr10	128091401	128093800	+	0	NA	promoter-TSS (NM_054078)	promoter-TSS (NM_054078)	-183	NM_054078	116848	Mm.252213	NM_054078	ENSMUSG00000040054	Baz2a	AA415431|C030005G16Rik|C78388|Tip5|Walp3|mKIAA0314	bromodomain adjacent to zinc finger domain, 2A	protein-coding
6.53774595707655	chr15	76331001	76332000	+	0	NA	TTS (NM_175399)	TTS (NM_175399)	206	NM_010331	14731	Mm.5903	NM_010331	ENSMUSG00000022561	Gpaa1	C80044|mGAA1	GPI anchor attachment protein 1	protein-coding
4.115017927650895	chr5	33651401	33652800	+	0	NA	intron (NM_001289725, intron 1 of 6)	CpG-10980	474	NM_001289724	20492	Mm.4172	NM_009193	ENSMUSG00000004642	Slbp	-	stem-loop binding protein	protein-coding
6.637432020902634	chr8	94434001	94435000	+	0	NA	intron (NR_015514, intron 1 of 2)	intron (NR_015514, intron 1 of 2)	603	NR_015514	320377	Mm.486022	NR_015514		9330175E14Rik	A630085K21	RIKEN cDNA 9330175E14 gene	ncRNA
0.0-30	chr16	94370401	94371000	+	0	NA	promoter-TSS (NM_001159620)	promoter-TSS (NM_001159620)	10	NM_001159616	56176	Mm.474449	NM_019543	ENSMUSG00000022940	Pigp	Dcrc|Dscr5	phosphatidylinositol glycan anchor biosynthesis, class P	protein-coding
4.932384610176086	chr6	87837801	87838000	+	0	NA	intron (NM_133934, intron 1 of 10)	intron (NM_133934, intron 1 of 10)	859	NM_133934	57905	Mm.241546	NM_133934	ENSMUSG00000030056	Isy1	5830446M03Rik|AI181014|AU020769	ISY1 splicing factor homolog	protein-coding
0.8099494390189648	chr11	82947601	82947800	+	0	NA	intron (NR_045932, intron 1 of 2)	intron (NR_045932, intron 1 of 2)	-4402	NM_183201	327978	Mm.42147	NM_183201	ENSMUSG00000054404	Slfn5	AI956840	schlafen 5	protein-coding
1.1110844910144806-3	chr13	41367401	41367600	+	0	NA	intron (NM_001111324, intron 2 of 7)	intron (NM_001111324, intron 2 of 7)	-8499	NM_017464	18003	Mm.288980	NM_017464	ENSMUSG00000021365	Nedd9	Cas-L|CasL|HEF1|MEF1|Nedd-9|p105	neural precursor cell expressed, developmentally down-regulated gene 9	protein-coding
15.479024750989216	chr1	88211401	88223600	+	0	NA	intron (NM_201642, intron 4 of 4)	intron (NM_201642, intron 4 of 4)	5541	NM_201645	394436	Mm.300095	NM_201645	ENSMUSG00000089960	Ugt1a1	Gnt1|UDPGT 1-1|UGT1A01|Udpgt-1a|UgtBr1	UDP glucuronosyltransferase 1 family, polypeptide A1	protein-coding
4.807776905596256	chr9	123931401	123931600	+	0	NA	Intergenic	(GAA)n|Simple_repeat|Simple_repeat	37192	NM_009912	12768	Mm.274927	NM_009912	ENSMUSG00000025804	Ccr1	Cmkbr1|Mip-1a-R	chemokine (C-C motif) receptor 1	protein-coding
6.35291137099266	chr2	155517601	155518600	+	0	NA	promoter-TSS (NM_019811)	promoter-TSS (NM_019811)	57	NM_019811	60525	Mm.255026	NM_019811	ENSMUSG00000027605	Acss2	1110017C11Rik|ACAS|ACS|Acas1|Acas2|AceCS1|Acs1|aceCS	acyl-CoA synthetase short-chain family member 2	protein-coding
1.2772279679775238	chr14	14685801	14686000	+	0	NA	Intergenic	RLTR51A_Mm|LTR|ERVK?	-17125	NM_001360505	218756	Mm.258893	NM_001033270	ENSMUSG00000021733	Slc4a7	E430014N10Rik|NBC3|NBCn1|NBCn1-G|Tg(Thy1-SNCA)12Mjff	solute carrier family 4, sodium bicarbonate cotransporter, member 7	protein-coding
6.064237006008625	chr5	31452201	31453000	+	0	NA	intron (NM_001360001, intron 1 of 12)	intron (NM_001360001, intron 1 of 12)	164	NM_001360001	269639	Mm.259127	NM_172993	ENSMUSG00000062761	Zfp512	2500002M11Rik|AI450173|D230008H22|Znf512	zinc finger protein 512	protein-coding
0.6264993598063787	chr7	18857801	18858400	+	0	NA	intron (NM_153760, intron 3 of 4)	intron (NM_153760, intron 3 of 4)	18134	NM_153760	243864	Mm.233503	NM_153760	ENSMUSG00000040987	Mill2	Micb	MHC I like leukocyte 2	protein-coding
0.0-31	chr16	94370401	94371000	+	0	NA	promoter-TSS (NM_001159620)	promoter-TSS (NM_001159620)	10	NM_001159616	56176	Mm.474449	NM_019543	ENSMUSG00000022940	Pigp	Dcrc|Dscr5	phosphatidylinositol glycan anchor biosynthesis, class P	protein-coding
8.030268186082443	chr10	128548201	128549400	+	0	NA	intron (NM_018860, intron 2 of 3)	intron (NM_018860, intron 2 of 3)	368	NM_018860	67945	Mm.290786	NM_018860	ENSMUSG00000093674	Rpl41	1810055P16Rik|2210411K19Rik	ribosomal protein L41	protein-coding
2.3603170311611437	chr9	115309001	115311000	+	0	NA	exon (NM_024222, exon 1 of 16)	exon (NM_024222, exon 1 of 16)	468	NM_024222	68292	Mm.296158	NM_024222	ENSMUSG00000032437	Stt3b	1300006C19Rik|Simp	STT3, subunit of the oligosaccharyltransferase complex, homolog B (S. cerevisiae)	protein-coding
1.4952913112938404	chr2	60880601	60881600	+	0	NA	intron (NM_020296, intron 1 of 13)	CpG	338	NM_001141931	56878	Mm.259667	NM_020296	ENSMUSG00000026970	Rbms1	2600014B10Rik|AI255215|MSSP-1|MSSP-2|MSSP-3|YC1	RNA binding motif, single stranded interacting protein 1	protein-coding
1.9791841715574265	chr5	108461001	108462000	+	0	NA	intron (NM_172716, intron 1 of 10)	CpG	168	NM_172716	69587	Mm.261218	NM_172716	ENSMUSG00000033623	Pcgf3	2310035N15Rik|AI662857|D630042K08Rik|DONG1|E430039C14|RNF3A|Rnf3	polycomb group ring finger 3	protein-coding
2.942816349864006	chr5	121660201	121661200	+	0	NA	promoter-TSS (NM_028037)	promoter-TSS (NM_028037)	137	NM_001289543	72399	Mm.153372	NM_028227	ENSMUSG00000029458	Brap	3010002G07Rik|BRAP2|IMP	BRCA1 associated protein	protein-coding
8.1410305025056	chr10	77515401	77516200	+	0	NA	promoter-TSS (NM_133998)	promoter-TSS (NM_133998)	13	NM_133998	108707	Mm.259547	NM_133998	ENSMUSG00000032977	Fam207a	1810008A18Rik|AI303072	family with sequence similarity 207, member A	protein-coding
3.786686779310306	chr2	130664201	130664800	+	0	NA	exon (NM_029832, exon 1 of 9)	exon (NM_029832, exon 1 of 9)	145	NM_029832	77006	Mm.440063	NM_029832	ENSMUSG00000068290	Ddrgk1	1110001I20Rik|2600009E05Rik|AI326138|Ufbp1	DDRGK domain containing 1	protein-coding
0.0-17	chr6	31748601	31748800	+	0	NA	Intergenic	Intergenic	-82569	NR_152155	434003	Mm.332979	NR_152155	ENSMUSG00000084973	Gm13848	-	predicted gene 13848	ncRNA
0.0-10	chr2	130365401	130365800	+	0	NA	exon (NM_001110513, exon 15 of 17)	exon (NM_001110513, exon 15 of 17)	32029	NM_019696	56264	Mm.112701	NM_019696	ENSMUSG00000027408	Cpxm1	AA986902|Cpx-1|Cpx1|Cpxm	carboxypeptidase X 1 (M14 family)	protein-coding
2.0174565421683446	chr13	98925401	98926800	+	0	NA	intron (NM_178716, intron 1 of 23)	CpG	284	NM_178716	238799	Mm.173286	NM_178716	ENSMUSG00000009470	Tnpo1	AU021749|D13Ertd688e|IPO2|Kpnb2|MIP|MIP1|TRN	transportin 1	protein-coding
5.390589615433278	chr4	40268001	40270200	+	0	NA	promoter-TSS (NM_001349093)	promoter-TSS (NM_001349093)	-479	NM_001349093	100504309	Mm.392019	NM_001349093		Smim27	2010003O02Rik|Toporsos	small integral membrane protein 27	protein-coding
2.0075670393804708	chr1	184562201	184563400	+	0	NA	Intergenic	Intergenic	-5109	NR_040472	73590	Mm.82792	NR_040472	ENSMUSG00000101574	1700112H15Rik	-	RIKEN cDNA 1700112H15 gene	ncRNA
3.3055629953742027	chr11	51763401	51764000	+	0	NA	promoter-TSS (NM_025535)	promoter-TSS (NM_025535)	37	NM_025535	66397	Mm.196592	NM_025535	ENSMUSG00000020386	Sar1b	2310075M17Rik|2900019I22Rik|CMRD|Sara1b|Sara2|Sarb	secretion associated Ras related GTPase 1B	protein-coding
0.9666985376356068	chr6	71356201	71358400	+	0	NA	Intergenic	Intergenic	-16127	NM_001081110	12525	Mm.1858	NM_009857	ENSMUSG00000053977	Cd8a	BB154331|Ly-2|Ly-35|Ly-B|Lyt-2	CD8 antigen, alpha chain	protein-coding
2.439753356640101	chr7	63936201	63940000	+	0	NA	exon (NM_021366, exon 1 of 2)	exon (NM_021366, exon 1 of 2)	815	NM_021366	50794	Mm.240473	NM_021366	ENSMUSG00000052040	Klf13	0610043C13Rik|9430029L20Rik|Bteb3|FKLF-2|FKLF2|NSLP1|RFLAT-1|RFLAT1	Kruppel-like factor 13	protein-coding
2.9828528524698994	chr4	62774601	62777200	+	0	NA	Intergenic	Intergenic	101926	NM_001310706	50780	Mm.286753	NM_019492	ENSMUSG00000059810	Rgs3	4930506N09Rik|C2PA-RGS3|C2pa|PDZ-RGS3|RGS3S	regulator of G-protein signaling 3	protein-coding
10.176288187503815	chr19	53185601	53185800	+	0	NA	intron (NM_013758, intron 1 of 15)	intron (NM_013758, intron 1 of 15)	41703	NM_013758	27360	Mm.426080	NM_013758	ENSMUSG00000025026	Add3	AI463285|R75380	adducin 3 (gamma)	protein-coding
0.6957258090376854	chr11	21370401	21371400	+	0	NA	promoter-TSS (NM_139297)	promoter-TSS (NM_139297)	-271	NM_139297	216558	Mm.28877	NM_139297	ENSMUSG00000001891	Ugp2	UDPGP|UGPase	UDP-glucose pyrophosphorylase 2	protein-coding
1.1733882874250412	chr10	67316601	67316800	+	0	NA	Intergenic	B1F|SINE|Alu	-31419	NM_001036293	641340	Mm.136223	NM_001036293	ENSMUSG00000075000	Nrbf2	NRBF-2	nuclear receptor binding factor 2	protein-coding
4.465105944871903	chr11	96777001	96778000	+	0	NA	promoter-TSS (NM_028965)	promoter-TSS (NM_028965)	55	NM_001163389	74479	Mm.270781	NM_028965	ENSMUSG00000020876	Snx11	4933439F10Rik|A930041K09Rik|AI117694	sorting nexin 11	protein-coding
3.11857092771991	chr1	128590401	128592800	+	0	NA	intron (NM_001356509, intron 1 of 1)	CpG	699	NM_009911	12767	Mm.1401	NM_009911	ENSMUSG00000045382	Cxcr4	CD184|CXC-R4|CXCR-4|Cmkar4|LESTR|PB-CKR|PBSF/SDF-1|Sdf1r|b2b220Clo	chemokine (C-X-C motif) receptor 4	protein-coding
12.7224370457232	chr3	142530001	142531000	+	0	NA	intron (NM_001083312, intron 1 of 10)	intron (NM_001083312, intron 1 of 10)	164	NM_145545	229900	Mm.45740	NM_145545	ENSMUSG00000040253	Gbp7	9830147J24Rik	guanylate binding protein 7	protein-coding
3.7641882114112377	chr7	35579801	35580200	+	0	NA	3' UTR (NM_145840, exon 1 of 1)	3' UTR (NM_145840, exon 1 of 1)	5582	NM_145840	243923	Mm.222680	NM_145840	ENSMUSG00000056043	Rgs9bp	R9AP|Rgs9-1bp	regulator of G-protein signalling 9 binding protein	protein-coding
2.230891087032627	chr10	80797601	80799400	+	0	NA	promoter-TSS (NM_013651)	promoter-TSS (NM_013651)	126	NM_023900	78670	Mm.41479	NM_023900	ENSMUSG00000035278	Plekhj1	9530063M10Rik	pleckstrin homology domain containing, family J member 1	protein-coding
0.7164937369525433	chr13	70744201	70745200	+	0	NA	intron (NR_137640, intron 18 of 22)	Tigger13a|DNA|TcMar-Tigger	97111	NR_137640	271127	Mm.115970	NM_172053	ENSMUSG00000049538	Adamts16	-	a disintegrin-like and metallopeptidase (reprolysin type) with thrombospondin type 1 motif, 16	protein-coding
6.0372387111186985	chr14	65837001	65838000	+	0	NA	intron (NM_145944, intron 1 of 8)	CpG	198	NM_145944	67179	Mm.214576	NM_145944	ENSMUSG00000022035	Ccdc25	2610528H13Rik|NSrp70	coiled-coil domain containing 25	protein-coding
0.5653057009928012	chr17	18720801	18724600	+	0	NA	Intergenic	ERVB4_1-I_MM-int|LTR|ERVK	140973	NM_001104547	433070	Mm.215962	NM_001104547	ENSMUSG00000091679	Vmn2r96	EG433070	vomeronasal 2, receptor 96	protein-coding
6.905338350683451	chr7	128523401	128524400	+	0	NA	exon (NM_013863, exon 1 of 4)	exon (NM_013863, exon 1 of 4)	317	NM_013863	29810	Mm.84073	NM_013863	ENSMUSG00000030847	Bag3	AA407278|Bis|mg638	BCL2-associated athanogene 3	protein-coding
3.5028583767513433	chr8	121578001	121579200	+	0	NA	exon (NM_133765, exon 1 of 9)	exon (NM_133765, exon 1 of 9)	206	NM_133765	76454	Mm.24829	NM_133765	ENSMUSG00000052934	Fbxo31	1110003O08Rik|2310046N15Rik|Fbx14|Fbxo14	F-box protein 31	protein-coding
7.211665507405996	chr2	122234401	122235200	+	0	NA	promoter-TSS (NM_146126)	promoter-TSS (NM_146126)	-39	NM_146126	20322	Mm.371580	NM_146126	ENSMUSG00000027227	Sord	SDH|Sdh-1|Sdh1|Sodh-1|XDH	sorbitol dehydrogenase	protein-coding
6.7332611706640035	chr7	24081601	24083000	+	0	NA	intron (NM_001289637, intron 1 of 3)	CpG	403	NM_001289641	210135	Mm.32254	NM_172483	ENSMUSG00000057101	Zfp180	2310040I01Rik|AI852378|D130011P11|HHZ168	zinc finger protein 180	protein-coding
1.9002660065889359	chr9	124076201	124076400	+	0	NA	Intergenic	L1_Mur2|LINE|L1	-25883	NM_009915	12772	Mm.6272	NM_009915	ENSMUSG00000049103	Ccr2	Cc-ckr-2|Ccr2a|Ccr2b|Ckr2|Ckr2a|Ckr2b|Cmkbr2|mJe-r	chemokine (C-C motif) receptor 2	protein-coding
0.3530548885464668	chr13	30153201	30153400	+	0	NA	intron (NM_153546, intron 1 of 12)	intron (NM_153546, intron 1 of 12)	16810	NM_153546	218121	Mm.89682	NM_153546	ENSMUSG00000038732	Mboat1	9130215M02Rik|BC023845|LPEAT1|Moact1|Oact1	membrane bound O-acyltransferase domain containing 1	protein-coding
0.8774452283978462	chr6	108631601	108632000	+	0	NA	intron (NR_104577, intron 1 of 6)	intron (NR_104577, intron 1 of 6)	-8633	NR_040757	75394	Mm.395061	NR_040757	ENSMUSG00000087341	0610040F04Rik	-	RIKEN cDNA 0610040F04 gene	ncRNA
2.995774559676647	chr7	27731001	27731400	+	0	NA	promoter-TSS (NM_029531)	promoter-TSS (NM_029531)	-209	NM_029531	22718	Mm.66913	NM_009560	ENSMUSG00000037640	Zfp60	6330516O17Rik|AI426106|AI449354|Mfg-3|Mfg3	zinc finger protein 60	protein-coding
6.131732821464539	chr14	8080001	8081200	+	0	NA	intron (NM_001348727, intron 1 of 5)	CpG	287	NM_001348727	109729085	Mm.210048	NM_001348727		Htd2	-	hydroxyacyl-thioester dehydratase type 2	protein-coding
1.129256441257894	chr2	118591001	118591800	+	0	NA	Intergenic	Intergenic	-6811	NM_009773	12236	Mm.29133	NM_009773	ENSMUSG00000040084	Bub1b	AU045529|BUBR1	BUB1B, mitotic checkpoint serine/threonine kinase	protein-coding
1.7548905164003372	chr6	99351801	99352000	+	0	NA	intron (NM_053202, intron 1 of 18)	intron (NM_053202, intron 1 of 18)	83445	NM_053202	108655	Mm.234965	NM_053202	ENSMUSG00000030067	Foxp1	3110052D19Rik|4932443N09Rik|AI461938|AW494214	forkhead box P1	protein-coding
0.9449410438537598	chr17	84312401	84312600	+	0	NA	intron (NM_183021, intron 28 of 37)	intron (NM_183021, intron 28 of 37)	-124553	NM_001001806	12193	Mm.259321	NM_001001806	ENSMUSG00000045817	Zfp36l2	Brf2|ERF2|Tis11d	zinc finger protein 36, C3H type-like 2	protein-coding
0.9345570579171181	chr1	74390201	74390400	+	0	NA	Intergenic	Intergenic	-1309	NM_153088	227292	Mm.165042	NM_153088	ENSMUSG00000026176	Ctdsp1	GIP|NLIIF|Nif3|SCP1	CTD (carboxy-terminal domain, RNA polymerase II, polypeptide A) small phosphatase 1	protein-coding
3.3241676036268473	chr9	57075601	57077200	+	0	NA	promoter-TSS (NM_001110350)	promoter-TSS (NM_001110350)	24	NM_001357754	20466	Mm.15755	NM_011378	ENSMUSG00000042557	Sin3a	AW553200|Sin3|mKIAA4126|mSin3A	transcriptional regulator, SIN3A (yeast)	protein-coding
4.288149119706431	chr8	71847001	71853000	+	0	NA	Intergenic	Lx5|LINE|L1	-32068	NM_145624	236193	Mm.290790	NM_145624	ENSMUSG00000056019	Zfp709	BC021921|GIOT-4|HIT-40	zinc finger protein 709	protein-coding
2.047125005828483	chr15	93274601	93276000	+	0	NA	promoter-TSS (NM_001033275)	promoter-TSS (NM_001033275)	-121	NM_001033275	223827	Mm.22819	NM_001033275	ENSMUSG00000036197	Gxylt1	Glt8d3|Gm1228|Gm87	glucoside xylosyltransferase 1	protein-coding
1.010706141591072	chr5	107437801	107438400	+	0	NA	exon (NM_001255991, exon 1 of 9)	exon (NM_001255991, exon 1 of 9)	103	NM_001255991	100503185	Mm.366650	NM_001255991	ENSMUSG00000111375	Btbd8	EG627196|Gm16115	BTB (POZ) domain containing 8	protein-coding
1.810962985348444	chr11	30138001	30140200	+	0	NA	exon (NM_009260, exon 13 of 31)	exon (NM_009260, exon 13 of 31)	59157	NM_009260	20742	Mm.123110	NM_009260	ENSMUSG00000020315	Sptbn1	9930031C03Rik|AL033301|SPTB2|Spnb-2|Spnb2|elf1|elf3|mKIAA4049	spectrin beta, non-erythrocytic 1	protein-coding
2.5327744298575343	chr6	37870401	37872400	+	0	NA	exon (NM_145076, exon 1 of 19)	exon (NM_145076, exon 1 of 19)	589	NM_145076	21848	Mm.41063	NM_145076	ENSMUSG00000029833	Trim24	A130082H20Rik|AI447469|D430004I05Rik|TIF1|TIF1-alpha|TIF1alpha|Tif1a	tripartite motif-containing 24	protein-coding
1.545727719685861	chr5	44226001	44227400	+	0	NA	promoter-TSS (NM_173764)	promoter-TSS (NM_173764)	-94	NM_173764	231225	Mm.30688	NM_173764	ENSMUSG00000046985	Tapt1	4932414K18Rik	transmembrane anterior posterior transformation 1	protein-coding
2.617319179119389	chr8	34806001	34810800	+	0	NA	intron (NM_176933, intron 1 of 3)	CpG-13950	790	NM_176933	319520	Mm.170276	NM_176933	ENSMUSG00000031530	Dusp4	2700078F24Rik|AI844617|BB104621|E130306H24Rik|MKP2	dual specificity phosphatase 4	protein-coding
1.0591646507382393-2	chr4	122815601	122815800	+	0	NA	Intergenic	B1_Mur1|SINE|Alu	-20527	NM_008917	19063	Mm.277719	NM_008917	ENSMUSG00000028657	Ppt1	9530043G02Rik|AA960502|C77813|CLN1|D4Ertd184e|INCL|PPT	palmitoyl-protein thioesterase 1	protein-coding
6.0655350452288985	chr1	171411001	171412600	+	0	NA	5' UTR (NM_009480, exon 1 of 10)	5' UTR (NM_009480, exon 1 of 10)	119	NM_009480	22278	Mm.8	NM_009480	ENSMUSG00000026641	Usf1	bHLHb11	upstream transcription factor 1	protein-coding
0.0	chr4	57307201	57307400	+	0	NA	Intergenic	Intergenic	-5463	NM_011207	545622	Mm.246552	NM_011207	ENSMUSG00000038764	Ptpn3	9530011I20Rik|PTP-H1|PTPCL	protein tyrosine phosphatase, non-receptor type 3	protein-coding
8.361689820885658	chr1	52844601	52845400	+	0	NA	promoter-TSS (NM_146108)	promoter-TSS (NM_146108)	-38	NM_146108	227095	Mm.222063	NM_146108	ENSMUSG00000041426	Hibch	2610509I15Rik|HIBYL-COA-H	3-hydroxyisobutyryl-Coenzyme A hydrolase	protein-coding
0.00259599182754755	chr11	99150401	99151200	+	0	NA	intron (NM_007719, intron 1 of 2)	intron (NM_007719, intron 1 of 2)	4277	NM_001301713	12775	Mm.2932	NM_007719	ENSMUSG00000037944	Ccr7	CC-CKR-7|CCR-7|CD197|Cdw197|Cmkbr7|EBI1|Ebi1h	chemokine (C-C motif) receptor 7	protein-coding
10.326855599880219	chr16	45953401	45953800	+	0	NA	intron (NR_152227, intron 2 of 2)	intron (NR_152227, intron 2 of 2)	7994	NR_152227	100503378	Mm.387133	NR_152226	ENSMUSG00000085826	Gm15638	Gm41457	predicted gene 15638	ncRNA
8.65763295441866	chr17	21422801	21423600	+	0	NA	promoter-TSS (NM_011760)	promoter-TSS (NM_011760)	-27	NM_011760	22712	Mm.12916	NM_011760	ENSMUSG00000023882	Zfp54	2810034D10Rik|KRAB10|Zfp-54|Zfp76|mszf83	zinc finger protein 54	protein-coding
2.59599188528955	chr19	28940201	28940600	+	0	NA	intron (NM_198651, intron 8 of 12)	intron (NM_198651, intron 8 of 12)	-23520	NM_028922	74411	Mm.441887	NM_028922	ENSMUSG00000040105	Plpp6	4932443D16Rik|Ppapdc2	phospholipid phosphatase 6	protein-coding
3.1082676152388253	chr13	94976201	94976800	+	0	NA	5' UTR (NM_172590, exon 1 of 13)	5' UTR (NM_172590, exon 1 of 13)	156	NM_172590	218460	Mm.33856	NM_172590	ENSMUSG00000042015	Wdr41	B830029I03Rik|MSTP048	WD repeat domain 41	protein-coding
2.424656381830573	chr16	36722401	36722800	+	0	NA	exon (NM_001285791, exon 6 of 7)	exon (NM_001285791, exon 6 of 7)	28622	NM_001285791	106347	Mm.17807	NM_134109	ENSMUSG00000022900	Ildr1	AU041483|AU044638	immunoglobulin-like domain containing receptor 1	protein-coding
1.5056752413511276-2	chr6	94692801	94693000	+	0	NA	intron (NM_001355269, intron 1 of 17)	intron (NM_001355269, intron 1 of 17)	7245	NM_001355269	16206	Mm.245210	NM_008377	ENSMUSG00000030029	Lrig1	D6Bwg0781e|Img|LIG-1	leucine-rich repeats and immunoglobulin-like domains 1	protein-coding
10.581262916326523	chr9	66126201	66127200	+	0	NA	promoter-TSS (NM_026635)	promoter-TSS (NM_026635)	89	NM_026635	68250	Mm.27107	NM_026635	ENSMUSG00000032381	Ciao2a	5730536A07Rik|Fam96a	cytosolic iron-sulfur assembly component 2A	protein-coding
3.0113505721092224	chr7	100699601	100700200	+	0	NA	Intergenic	Intergenic	-6735	NM_178764	319604	Mm.260362	NM_178764	ENSMUSG00000029461	Fam168a	2610030B18Rik|B930006L02Rik|mKIAA0280	family with sequence similarity 168, member A	protein-coding
2.2507249508053064	chr2	166686801	166687600	+	0	NA	intron (NM_177782, intron 1 of 39)	intron (NM_177782, intron 1 of 39)	26632	NM_177782	277360	Mm.34420	NM_177782	ENSMUSG00000039621	Prex1	G630042G04|P-REX1|Setd6	phosphatidylinositol-3,4,5-trisphosphate-dependent Rac exchange factor 1	protein-coding
16.13668552786112	chr19	61199201	61199600	+	0	NA	Intergenic	Intergenic	-23091	NM_001177513	633057	Mm.426097	NM_001177513	ENSMUSG00000094649	Gm7102	EG633057	predicted gene 7102	protein-coding
6.988410120209058	chr14	47418001	47418600	+	0	NA	5' UTR (NM_144553, exon 1 of 19)	5' UTR (NM_144553, exon 1 of 19)	107	NM_144553	218977	Mm.240543	NM_144553	ENSMUSG00000037544	Dlgap5	C77459|C86398|Dap-5|Dlg7|Hurp|mKIAA0008	DLG associated protein 5	protein-coding
3.3614386075309346	chr2	26910201	26911600	+	0	NA	promoter-TSS (NM_013721)	promoter-TSS (NM_013721)	93	NM_013721	27176	Mm.328601	NM_013721	ENSMUSG00000062647	Rpl7a	Surf3	ribosomal protein L7A	protein-coding
2.5685237303576898	chr9	120933001	120935000	+	0	NA	intron (NM_007614, intron 1 of 14)	CpG	422	NM_001165902	12387	Mm.291928	NM_007614	ENSMUSG00000006932	Ctnnb1	Bfc|Catnb|Mesc	catenin (cadherin associated protein), beta 1	protein-coding
1.5939389783889055	chr2	152012401	152012800	+	0	NA	Intergenic	MLT1E2|LTR|ERVL-MaLR	12734	NM_001164820	69698	Mm.258262	NM_027172	ENSMUSG00000027463	Slc52a3	2310046K01Rik|RFT2	solute carrier protein family 52, member 3	protein-coding
4.908649748989514	chr1	74505401	74506800	+	0	NA	promoter-TSS (NM_021383)	promoter-TSS (NM_021383)	40	NM_021383	58184	Mm.291708	NM_021383	ENSMUSG00000026174	Cnot9	2610007F23Rik|AI593551|Fl10|Rqcd1	CCR4-NOT transcription complex, subunit 9	protein-coding
8.823334298206467	chr6	125164401	125166400	+	0	NA	intron (NM_001289726, intron 1 of 6)	CpG-12474	373	NM_008084	14433	Mm.304088	NM_008084	ENSMUSG00000057666	Gapdh	Gapd	glyceraldehyde-3-phosphate dehydrogenase	protein-coding
1.5350964994480212	chr15	78772401	78773600	+	0	NA	intron (NM_008595, intron 1 of 7)	intron (NM_008595, intron 1 of 7)	445	NM_008595	17305	Mm.149235	NM_008595	ENSMUSG00000018169	Mfng	AW546563	MFNG O-fucosylpeptide 3-beta-N-acetylglucosaminyltransferase	protein-coding
4.662401411150183-2	chr9	95511201	95512600	+	0	NA	promoter-TSS (NM_001114977)	promoter-TSS (NM_001114977)	96	NM_001114977	67958	Mm.292742	NM_026476	ENSMUSG00000032407	U2surp	2610101N10Rik|AU023006|Sr140	U2 snRNP-associated SURP domain containing	protein-coding
0.3764188140630722	chr5	123523601	123524400	+	0	NA	intron (NM_023232, intron 1 of 5)	CpG	164	NM_023232	66593	Mm.46716	NM_023232	ENSMUSG00000029433	Diablo	0610041G12Rik|1700006L01Rik|AU040403|Smac	diablo, IAP-binding mitochondrial protein	protein-coding
2.5332767530655955	chr2	53190601	53192600	+	0	NA	promoter-TSS (NM_022989)	promoter-TSS (NM_022989)	-346	NM_001371019								
3.9770595133304596	chr8	104403601	104404000	+	0	NA	Intergenic	B3|SINE|B2	-7993	NM_153582	97487	Mm.29658	NM_153582	ENSMUSG00000096188	Cmtm4	Cklfsf4|D19397|Gm9853	CKLF-like MARVEL transmembrane domain containing 4	protein-coding
0.85494664311409	chr11	68953801	68954400	+	0	NA	exon (NM_177566, exon 3 of 16)	exon (NM_177566, exon 3 of 16)	2787	NM_001364772	442801	Mm.376147	NM_177566	ENSMUSG00000052921	Arhgef15	D130071N09|D530030K12Rik|E5	Rho guanine nucleotide exchange factor (GEF) 15	protein-coding
7.2295192197265195	chr19	32755801	32758600	+	0	NA	promoter-TSS (NM_008960)	promoter-TSS (NM_008960)	-377	NM_008960	19211	Mm.245395	NM_008960	ENSMUSG00000013663	Pten	2310035O07Rik|A130070J02Rik|AI463227|B430203M17Rik|MMAC1|PTENbeta|TEP1	phosphatase and tensin homolog	protein-coding
2.7603241626090513	chr8	78508201	78510400	+	0	NA	promoter-TSS (NM_001009981)	promoter-TSS (NM_001009981)	-28	NM_001282109	76775	Mm.334631	NM_029736	ENSMUSG00000031684	Slc10a7	2410193C02Rik|P7	solute carrier family 10 (sodium/bile acid cotransporter family), member 7	protein-coding
2.670756407827139	chr4	155085601	155086600	+	0	NA	promoter-TSS (NM_001356327)	promoter-TSS (NM_001356327)	253	NM_026395	67830	Mm.241604	NM_026395	ENSMUSG00000029048	Rer1	1110060F11Rik|5830454N22Rik|AU043380	retention in endoplasmic reticulum sorting receptor 1	protein-coding
4.280780092679732	chr4	146467801	146486400	+	0	NA	Intergenic	Intergenic	-24900	NM_001243138	100041433	Mm.441741	NM_001243138	ENSMUSG00000056300	Zfp981	Gm13247	zinc finger protein 981	protein-coding
1.4463383214814323-2	chr12	80790401	80791800	+	0	NA	intron (NM_178682, intron 1 of 5)	CpG	568	NM_001242419	217684	Mm.341776	NM_178682	ENSMUSG00000021133	Susd6	4933426M11Rik|mKIAA0247	sushi domain containing 6	protein-coding
4.210304042650878	chr8	25601201	25604000	+	0	NA	5' UTR (NM_001308482, exon 1 of 8)	5' UTR (NM_001308482, exon 1 of 8)	316	NM_001001735	234135	Mm.217337	NM_001001735	ENSMUSG00000054823	Nsd3	6720429E03|A530023P05|AI528490|WHISTLE|Whsc1l1	nuclear receptor binding SET domain protein 3	protein-coding
2.6006365467443135	chr1	180811801	180814400	+	0	NA	intron (NM_008210, intron 1 of 3)	CpG	505	NM_008210	15078	Mm.138832	NM_008210	ENSMUSG00000060743	H3f3a	EyeLinc14|H3.3A	H3 histone, family 3A	protein-coding
7.684135973453522	chr18	60211001	60211200	+	0	NA	promoter-TSS (NM_001033767)	promoter-TSS (NM_001033767)	-977	NM_001033767	240327	Mm.357104	NM_001033767	ENSMUSG00000073555	Gm4951	EG240327|Ifgga2	predicted gene 4951	protein-coding
0.7528376281261444-2	chr2	126605001	126605400	+	0	NA	intron (NM_008230, intron 4 of 11)	intron (NM_008230, intron 4 of 11)	13478	NM_008230	15186	Mm.18603	NM_008230	ENSMUSG00000027360	Hdc	AW108189|Hdc-a|Hdc-c|Hdc-e|Hdc-s	histidine decarboxylase	protein-coding
1.801618367433548	chr3	60503201	60503600	+	0	NA	intron (NM_001253709, intron 1 of 8)	intron (NM_001253709, intron 1 of 8)	2221	NM_001310514	56758	Mm.255723	NM_020007	ENSMUSG00000027763	Mbnl1	Mbnl|mKIAA0428	muscleblind like splicing factor 1	protein-coding
1.3060112833936757	chr10	7954601	7957200	+	0	NA	5' UTR (NM_138667, exon 1 of 7)	5' UTR (NM_138667, exon 1 of 7)	223	NM_138667	68652	Mm.193041	NM_138667	ENSMUSG00000015755	Tab2	1110030N06Rik|A530078N03Rik|Map3k7ip2|mKIAA0733	TGF-beta activated kinase 1/MAP3K7 binding protein 2	protein-coding
4.361266348510981	chr4	137715001	137715400	+	0	NA	intron (NM_029563, intron 6 of 23)	RLTR17B_Mm|LTR|ERVK	7695	NM_001331215	110351	Mm.180763	NM_029563	ENSMUSG00000041351	Rap1gap	1300019I11Rik|2310004O14Rik|AI427470|ARPP-90|Gap|Rap1GAP1|Rap1ga1	Rap1 GTPase-activating protein	protein-coding
1.775658403833707	chr10	95395001	95395600	+	0	NA	Intergenic	Intergenic	19983	NM_001168657	216233	Mm.474283	NM_007706	ENSMUSG00000020027	Socs2	8030460M17|AI527257|AW108012|CIS2|Cish2|D130043N08Rik|JAB|SOCS-2|SSI-2|hg	suppressor of cytokine signaling 2	protein-coding
0.8186027531822523	chr11	97112401	97113600	+	0	NA	intron (NM_019507, intron 1 of 5)	intron (NM_019507, intron 1 of 5)	2331	NM_019507	57765	Mm.94519	NM_019507	ENSMUSG00000001444	Tbx21	TBT1|Tbet|Tblym	T-box 21	protein-coding
2.8036711364984512	chr2	59647401	59647600	+	0	NA	intron (NM_198294, intron 2 of 26)	(TG)n|Simple_repeat|Simple_repeat	731	NM_001290659	66860	Mm.27917	NM_198294	ENSMUSG00000035168	Tanc1	1200003E16Rik|Tanc|mKIAA1728	tetratricopeptide repeat, ankyrin repeat and coiled-coil containing 1	protein-coding
2.5181120801717043	chr6	70797401	70797800	+	0	NA	Intergenic	MTEb|LTR|ERVL-MaLR	-5425	NM_009075	19895	Mm.17905	NM_009075	ENSMUSG00000053604	Rpia	RPI	ribose 5-phosphate isomerase A	protein-coding
2.689447522163391	chr7	24964001	24964200	+	0	NA	Intergenic	Intergenic	5975	NR_106013	102465633		NR_106013	ENSMUSG00000098802	Mir7046	Gm27469|mmu-mir-7046	microRNA 7046	ncRNA
5.540885017812252	chr15	35371001	35372000	+	0	NA	5' UTR (NM_177151, exon 1 of 62)	5' UTR (NM_177151, exon 1 of 62)	382	NM_177151	666173	Mm.309250	NM_177151	ENSMUSG00000037646	Vps13b	1810042B05Rik|2310042E16Rik|4732488H20|C330002D13Rik|C87206|Coh1|D230005K13	vacuolar protein sorting 13B	protein-coding
1.4641393795609474	chr14	34503801	34504200	+	0	NA	Intergenic	Intergenic	-1454	NM_009758	12166	Mm.237825	NM_009758	ENSMUSG00000021796	Bmpr1a	1110037I22Rik|ALK-3|ALK3|AU045487|BMPR-1A|BMPR-IA|Bmpr|SKR5	bone morphogenetic protein receptor, type 1A	protein-coding
0.0-35	chr6	97101801	97102000	+	0	NA	Intergenic	Intergenic	-41489	NM_177233	320701	Mm.131700	NM_177233	ENSMUSG00000046500	Tafa4	C130034I18Rik|Fam19a4|Fam19a4 Tafa-4|Tafa-4	TAFA chemokine like family member 4	protein-coding
3.7738740674695306	chr6	113696601	113698400	+	0	NA	5' UTR (NM_001347356, exon 1 of 8)	5' UTR (NM_001347356, exon 1 of 8)	450	NM_001347356	381801	Mm.333322	NM_001033463	ENSMUSG00000056952	Tatdn2	AI646012|mKIAA0218	TatD DNase domain containing 2	protein-coding
3.604720099163907	chr10	62920001	62921400	+	0	NA	promoter-TSS (NM_175194)	promoter-TSS (NM_175194)	67	NM_175194	73132	Mm.37457	NM_175194	ENSMUSG00000071253	Slc25a16	3110021G18Rik|GDA|GDC|HGT.1|ML7	solute carrier family 25 (mitochondrial carrier, Graves disease autoantigen), member 16	protein-coding
2.685294011235237	chr10	30199801	30200800	+	0	NA	intron (NM_001109747, intron 1 of 2)	CpG	240	NM_001109747	66311	Mm.251779	NM_001109747	ENSMUSG00000075266	Cenpw	2610036L11Rik|Cug2	centromere protein W	protein-coding
0.0-34	chr1	171471201	171471400	+	0	NA	Intergenic	7SK|RNA|RNA	-32178	NM_019484	56009	Mm.389208	NM_019484	ENSMUSG00000060244	Alyref2	C130042O11Rik|REF2|Refbp2	Aly/REF export factor 2	protein-coding
0.0-13	chr10	81259201	81259400	+	0	NA	intron (NM_001285854, intron 3 of 12)	intron (NM_001285854, intron 3 of 12)	2001	NM_001285853	17179	Mm.2918	NM_010768	ENSMUSG00000004933	Matk	CHK|HYL|Ntk|p56ntk	megakaryocyte-associated tyrosine kinase	protein-coding
4.234062726609409	chr1	53352601	53353400	+	0	NA	promoter-TSS (NM_133728)	promoter-TSS (NM_133728)	-248	NM_001353501	110599589	Mm.285783	NM_001353501		Asdurf	ASNSD1-SEP|Asnsd1	Asnsd1 upstream reading frame	protein-coding
5.35812720656395	chr11	106749001	106749200	+	0	NA	Intergenic	B2_Mm1t|SINE|B2	-2126	NR_073165	380732	Mm.343952	NM_001033435	ENSMUSG00000040528	Milr1	Allergin-1|Gm885|Mca32	mast cell immunoglobulin like receptor 1	protein-coding
7.151092297087113	chr13	8995401	8996600	+	0	NA	promoter-TSS (NM_027000)	promoter-TSS (NM_027000)	12	NM_027000	69237	Mm.41800	NM_027000	ENSMUSG00000021149	Gtpbp4	2610028C09Rik|Crfg|Gtpbp3|NGB|Nog1	GTP binding protein 4	protein-coding
3.949368938803673	chr4	46195801	46196400	+	0	NA	exon (NM_011728, exon 1 of 6)	exon (NM_011728, exon 1 of 6)	211	NM_011728	22590	Mm.247036	NM_011728	ENSMUSG00000028329	Xpa	AI573865|Xpac	xeroderma pigmentosum, complementation group A	protein-coding
2.50945878153046	chr14	21848201	21848800	+	0	NA	5' UTR (NM_176925, exon 1 of 3)	5' UTR (NM_176925, exon 1 of 3)	410	NM_026965	69156	Mm.11827	NM_026965	ENSMUSG00000021773	Comtd1	1810030M08Rik|MT773	catechol-O-methyltransferase domain containing 1	protein-coding
6.436329171682398	chr2	71366801	71368000	+	0	NA	intron (NM_172436, intron 1 of 17)	intron (NM_172436, intron 1 of 17)	355	NM_172436	78830	Mm.30928	NM_172436	ENSMUSG00000027010	Slc25a12	2610002D09Rik|AI839531|B230107K20Rik|BB129864	solute carrier family 25 (mitochondrial carrier, Aralar), member 12	protein-coding
0.6334220051765442	chr11	45944201	45945200	+	0	NA	TTS (NM_001290737)	TTS (NM_001290737)	235	NM_028185	72290	Mm.249827	NM_028185	ENSMUSG00000044847	Lsm11	2210404M20Rik|AV079530	U7 snRNP-specific Sm-like protein LSM11	protein-coding
1.4766001790761947	chr6	71342401	71343400	+	0	NA	Intergenic	Intergenic	20112	NM_009858	12526	Mm.333148	NM_009858	ENSMUSG00000053044	Cd8b1	Cd8b|Ly-3|Ly-C|Lyt-3	CD8 antigen, beta chain 1	protein-coding
4.541687752585858	chr7	28168801	28170400	+	0	NA	promoter-TSS (NM_007991)	promoter-TSS (NM_007991)	-148	NM_007991	14113	Mm.4595	NM_007991	ENSMUSG00000046865	Fbl	AL022665|FIB|FLRN|RNU3IP1	fibrillarin	protein-coding
0.0-42	chr12	17723601	17724000	+	0	NA	intron (NM_016677, intron 1 of 3)	intron (NM_016677, intron 1 of 3)	32991	NM_001361645	53602	Mm.313619	NM_016677	ENSMUSG00000071379	Hpcal1	NVL-3|NVP-3|Nvp3|VILIP3|Vnsl3|Vsnl3	hippocalcin-like 1	protein-coding
1.6354748532176018	chr11	34106601	34107000	+	0	NA	Intergenic	IMPB_01|Satellite|Satellite	-8246	NR_155520	76874	Mm.437529	NR_155520		4930469K13Rik	-	RIKEN cDNA 4930469K13 gene	ncRNA
7.061793914888581	chr12	25094401	25096800	+	0	NA	intron (NM_010496, intron 1 of 2)	intron (NM_010496, intron 1 of 2)	492	NM_010496	15902	Mm.34871	NM_010496	ENSMUSG00000020644	Id2	AI255428|C78922|Idb2|bHLHb26	inhibitor of DNA binding 2	protein-coding
4.485873907804489	chr7	106644001	106644200	+	0	NA	intron (NM_001277182, intron 1 of 3)	L1_Mus3|LINE|L1	545	NM_001277180	434223	Mm.276443	NM_001277179		Gm1966	-	predicted gene 1966	protein-coding
3.0554823791608214	chr8	69625001	69625800	+	0	NA	promoter-TSS (NM_001045553)	promoter-TSS (NM_001045553)	148	NM_172754	234362	Mm.458487	NM_172754	ENSMUSG00000060427	Zfp868	AI449175|AW108241|C530032E20|mszf62	zinc finger protein 868	protein-coding
2.516381402810415	chrX	74023801	74024400	+	0	NA	promoter-TSS (NM_001177973)	promoter-TSS (NM_001177973)	-164	NR_030758	751533		NR_030758	ENSMUSG00000076127	Mir718	Mirn718|mir-718|mmu-mir-718	microRNA 718	ncRNA
2.1044840390483537	chr11	102924801	102925400	+	0	NA	promoter-TSS (NM_197959)	promoter-TSS (NM_197959)	24	NM_197959	70218	Mm.32084	NM_197959	ENSMUSG00000051378	Kif18b	3000004C01Rik	kinesin family member 18B	protein-coding
1.4762540142983198	chr6	72221001	72222200	+	0	NA	intron (NM_153778, intron 2 of 2)	intron (NM_153778, intron 2 of 2)	13977	NM_153778	71093	Mm.87449	NM_153778	ENSMUSG00000037621	Atoh8	4933425C05Rik|Hath6|Math6|bHLHa21|okadin	atonal bHLH transcription factor 8	protein-coding
0.6022701002657413	chr2	174294401	174295200	+	0	NA	intron (NR_002846, intron 1 of 4)	intron (NR_002846, intron 1 of 4)	636	NR_002846	56802	Mm.125770	NR_002846	ENSMUSG00000086537	Gnasas1	Gnas-as|Nespas|Nespos	GNAS antisense RNA 1	ncRNA
4.60529586000364	chr15	102246001	102247800	+	0	NA	promoter-TSS (NM_001042727)	promoter-TSS (NM_001042727)	-400	NM_001042727	19411	Mm.1273	NM_011244	ENSMUSG00000001288	Rarg	Nr1b3|RAR-gamma|RARD|RARgamma2	retinoic acid receptor, gamma	protein-coding
5.546206156893923	chr4	129334601	129336600	+	0	NA	promoter-TSS (NM_009030)	promoter-TSS (NM_009030)	-230	NM_009030	19646	Mm.12145	NM_009030	ENSMUSG00000057236	Rbbp4	RBAP48|mRbAp48	retinoblastoma binding protein 4, chromatin remodeling factor	protein-coding
12.486720880493522	chr6	132463401	132464200	+	0	NA	Intergenic	(GAATG)n|Simple_repeat|Simple_repeat	-99665	NM_053251	114600	Mm.428480	NM_053251		Gm4736	EG114600|Mp4|Mp6	predicted gene 4736	protein-coding
2.882703961269818	chr12	31073601	31075400	+	0	NA	exon (NM_027828, exon 1 of 2)	exon (NM_027828, exon 1 of 2)	532	NM_027828	104943	Mm.248938	NM_027828	ENSMUSG00000036136	Fam110c	9030611O19Rik|AU019489	family with sequence similarity 110, member C	protein-coding
2.4194643877446653	chr6	83316801	83317800	+	0	NA	intron (NM_008638, intron 1 of 7)	CpG	304	NM_008638	17768	Mm.443	NM_008638	ENSMUSG00000005667	Mthfd2	AW558851|NMDMC	methylenetetrahydrofolate dehydrogenase (NAD+ dependent), methenyltetrahydrofolate cyclohydrolase	protein-coding
6.975430153310299	chr17	47501601	47502400	+	0	NA	intron (NM_001356290, intron 1 of 7)	intron (NM_001356290, intron 1 of 7)	291	NM_022015	63856	Mm.275901	NM_022015	ENSMUSG00000023980	Taf8	AW260255|Tbn	TATA-box binding protein associated factor 8	protein-coding
0.8618692954381307	chr7	82236601	82237200	+	0	NA	intron (NM_017400, intron 1 of 8)	intron (NM_017400, intron 1 of 8)	62104	NM_001277955	20408	Mm.736	NM_017400	ENSMUSG00000030638	Sh3gl3	EEN-B2|SH3P13|Sh3d2c|Sh3d2c2	SH3-domain GRB2-like 3	protein-coding
0.0415358692407608-2	chr7	98554001	98554200	+	0	NA	Intergenic	Intergenic	59878	NM_001113379	434215	Mm.323057	NM_001113379	ENSMUSG00000090958	Lrrc32	AI426318|D11S833Eh|D7H11S833E|EG434215|Garp	leucine rich repeat containing 32	protein-coding
7.429728728719056	chr7	34233801	34234600	+	0	NA	Intergenic	CpG	-3864	NM_008155	14751	Mm.589	NM_008155	ENSMUSG00000036427	Gpi1	Amf|Gpi|Gpi-1|Gpi-1r|Gpi-1s|Gpi-1t|Gpi1-r|Gpi1-s|Gpi1-t|Gpi1s|MF|NK|NK/GPI|Nlk|Org|Pgi|Phi	glucose phosphate isomerase 1	protein-coding
2.222169041633606	chr7	88319801	88320000	+	0	NA	Intergenic	Intergenic	41815	NM_001311790	13032	Mm.89295	NM_009982	ENSMUSG00000030560	Ctsc	AI047818|CatC|DPP1|DPPI	cathepsin C	protein-coding
3.9637087008782794	chr8	20133401	20134800	+	0	NA	Intergenic	B3A|SINE|B2	163332	NR_030708	547150	Mm.359054	NR_030708	ENSMUSG00000071796	6820431F20Rik	-	cadherin 11 pseudogene	pseudo
2.560658951889977	chr16	56028401	56030400	+	0	NA	intron (NM_001356448, intron 1 of 5)	CpG	317	NM_001356450	76302	Mm.310642	NM_001024622	ENSMUSG00000071533	Pcnp	1110018D06Rik|AI647035	PEST proteolytic signal containing nuclear protein	protein-coding
0.9760929197072983	chr1	69768001	69768200	+	0	NA	Intergenic	Intergenic	-58870	NM_029160	66722	Mm.440554	NM_025728	ENSMUSG00000053153	Spag16	4921511D23Rik|4930524F24Rik|4930585K05Rik|AV261009|Pf20|Wdr29	sperm associated antigen 16	protein-coding
2.886742942035198	chrX	103616401	103617400	+	0	NA	intron (NR_028380, intron 1 of 10)	CpG	6854	NR_028380	78878	Mm.259724	NR_028380	ENSMUSG00000086370	Ftx	B230206F22Rik|BB219131|NCRNA00182|Thcytx	Ftx transcript, Xist regulator (non-protein coding)	ncRNA
2.8516970495693386	chr18	6489601	6491200	+	0	NA	TTS (NR_035446)	TTS (NR_035446)	246	NR_035446	100316773		NR_035446	ENSMUSG00000084514	Mir1893	Mirn1893|mmu-mir-1893	microRNA 1893	ncRNA
8.385053751990199	chr9	64736601	64738200	+	0	NA	intron (NM_017382, intron 1 of 4)	CpG	356	NM_017382	53869	Mm.1387	NM_017382	ENSMUSG00000004771	Rab11a	-	RAB11A, member RAS oncogene family	protein-coding
5.050761821866035	chr13	62684401	62685400	+	0	NA	Intergenic	Intergenic	-60718	NM_173381	211378	Mm.247448	NM_173381	ENSMUSG00000072066	6720489N17Rik	9330128I06	RIKEN cDNA 6720489N17 gene	protein-coding
1.9651658423244953	chr5	123907001	123907800	+	0	NA	intron (NM_026603, intron 1 of 7)	CpG	125	NM_026603	68184	Mm.28549	NM_026603	ENSMUSG00000023106	Denr	1500003K04Rik	density-regulated protein	protein-coding
2.549263997003436	chr9	95857401	95858200	+	0	NA	promoter-TSS (NR_073361)	promoter-TSS (NR_073361)	82	NM_001271569	73410	Mm.443314	NM_028533	ENSMUSG00000096655	1700065D16Rik	-	RIKEN cDNA 1700065D16 gene	protein-coding
0.38420679047703743	chr11	103375201	103375400	+	0	NA	intron (NM_183034, intron 7 of 11)	intron (NM_183034, intron 7 of 11)	-11608	NM_001205236	544817	Mm.259113	NM_133715	ENSMUSG00000034255	Arhgap27	2310069I04Rik|5730442P18Rik|Gm21552|Sh3d20	Rho GTPase activating protein 27	protein-coding
2.1631838474284835	chr16	50528401	50530400	+	0	NA	intron (NR_040379, intron 1 of 5)	CpG	898	NR_040379	619312	Mm.427671	NR_040379	ENSMUSG00000097694	G730013B05Rik	linc-Cblb|linc1610	RIKEN cDNA G730013B05 gene	ncRNA
1.2297584105815207	chr6	29021601	29023000	+	0	NA	promoter-TSS (NR_029567)	promoter-TSS (NR_029567)	-319	NR_029567	387237		NR_029567	ENSMUSG00000065469	Mir129-1	Mirn129-1|Mirn129b|miR-129b|mir-129-1	microRNA 129-1	ncRNA
1.505675245076418-3	chr12	25394801	25395000	+	0	NA	Intergenic	(CA)n|Simple_repeat|Simple_repeat	265726	NR_045844	432641	Mm.112955	NR_045844		Gm17746	-	predicted gene, 17746	ncRNA
3.115750443941491	chr17	5401801	5405000	+	0	NA	Intergenic	Intergenic	15367	NM_175349	106557	Mm.432764	NM_175349	ENSMUSG00000101959	Ldhal6b	4933402O15Rik|AI326310|LDHL|Ldhal	lactate dehydrogenase A-like 6B	protein-coding
2.5560355315344734	chr17	10317801	10320600	+	0	NA	promoter-TSS (NR_037588)	promoter-TSS (NR_037588)	161	NM_021881	19317	Mm.130694	NM_021881	ENSMUSG00000062078	Qk	1110003F05Rik|1500005P18|QkI|l(17)-1Wis|l17Wis1	quaking	protein-coding
2.8036711513996124	chr5	122517201	122517400	+	0	NA	Intergenic	Intergenic	-15075	NM_009722	11938	Mm.227583	NM_009722	ENSMUSG00000029467	Atp2a2	9530097L16Rik|D5Wsu150e|SERCA2|SERCA2B|Serca2a|mKIAA4195	ATPase, Ca++ transporting, cardiac muscle, slow twitch 2	protein-coding
4.389705025425245	chr4	147333001	147339600	+	0	NA	Intergenic	Intergenic	-106814	NM_001371348								
1.5160592272877693	chr12	80837801	80838000	+	0	NA	intron (NM_178682, intron 2 of 5)	intron (NM_178682, intron 2 of 5)	47368	NM_001242419	217684	Mm.341776	NM_178682	ENSMUSG00000021133	Susd6	4933426M11Rik|mKIAA0247	sushi domain containing 6	protein-coding
2.398696444928646	chr17	35394601	35395400	+	0	NA	non-coding (NR_051981, exon 3 of 3)	non-coding (NR_051981, exon 3 of 3)	901	NR_051981	15016	Mm.439648	NR_051981	ENSMUSG00000055413	H2-Q5	H-2Q5|Qa-5|Qa5|Qat-5	histocompatibility 2, Q region locus 5	pseudo
2.7848377089228986	chr14	61647001	61649400	+	0	NA	intron (NR_028264, intron 1 of 6)	CpG	-16090	NR_029733	387174		NR_029733	ENSMUSG00000093007	Mir15a	Mirn15a|mir-15a|mmu-mir-15a	microRNA 15a	ncRNA
8.66022886601942-2	chr7	30231201	30232600	+	0	NA	promoter-TSS (NM_027259)	promoter-TSS (NM_027259)	-174	NM_027259	69920	Mm.440028	NM_027259	ENSMUSG00000019738	Polr2i	2810002B19Rik	polymerase (RNA) II (DNA directed) polypeptide I	protein-coding
2.3925091243644445	chr6	30047401	30049200	+	0	NA	intron (NM_001164230, intron 1 of 11)	CpG	312	NM_010938	18181	Mm.259258	NM_010938	ENSMUSG00000058440	Nrf1	C87038|D6Ertd415e	nuclear respiratory factor 1	protein-coding
4.916808560490608	chrX	38189001	38189400	+	0	NA	promoter-TSS (NM_001079513)	promoter-TSS (NM_001079513)	-593	NM_001079513	56805	Mm.391248	NM_020256	ENSMUSG00000048047	Zbtb33	AW260253|E130014G12Rik|Kaiso|Znf-kaiso	zinc finger and BTB domain containing 33	protein-coding
1.3304458213970065	chr12	8673801	8675400	+	0	NA	promoter-TSS (NM_030723)	promoter-TSS (NM_030723)	-81	NM_030723	80913	Mm.341243	NM_030723	ENSMUSG00000020594	Pum2	5730503J23Rik|Pumm2	pumilio RNA-binding family member 2	protein-coding
3.4815959754799093	chr14	14702601	14704000	+	0	NA	intron (NM_001033270, intron 1 of 24)	CpG	275	NM_001360509	218756	Mm.258893	NM_001033270	ENSMUSG00000021733	Slc4a7	E430014N10Rik|NBC3|NBCn1|NBCn1-G|Tg(Thy1-SNCA)12Mjff	solute carrier family 4, sodium bicarbonate cotransporter, member 7	protein-coding
4.597130774387291	chr13	21809601	21811000	+	0	NA	promoter-TSS (NM_001110555)	promoter-TSS (NM_001110555)	-67	NM_001177544	665433	Mm.250564	NM_001177544	ENSMUSG00000094248	Hist1h2ao	Hist1h2ap	histone cluster 1, H2ao	protein-coding
2.930963063015803	chr12	54985001	54986800	+	0	NA	intron (NM_013815, intron 1 of 26)	CpG-3178	436	NM_013815	217578	Mm.479583	NM_013815	ENSMUSG00000035021	Baz1a	Acf1|B930060C03|BC065123|Gtl5|Wcrf180|cbp146	bromodomain adjacent to zinc finger domain 1A	protein-coding
3.0315820914445926	chr4	146171001	146175400	+	0	NA	intron (NM_001177546, intron 2 of 4)	RLTR25A|LTR|ERVK	15510	NM_001177545	667666	Mm.459230	NM_001177545	ENSMUSG00000066007	Zfp600	Gm13164	zinc finger protein 600	protein-coding
4.129357693096002	chr15	36727401	36728000	+	0	NA	Intergenic	RMER17C-int|LTR|ERVK	63232	NM_001253807	22631	Mm.3360	NM_011740	ENSMUSG00000022285	Ywhaz	1110013I11Rik|14-3-3zeta|AI596267|AL022924|AU020854	tyrosine 3-monooxygenase/tryptophan 5-monooxygenase activation protein, zeta polypeptide	protein-coding
5.501772101968527	chr8	20410001	20411200	+	0	NA	non-coding (NR_028428, exon 2 of 6)	non-coding (NR_028428, exon 2 of 6)	14214	NR_028428	381598	Mm.359054	NM_001024708	ENSMUSG00000071793	2610005L07Rik	2810038F24Rik|6720476A01Rik	cadherin 11 pseudogene	pseudo
1.3200618564151227	chr12	4592601	4594200	+	0	NA	intron (NM_011365, intron 1 of 38)	CpG	392	NM_001198969	20403	Mm.341204	NM_011365	ENSMUSG00000020640	Itsn2	AI327390|Ese2|Sh3d1B|Sh3p18|mKIAA1256	intersectin 2	protein-coding
9.433834455907345	chr6	83124801	83125200	+	0	NA	intron (NM_023547, intron 1 of 4)	CpG	119	NM_023547	70020	Mm.27814	NM_023547	ENSMUSG00000030034	Ino80b	2510009I23Rik|HMG1YL4|Hmga1l4|Papa1|Znhit4	INO80 complex subunit B	protein-coding
5.106316018849611	chr2	121955801	121957400	+	0	NA	promoter-TSS (NM_008545)	promoter-TSS (NM_008545)	-508	NM_008545	17147	Mm.389349	NM_008545	ENSMUSG00000074881	Mageb3	Mage-b3|Mage-ps1|Mage-rs3|Smage3	melanoma antigen, family B, 3	protein-coding
1.5887469947338104	chr1	80746201	80746400	+	0	NA	intron (NM_175291, intron 1 of 55)	intron (NM_175291, intron 1 of 55)	12253	NM_175291	210293	Mm.133473	NM_175291	ENSMUSG00000038608	Dock10	9330153B10Rik|A630054M16Rik|Jr4|Jr5|R75174|ZIZ3|Zizimin3|mKIAA0694	dedicator of cytokinesis 10	protein-coding
8.756280543282628	chr18	36669601	36670400	+	0	NA	intron (NR_028355, intron 1 of 3)	intron (NR_028355, intron 1 of 3)	311	NR_028355	24068	Mm.29058	NM_025291	ENSMUSG00000006050	Sra1	AA959952|Sra|Srap|Straa1|Strra1	steroid receptor RNA activator 1	protein-coding
4.151044996530615	chr10	91169601	91172200	+	0	NA	promoter-TSS (NM_001283048)	promoter-TSS (NM_001283048)	-350	NM_001283048	21917	Mm.159684	NM_011605	ENSMUSG00000019961	Tmpo	5630400D24Rik|AI195756|AI606875|AW214352|AW547477|LAP2|TP	thymopoietin	protein-coding
2.205874384093395	chr17	3114001	3116000	+	0	NA	promoter-TSS (NM_134123)	promoter-TSS (NM_134123)	28	NM_134123	106583	Mm.124373	NM_134123	ENSMUSG00000046201	Scaf8	A630086M08Rik|A930036P18Rik|AA408306|AI447644|AI448652|AU015035|Rbm16|mKIAA1116	SR-related CTD-associated factor 8	protein-coding
9.31095752120018	chr15	99074601	99075200	+	0	NA	promoter-TSS (NM_001162506)	promoter-TSS (NM_001162506)	-73	NM_001162506	78733	Mm.124905	NM_030159	ENSMUSG00000032783	Troap	AW476063|E130301L11Rik|tastin	trophinin associated protein	protein-coding
7.075635388493538	chr5	147894201	147895200	+	0	NA	5' UTR (NM_027872, exon 1 of 6)	5' UTR (NM_027872, exon 1 of 6)	115	NM_001357002	71706	Mm.153218	NM_027872	ENSMUSG00000029650	Slc46a3	1200006F02Rik	solute carrier family 46, member 3	protein-coding
3.0892303427681327	chrX	162828201	162829800	+	0	NA	intron (NM_001290776, intron 1 of 10)	CpG	454	NM_001290776	353170	Mm.270186	NM_178935	ENSMUSG00000038344	Txlng	4932441K18Rik|Fiat|Lrp	taxilin gamma	protein-coding
0.1765274554491043	chr4	57731201	57731400	+	0	NA	intron (NM_001304544, intron 5 of 8)	intron (NM_001304544, intron 5 of 8)	-113948	NM_001035532	11641	Mm.467752	NM_009649	ENSMUSG00000038729	Akap2	AA959716|AI649048|Akap-2|Akap-kl|B230340M18Rik|Prka2	A kinase (PRKA) anchor protein 2	protein-coding
1.8794980806608994	chr8	115845401	115846600	+	0	NA	Intergenic	Intergenic	-139106	NM_001025577	17132	Mm.275549	NM_001025577	ENSMUSG00000055435	Maf	2810401A20Rik|A230108G15Rik|AW047063|c-maf	avian musculoaponeurotic fibrosarcoma oncogene homolog	protein-coding
1.576632373034954	chr7	82235401	82236600	+	0	NA	intron (NM_017400, intron 1 of 8)	MMERGLN_LTR|LTR|ERV1	61204	NM_001277955	20408	Mm.736	NM_017400	ENSMUSG00000030638	Sh3gl3	EEN-B2|SH3P13|Sh3d2c|Sh3d2c2	SH3-domain GRB2-like 3	protein-coding
7.64685875871389	chr10	34281601	34283400	+	0	NA	exon (NM_009433, exon 1 of 1)	exon (NM_009433, exon 1 of 1)	310	NM_009433	22110	Mm.20445	NM_009433	ENSMUSG00000047514	Tspyl1	Tspyl	testis-specific protein, Y-encoded-like 1	protein-coding
3.38755233881734	chr3	31093601	31096200	+	0	NA	promoter-TSS (NM_001271772)	promoter-TSS (NM_001271772)	-158	NM_001271772	20482	Mm.15406	NM_011386	ENSMUSG00000027660	Skil	Skir|SnoN|sno	SKI-like	protein-coding
3.021734523453883	chr1	127204801	127206200	+	0	NA	intron (NM_145128, intron 1 of 17)	CpG	514	NM_145128	107895	Mm.214682	NM_145128	ENSMUSG00000036155	Mgat5	4930471A21Rik|5330407H02Rik|AI480971|GlcNAc-TV	mannoside acetylglucosaminyltransferase 5	protein-coding
1.3949129357933998	chr12	81334401	81335000	+	0	NA	Intergenic	Intergenic	-1520	NM_080440	110893	Mm.443748	NM_080440	ENSMUSG00000079055	Slc8a3	AW742262|Ncx3	solute carrier family 8 (sodium/calcium exchanger), member 3	protein-coding
0.9034051671624184	chr6	122809001	122809200	+	0	NA	Intergenic	LTR67B|LTR|ERVL	-11084	NM_021899	60611	Mm.87142	NM_021899	ENSMUSG00000003154	Foxj2	Fhx	forkhead box J2	protein-coding
6.464633778231926	chr6	51467401	51471600	+	0	NA	intron (NR_104468, intron 1 of 10)	CpG	394	NR_104468	53379	Mm.155896	NM_016806	ENSMUSG00000004980	Hnrnpa2b1	9130414A06Rik|Hnrpa2|Hnrpa2b1|hnrnp-A	heterogeneous nuclear ribonucleoprotein A2/B1	protein-coding
4.108157139737159	chr10	80053201	80054800	+	0	NA	promoter-TSS (NM_001037741)	promoter-TSS (NM_001037741)	-11	NM_001037741	625249	Mm.332810	NM_008162	ENSMUSG00000075706	Gpx4	GPx-4|GSHPx-4|PHGPx|mtPHGPx|snGPx	glutathione peroxidase 4	protein-coding
2.439435735224298	chr4	147363401	147368600	+	0	NA	Intergenic	Intergenic	-77114	NM_001371348								
5.451582968235016	chr17	25727801	25728000	+	0	NA	promoter-TSS (NM_145409)	promoter-TSS (NM_145409)	183	NM_001357176	106707	Mm.24603	NM_028009	ENSMUSG00000041199	Rpusd1	2310051D06Rik|AU019540|Rlucl	RNA pseudouridylate synthase domain containing 1	protein-coding
3.3644054581721625	chr17	36122401	36123000	+	0	NA	Intergenic	RMER10A|LTR|ERVL	-1256	NR_046286	15024	Mm.426031	NM_010395	ENSMUSG00000079491	H2-T10	H-2T10	histocompatibility 2, T region locus 10	protein-coding
5.617726385593414	chr15	55217801	55218000	+	0	NA	intron (NM_001037937, intron 7 of 8)	intron (NM_001037937, intron 7 of 8)	84464	NM_001037937	97998	Mm.295397	NM_145470	ENSMUSG00000022419	Deptor	Depdc6	DEP domain containing MTOR-interacting protein	protein-coding
6.80496006210645	chr13	23437001	23437600	+	0	NA	Intergenic	Intergenic	-6283	NR_015492	320842	Mm.487476	NR_015492	ENSMUSG00000085024	C230035I16Rik	-	RIKEN cDNA C230035I16 gene	ncRNA
13.606458723545074	chr9	21927201	21927800	+	0	NA	promoter-TSS (NM_025977)	promoter-TSS (NM_025977)	29	NM_001164614	67119	Mm.154305	NM_025977	ENSMUSG00000006241	Ccdc159	2510048L02Rik	coiled-coil domain containing 159	protein-coding
4.724705213308335	chr7	116093001	116094000	+	0	NA	promoter-TSS (NR_029433)	promoter-TSS (NR_029433)	120	NM_019772	56372	Mm.24231	NM_019772	ENSMUSG00000030663	1110004F10Rik	Smacp|Smap|sid2057|sid2057p	RIKEN cDNA 1110004F10 gene	protein-coding
2.8120532586012907-2	chr12	3308201	3310400	+	0	NA	exon (NM_016676, exon 1 of 6)	exon (NM_016676, exon 1 of 6)	669	NM_016676	19325	Mm.378993	NM_016676	ENSMUSG00000020671	Rab10	AW107754	RAB10, member RAS oncogene family	protein-coding
0.2959430664777756	chr18	69343201	69343600	+	0	NA	Intergenic	Intergenic	-1092	NM_013685	21413	Mm.4269	NM_013685	ENSMUSG00000053477	Tcf4	5730422P05Rik|ASP-I2|E2-2|E2.2|ITF-2|ITF-2b|ITF2|ME2|MITF-2A|MITF-2B|SEF-2|SEF2|SEF2-1|TFE|Tcf-4|bHLHb19	transcription factor 4	protein-coding
4.241109018347093	chr19	47067401	47068800	+	0	NA	exon (NM_177342, exon 1 of 11)	exon (NM_177342, exon 1 of 11)	352	NM_177342	226182	Mm.301522	NM_177342	ENSMUSG00000025049	Taf5	6330528C20Rik|AV117817	TATA-box binding protein associated factor 5	protein-coding
2.6162743120709573	chr5	33018201	33020000	+	0	NA	exon (NM_011738, exon 1 of 2)	exon (NM_011738, exon 1 of 2)	284	NM_011738	22629	Mm.332314	NM_011738	ENSMUSG00000018965	Ywhah	-	tyrosine 3-monooxygenase/tryptophan 5-monooxygenase activation protein, eta polypeptide	protein-coding
1.227904126048088	chr12	112498601	112499400	+	0	NA	3' UTR (NM_177039, exon 5 of 5)	3' UTR (NM_177039, exon 5 of 5)	9552	NM_177039	319942	Mm.185209	NM_177039	ENSMUSG00000043122	A530016L24Rik	Nrac	RIKEN cDNA A530016L24 gene	protein-coding
3.68630850315094	chr19	55714201	55714400	+	0	NA	Intergenic	Intergenic	-12096	NR_045318	77594	Mm.329924	NR_045318	ENSMUSG00000097632	4930552P12Rik	-	RIKEN cDNA 4930552P12 gene	ncRNA
3.5132423639297485	chr5	90652601	90653200	+	0	NA	Intergenic	Intergenic	-12373	NM_001310656	73246	Mm.30172	NM_028478	ENSMUSG00000029370	Rassf6	1600016B17Rik	Ras association (RalGDS/AF-6) domain family member 6	protein-coding
2.5544559756914773	chr2	84800601	84801200	+	0	NA	intron (NM_019949, intron 1 of 3)	B3|SINE|B2	2072	NM_019949	56791	Mm.38261	NM_019949	ENSMUSG00000027078	Ube2l6	2810489I21Rik|RIG-B|UBCH8|Ubce8|Ubcm8	ubiquitin-conjugating enzyme E2L 6	protein-coding
3.609726714901626	chr2	52423801	52425400	+	0	NA	exon (NM_182994, exon 1 of 6)	exon (NM_182994, exon 1 of 6)	274	NM_182994	75423	Mm.314378	NM_182994	ENSMUSG00000036093	Arl5a	2410015N24Rik|2810410P22Rik|AA408731|AW610751|Arl5|T25534	ADP-ribosylation factor-like 5A	protein-coding
1.6870000844748463	chr7	24236001	24238200	+	0	NA	5' UTR (NM_020262, exon 1 of 4)	5' UTR (NM_020262, exon 1 of 4)	498	NM_020262	56869	Mm.103751	NM_020262	ENSMUSG00000074283	Zfp109	-	zinc finger protein 109	protein-coding
2.2585129253566265	chr10	17656601	17657400	+	0	NA	Intergenic	Intergenic	-66228	NM_010828	17684	Mm.272321	NM_010828	ENSMUSG00000039910	Cited2	AI835299|ER154-like|Mrg1|Msg2|p35srj	Cbp/p300-interacting transactivator, with Glu/Asp-rich carboxy-terminal domain, 2	protein-coding
1.5212511997669935	chr15	83209801	83210600	+	0	NA	Intergenic	Intergenic	-38017	NM_029787	109754	Mm.22560	NM_029787	ENSMUSG00000018042	Cyb5r3	0610016L08Rik|2500002N19Rik|B5R|C85115|Dia-1|Dia1|WU:Cyb5r3	cytochrome b5 reductase 3	protein-coding
1.528037167535651	chr5	37900601	37902400	+	0	NA	Intergenic	Intergenic	7728	NR_153822	102637176	Mm.332343	NR_153822		Gm20052	Gm34055	predicted gene, 20052	ncRNA
1.8068103045225143	chr6	39275601	39276600	+	0	NA	Intergenic	ID_B1|SINE|B4	-69327	NM_001033430	338523	Mm.293175	NM_001033430	ENSMUSG00000042599	Kdm7a	A630082K20Rik|BB041802|Jhdm1d|mKIAA1718	lysine (K)-specific demethylase 7A	protein-coding
8.128050561994314	chr13	33964601	33965400	+	0	NA	intron (NM_001163239, intron 1 of 5)	intron (NM_001163239, intron 1 of 5)	341	NM_020282	18105	Mm.264036	NM_020282	ENSMUSG00000046949	Nqo2	NMO2|Nmor2|Ox2	N-ribosyldihydronicotinamide quinone reductase 2	protein-coding
6.31864421069622	chr19	5877801	5878200	+	0	NA	5' UTR (NM_134154, exon 1 of 6)	5' UTR (NM_134154, exon 1 of 6)	178	NM_001361973	107375	Mm.5323	NM_134154	ENSMUSG00000024818	Slc25a45	AW491445	solute carrier family 25, member 45	protein-coding
1.6614347733557224	chr7	98693801	98694000	+	0	NA	non-coding (NR_144495, exon 1 of 1)	non-coding (NR_144495, exon 1 of 1)	9028	NR_144495	100040769	Mm.126401	NR_144495		Gm15506	-	predicted gene 15506	ncRNA
8.238380182534456	chr10	75516801	75518400	+	0	NA	promoter-TSS (NM_026095)	promoter-TSS (NM_026095)	-219	NM_175133	68778	Mm.29382	NM_175133	ENSMUSG00000033416	Gucd1	1110038D17Rik	guanylyl cyclase domain containing 1	protein-coding
4.148395039141178	chr13	41381401	41381800	+	0	NA	intron (NM_001111324, intron 2 of 7)	intron (NM_001111324, intron 2 of 7)	-22599	NM_017464	18003	Mm.288980	NM_017464	ENSMUSG00000021365	Nedd9	Cas-L|CasL|HEF1|MEF1|Nedd-9|p105	neural precursor cell expressed, developmentally down-regulated gene 9	protein-coding
1.2737666467825572	chr8	119418601	119419200	+	0	NA	Intergenic	Intergenic	-18247	NM_027950	71839	Mm.272357	NM_027950	ENSMUSG00000074063	Osgin1	1700012B18Rik|Okl38	oxidative stress induced growth inhibitor 1	protein-coding
0.9864768832921982	chr15	97827801	97828000	+	0	NA	intron (NM_001204276, intron 1 of 25)	(GAAA)n|Simple_repeat|Simple_repeat	3867	NM_019572	56233	Mm.384027	NM_019572	ENSMUSG00000022475	Hdac7	5830434K02Rik|HD7|HD7a|Hdac7a|mFLJ00062	histone deacetylase 7	protein-coding
1.8171942780415218	chr16	91536201	91536800	+	0	NA	Intergenic	ORR1A2|LTR|ERVL-MaLR	-8956	NR_105786	102465190		NR_105786	ENSMUSG00000099308	Mir6367	Gm27467|mmu-mir-6367	microRNA 6367	ncRNA
0.970900934189558	chr12	118003001	118003400	+	0	NA	intron (NM_010060, intron 54 of 81)	intron (NM_010060, intron 54 of 81)	159339	NM_146040	217946	Mm.281149	NM_146040	ENSMUSG00000021175	Cdca7l	BC006933|JPO2	cell division cycle associated 7 like	protein-coding
7.144169509410858	chr11	75455401	75455600	+	0	NA	promoter-TSS (NM_138950)	promoter-TSS (NM_138950)	-783	NM_138950	192652	Mm.340378	NM_138950	ENSMUSG00000045374	Wdr81	BC054822|Gm883|mFLJ00182|nur5	WD repeat domain 81	protein-coding
1.4641393745938938	chr7	92667601	92668200	+	0	NA	intron (NM_029078, intron 1 of 15)	intron (NM_029078, intron 1 of 15)	2012	NM_029078	74737	Mm.288645	NM_029078	ENSMUSG00000041328	Pcf11	2500001H09Rik|5730417B17Rik|C77803	PCF11 cleavage and polyadenylation factor subunit	protein-coding
0.9466716796159744	chr11	94261401	94262600	+	0	NA	Intergenic	Intergenic	-19421	NM_181819	278507	Mm.342216	NM_181819	ENSMUSG00000044177	Wfikkn2	2610304F08Rik|AY100450|Gasp1|WFIKKNRP	WAP, follistatin/kazal, immunoglobulin, kunitz and netrin domain containing 2	protein-coding
0.3738228417932987	chr9	20878001	20878600	+	0	NA	exon (NM_145154, exon 2 of 6)	exon (NM_145154, exon 2 of 6)	1410	NM_145154	70726	Mm.34019	NM_145154	ENSMUSG00000038742	Angptl6	6330404E11Rik|AGF|ARP3|Arp5	angiopoietin-like 6	protein-coding
8.151414539664984	chr7	12921801	12922800	+	0	NA	promoter-TSS (NM_009095)	promoter-TSS (NM_009095)	-11	NM_009095	20103	Mm.5291	NM_009095	ENSMUSG00000012848	Rps5	AA617411	ribosomal protein S5	protein-coding
2.492152159412702	chr4	46867801	46869000	+	0	NA	intron (NM_001081141, intron 2 of 18)	intron (NM_001081141, intron 2 of 18)	123314	NM_001081141	242425	Mm.101909	NM_001081141	ENSMUSG00000039809	Gabbr2	GABABR2|Gb2|Gm425|Gpr51	gamma-aminobutyric acid (GABA) B receptor, 2	protein-coding
2.107945388555527	chr7	16273201	16274200	+	0	NA	promoter-TSS (NM_001136270)	promoter-TSS (NM_001136270)	-8	NM_001136270	66300	Mm.218698	NM_001136270	ENSMUSG00000091811	Inafm1	2610014I16Rik|Prr24	InaF motif containing 1	protein-coding
11.515819728374481	chr1	7090001	7090200	+	0	NA	intron (NM_183028, intron 1 of 5)	intron (NM_183028, intron 1 of 5)	1180	NM_183028	319263	Mm.21539	NM_183028	ENSMUSG00000051285	Pcmtd1	8430411F12Rik|A030012M09Rik	protein-L-isoaspartate (D-aspartate) O-methyltransferase domain containing 1	protein-coding
2.258512943983078	chr12	73903001	73903400	+	0	NA	intron (NM_001313920, intron 1 of 14)	intron (NM_001313920, intron 1 of 14)	1876	NM_001313920	15251	Mm.3879	NM_010431	ENSMUSG00000021109	Hif1a	AA959795|HIF-1-alpha|HIF1-alpha|HIF1alpha|MOP1|bHLHe78	hypoxia inducible factor 1, alpha subunit	protein-coding
